artifact_path,error,file_size,run_id,run_name,status
shift_validation/c_epoch_0_step_500.csv,'/mnt/filesystem-test/nmr/results/ablation/rich_ablation_posttrain/runs/rich-ablation-posttrain-full/artifacts/shift_validation/c_epoch_0_step_500.csv' is not in the subpath of 'results/ablation/rich_ablation_posttrain/runs/rich-ablation-posttrain-full' OR one path is relative and the other is absolute.,1031,608461ea19c746b4a1dc098d5eff32d8,rich-ablation-posttrain-full,already_present
shift_validation/c_epoch_10_step_5495.csv,'/mnt/filesystem-test/nmr/results/ablation/rich_ablation_posttrain/runs/rich-ablation-posttrain-full/artifacts/shift_validation/c_epoch_10_step_5495.csv' is not in the subpath of 'results/ablation/rich_ablation_posttrain/runs/rich-ablation-posttrain-full' OR one path is relative and the other is absolute.,1031,608461ea19c746b4a1dc098d5eff32d8,rich-ablation-posttrain-full,already_present
shift_validation/c_epoch_11_step_5994.csv,'/mnt/filesystem-test/nmr/results/ablation/rich_ablation_posttrain/runs/rich-ablation-posttrain-full/artifacts/shift_validation/c_epoch_11_step_5994.csv' is not in the subpath of 'results/ablation/rich_ablation_posttrain/runs/rich-ablation-posttrain-full' OR one path is relative and the other is absolute.,1036,608461ea19c746b4a1dc098d5eff32d8,rich-ablation-posttrain-full,already_present
shift_validation/c_epoch_12_step_6494.csv,'/mnt/filesystem-test/nmr/results/ablation/rich_ablation_posttrain/runs/rich-ablation-posttrain-full/artifacts/shift_validation/c_epoch_12_step_6494.csv' is not in the subpath of 'results/ablation/rich_ablation_posttrain/runs/rich-ablation-posttrain-full' OR one path is relative and the other is absolute.,1038,608461ea19c746b4a1dc098d5eff32d8,rich-ablation-posttrain-full,already_present
shift_validation/c_epoch_13_step_6993.csv,'/mnt/filesystem-test/nmr/results/ablation/rich_ablation_posttrain/runs/rich-ablation-posttrain-full/artifacts/shift_validation/c_epoch_13_step_6993.csv' is not in the subpath of 'results/ablation/rich_ablation_posttrain/runs/rich-ablation-posttrain-full' OR one path is relative and the other is absolute.,1026,608461ea19c746b4a1dc098d5eff32d8,rich-ablation-posttrain-full,already_present
shift_validation/c_epoch_14_step_7493.csv,'/mnt/filesystem-test/nmr/results/ablation/rich_ablation_posttrain/runs/rich-ablation-posttrain-full/artifacts/shift_validation/c_epoch_14_step_7493.csv' is not in the subpath of 'results/ablation/rich_ablation_posttrain/runs/rich-ablation-posttrain-full' OR one path is relative and the other is absolute.,1035,608461ea19c746b4a1dc098d5eff32d8,rich-ablation-posttrain-full,already_present
shift_validation/c_epoch_15_step_7992.csv,'/mnt/filesystem-test/nmr/results/ablation/rich_ablation_posttrain/runs/rich-ablation-posttrain-full/artifacts/shift_validation/c_epoch_15_step_7992.csv' is not in the subpath of 'results/ablation/rich_ablation_posttrain/runs/rich-ablation-posttrain-full' OR one path is relative and the other is absolute.,1037,608461ea19c746b4a1dc098d5eff32d8,rich-ablation-posttrain-full,already_present
shift_validation/c_epoch_16_step_8492.csv,'/mnt/filesystem-test/nmr/results/ablation/rich_ablation_posttrain/runs/rich-ablation-posttrain-full/artifacts/shift_validation/c_epoch_16_step_8492.csv' is not in the subpath of 'results/ablation/rich_ablation_posttrain/runs/rich-ablation-posttrain-full' OR one path is relative and the other is absolute.,1031,608461ea19c746b4a1dc098d5eff32d8,rich-ablation-posttrain-full,already_present
shift_validation/c_epoch_17_step_8991.csv,'/mnt/filesystem-test/nmr/results/ablation/rich_ablation_posttrain/runs/rich-ablation-posttrain-full/artifacts/shift_validation/c_epoch_17_step_8991.csv' is not in the subpath of 'results/ablation/rich_ablation_posttrain/runs/rich-ablation-posttrain-full' OR one path is relative and the other is absolute.,1030,608461ea19c746b4a1dc098d5eff32d8,rich-ablation-posttrain-full,already_present
shift_validation/c_epoch_18_step_9491.csv,'/mnt/filesystem-test/nmr/results/ablation/rich_ablation_posttrain/runs/rich-ablation-posttrain-full/artifacts/shift_validation/c_epoch_18_step_9491.csv' is not in the subpath of 'results/ablation/rich_ablation_posttrain/runs/rich-ablation-posttrain-full' OR one path is relative and the other is absolute.,1037,608461ea19c746b4a1dc098d5eff32d8,rich-ablation-posttrain-full,already_present
shift_validation/c_epoch_19_step_9990.csv,'/mnt/filesystem-test/nmr/results/ablation/rich_ablation_posttrain/runs/rich-ablation-posttrain-full/artifacts/shift_validation/c_epoch_19_step_9990.csv' is not in the subpath of 'results/ablation/rich_ablation_posttrain/runs/rich-ablation-posttrain-full' OR one path is relative and the other is absolute.,1036,608461ea19c746b4a1dc098d5eff32d8,rich-ablation-posttrain-full,already_present
shift_validation/c_epoch_1_step_999.csv,'/mnt/filesystem-test/nmr/results/ablation/rich_ablation_posttrain/runs/rich-ablation-posttrain-full/artifacts/shift_validation/c_epoch_1_step_999.csv' is not in the subpath of 'results/ablation/rich_ablation_posttrain/runs/rich-ablation-posttrain-full' OR one path is relative and the other is absolute.,1042,608461ea19c746b4a1dc098d5eff32d8,rich-ablation-posttrain-full,already_present
shift_validation/c_epoch_20_step_10490.csv,'/mnt/filesystem-test/nmr/results/ablation/rich_ablation_posttrain/runs/rich-ablation-posttrain-full/artifacts/shift_validation/c_epoch_20_step_10490.csv' is not in the subpath of 'results/ablation/rich_ablation_posttrain/runs/rich-ablation-posttrain-full' OR one path is relative and the other is absolute.,1039,608461ea19c746b4a1dc098d5eff32d8,rich-ablation-posttrain-full,already_present
shift_validation/c_epoch_21_step_10989.csv,'/mnt/filesystem-test/nmr/results/ablation/rich_ablation_posttrain/runs/rich-ablation-posttrain-full/artifacts/shift_validation/c_epoch_21_step_10989.csv' is not in the subpath of 'results/ablation/rich_ablation_posttrain/runs/rich-ablation-posttrain-full' OR one path is relative and the other is absolute.,1036,608461ea19c746b4a1dc098d5eff32d8,rich-ablation-posttrain-full,already_present
shift_validation/c_epoch_22_step_11489.csv,'/mnt/filesystem-test/nmr/results/ablation/rich_ablation_posttrain/runs/rich-ablation-posttrain-full/artifacts/shift_validation/c_epoch_22_step_11489.csv' is not in the subpath of 'results/ablation/rich_ablation_posttrain/runs/rich-ablation-posttrain-full' OR one path is relative and the other is absolute.,1031,608461ea19c746b4a1dc098d5eff32d8,rich-ablation-posttrain-full,already_present
shift_validation/c_epoch_23_step_11988.csv,'/mnt/filesystem-test/nmr/results/ablation/rich_ablation_posttrain/runs/rich-ablation-posttrain-full/artifacts/shift_validation/c_epoch_23_step_11988.csv' is not in the subpath of 'results/ablation/rich_ablation_posttrain/runs/rich-ablation-posttrain-full' OR one path is relative and the other is absolute.,1034,608461ea19c746b4a1dc098d5eff32d8,rich-ablation-posttrain-full,already_present
shift_validation/c_epoch_24_step_12488.csv,'/mnt/filesystem-test/nmr/results/ablation/rich_ablation_posttrain/runs/rich-ablation-posttrain-full/artifacts/shift_validation/c_epoch_24_step_12488.csv' is not in the subpath of 'results/ablation/rich_ablation_posttrain/runs/rich-ablation-posttrain-full' OR one path is relative and the other is absolute.,1034,608461ea19c746b4a1dc098d5eff32d8,rich-ablation-posttrain-full,already_present
shift_validation/c_epoch_25_step_12987.csv,'/mnt/filesystem-test/nmr/results/ablation/rich_ablation_posttrain/runs/rich-ablation-posttrain-full/artifacts/shift_validation/c_epoch_25_step_12987.csv' is not in the subpath of 'results/ablation/rich_ablation_posttrain/runs/rich-ablation-posttrain-full' OR one path is relative and the other is absolute.,1037,608461ea19c746b4a1dc098d5eff32d8,rich-ablation-posttrain-full,already_present
shift_validation/c_epoch_26_step_13487.csv,'/mnt/filesystem-test/nmr/results/ablation/rich_ablation_posttrain/runs/rich-ablation-posttrain-full/artifacts/shift_validation/c_epoch_26_step_13487.csv' is not in the subpath of 'results/ablation/rich_ablation_posttrain/runs/rich-ablation-posttrain-full' OR one path is relative and the other is absolute.,1034,608461ea19c746b4a1dc098d5eff32d8,rich-ablation-posttrain-full,already_present
shift_validation/c_epoch_27_step_13986.csv,'/mnt/filesystem-test/nmr/results/ablation/rich_ablation_posttrain/runs/rich-ablation-posttrain-full/artifacts/shift_validation/c_epoch_27_step_13986.csv' is not in the subpath of 'results/ablation/rich_ablation_posttrain/runs/rich-ablation-posttrain-full' OR one path is relative and the other is absolute.,1035,608461ea19c746b4a1dc098d5eff32d8,rich-ablation-posttrain-full,already_present
shift_validation/c_epoch_28_step_14486.csv,'/mnt/filesystem-test/nmr/results/ablation/rich_ablation_posttrain/runs/rich-ablation-posttrain-full/artifacts/shift_validation/c_epoch_28_step_14486.csv' is not in the subpath of 'results/ablation/rich_ablation_posttrain/runs/rich-ablation-posttrain-full' OR one path is relative and the other is absolute.,1038,608461ea19c746b4a1dc098d5eff32d8,rich-ablation-posttrain-full,already_present
shift_validation/c_epoch_29_step_14985.csv,'/mnt/filesystem-test/nmr/results/ablation/rich_ablation_posttrain/runs/rich-ablation-posttrain-full/artifacts/shift_validation/c_epoch_29_step_14985.csv' is not in the subpath of 'results/ablation/rich_ablation_posttrain/runs/rich-ablation-posttrain-full' OR one path is relative and the other is absolute.,1026,608461ea19c746b4a1dc098d5eff32d8,rich-ablation-posttrain-full,already_present
shift_validation/c_epoch_2_step_1499.csv,'/mnt/filesystem-test/nmr/results/ablation/rich_ablation_posttrain/runs/rich-ablation-posttrain-full/artifacts/shift_validation/c_epoch_2_step_1499.csv' is not in the subpath of 'results/ablation/rich_ablation_posttrain/runs/rich-ablation-posttrain-full' OR one path is relative and the other is absolute.,1039,608461ea19c746b4a1dc098d5eff32d8,rich-ablation-posttrain-full,already_present
shift_validation/c_epoch_3_step_1998.csv,'/mnt/filesystem-test/nmr/results/ablation/rich_ablation_posttrain/runs/rich-ablation-posttrain-full/artifacts/shift_validation/c_epoch_3_step_1998.csv' is not in the subpath of 'results/ablation/rich_ablation_posttrain/runs/rich-ablation-posttrain-full' OR one path is relative and the other is absolute.,1039,608461ea19c746b4a1dc098d5eff32d8,rich-ablation-posttrain-full,already_present
shift_validation/c_epoch_4_step_2498.csv,'/mnt/filesystem-test/nmr/results/ablation/rich_ablation_posttrain/runs/rich-ablation-posttrain-full/artifacts/shift_validation/c_epoch_4_step_2498.csv' is not in the subpath of 'results/ablation/rich_ablation_posttrain/runs/rich-ablation-posttrain-full' OR one path is relative and the other is absolute.,1036,608461ea19c746b4a1dc098d5eff32d8,rich-ablation-posttrain-full,already_present
shift_validation/c_epoch_5_step_2997.csv,'/mnt/filesystem-test/nmr/results/ablation/rich_ablation_posttrain/runs/rich-ablation-posttrain-full/artifacts/shift_validation/c_epoch_5_step_2997.csv' is not in the subpath of 'results/ablation/rich_ablation_posttrain/runs/rich-ablation-posttrain-full' OR one path is relative and the other is absolute.,1034,608461ea19c746b4a1dc098d5eff32d8,rich-ablation-posttrain-full,already_present
shift_validation/c_epoch_6_step_3497.csv,'/mnt/filesystem-test/nmr/results/ablation/rich_ablation_posttrain/runs/rich-ablation-posttrain-full/artifacts/shift_validation/c_epoch_6_step_3497.csv' is not in the subpath of 'results/ablation/rich_ablation_posttrain/runs/rich-ablation-posttrain-full' OR one path is relative and the other is absolute.,1039,608461ea19c746b4a1dc098d5eff32d8,rich-ablation-posttrain-full,already_present
shift_validation/c_epoch_7_step_3996.csv,'/mnt/filesystem-test/nmr/results/ablation/rich_ablation_posttrain/runs/rich-ablation-posttrain-full/artifacts/shift_validation/c_epoch_7_step_3996.csv' is not in the subpath of 'results/ablation/rich_ablation_posttrain/runs/rich-ablation-posttrain-full' OR one path is relative and the other is absolute.,1034,608461ea19c746b4a1dc098d5eff32d8,rich-ablation-posttrain-full,already_present
shift_validation/c_epoch_8_step_4496.csv,'/mnt/filesystem-test/nmr/results/ablation/rich_ablation_posttrain/runs/rich-ablation-posttrain-full/artifacts/shift_validation/c_epoch_8_step_4496.csv' is not in the subpath of 'results/ablation/rich_ablation_posttrain/runs/rich-ablation-posttrain-full' OR one path is relative and the other is absolute.,1035,608461ea19c746b4a1dc098d5eff32d8,rich-ablation-posttrain-full,already_present
shift_validation/c_epoch_9_step_4995.csv,'/mnt/filesystem-test/nmr/results/ablation/rich_ablation_posttrain/runs/rich-ablation-posttrain-full/artifacts/shift_validation/c_epoch_9_step_4995.csv' is not in the subpath of 'results/ablation/rich_ablation_posttrain/runs/rich-ablation-posttrain-full' OR one path is relative and the other is absolute.,1034,608461ea19c746b4a1dc098d5eff32d8,rich-ablation-posttrain-full,already_present
shift_validation/h_epoch_0_step_500.csv,'/mnt/filesystem-test/nmr/results/ablation/rich_ablation_posttrain/runs/rich-ablation-posttrain-full/artifacts/shift_validation/h_epoch_0_step_500.csv' is not in the subpath of 'results/ablation/rich_ablation_posttrain/runs/rich-ablation-posttrain-full' OR one path is relative and the other is absolute.,1016,608461ea19c746b4a1dc098d5eff32d8,rich-ablation-posttrain-full,already_present
shift_validation/h_epoch_10_step_5495.csv,'/mnt/filesystem-test/nmr/results/ablation/rich_ablation_posttrain/runs/rich-ablation-posttrain-full/artifacts/shift_validation/h_epoch_10_step_5495.csv' is not in the subpath of 'results/ablation/rich_ablation_posttrain/runs/rich-ablation-posttrain-full' OR one path is relative and the other is absolute.,1013,608461ea19c746b4a1dc098d5eff32d8,rich-ablation-posttrain-full,already_present
shift_validation/h_epoch_11_step_5994.csv,'/mnt/filesystem-test/nmr/results/ablation/rich_ablation_posttrain/runs/rich-ablation-posttrain-full/artifacts/shift_validation/h_epoch_11_step_5994.csv' is not in the subpath of 'results/ablation/rich_ablation_posttrain/runs/rich-ablation-posttrain-full' OR one path is relative and the other is absolute.,1007,608461ea19c746b4a1dc098d5eff32d8,rich-ablation-posttrain-full,already_present
shift_validation/h_epoch_12_step_6494.csv,'/mnt/filesystem-test/nmr/results/ablation/rich_ablation_posttrain/runs/rich-ablation-posttrain-full/artifacts/shift_validation/h_epoch_12_step_6494.csv' is not in the subpath of 'results/ablation/rich_ablation_posttrain/runs/rich-ablation-posttrain-full' OR one path is relative and the other is absolute.,1011,608461ea19c746b4a1dc098d5eff32d8,rich-ablation-posttrain-full,already_present
shift_validation/h_epoch_13_step_6993.csv,'/mnt/filesystem-test/nmr/results/ablation/rich_ablation_posttrain/runs/rich-ablation-posttrain-full/artifacts/shift_validation/h_epoch_13_step_6993.csv' is not in the subpath of 'results/ablation/rich_ablation_posttrain/runs/rich-ablation-posttrain-full' OR one path is relative and the other is absolute.,1008,608461ea19c746b4a1dc098d5eff32d8,rich-ablation-posttrain-full,already_present
shift_validation/h_epoch_14_step_7493.csv,'/mnt/filesystem-test/nmr/results/ablation/rich_ablation_posttrain/runs/rich-ablation-posttrain-full/artifacts/shift_validation/h_epoch_14_step_7493.csv' is not in the subpath of 'results/ablation/rich_ablation_posttrain/runs/rich-ablation-posttrain-full' OR one path is relative and the other is absolute.,1012,608461ea19c746b4a1dc098d5eff32d8,rich-ablation-posttrain-full,already_present
shift_validation/h_epoch_15_step_7992.csv,'/mnt/filesystem-test/nmr/results/ablation/rich_ablation_posttrain/runs/rich-ablation-posttrain-full/artifacts/shift_validation/h_epoch_15_step_7992.csv' is not in the subpath of 'results/ablation/rich_ablation_posttrain/runs/rich-ablation-posttrain-full' OR one path is relative and the other is absolute.,1010,608461ea19c746b4a1dc098d5eff32d8,rich-ablation-posttrain-full,already_present
shift_validation/h_epoch_16_step_8492.csv,'/mnt/filesystem-test/nmr/results/ablation/rich_ablation_posttrain/runs/rich-ablation-posttrain-full/artifacts/shift_validation/h_epoch_16_step_8492.csv' is not in the subpath of 'results/ablation/rich_ablation_posttrain/runs/rich-ablation-posttrain-full' OR one path is relative and the other is absolute.,1013,608461ea19c746b4a1dc098d5eff32d8,rich-ablation-posttrain-full,already_present
shift_validation/h_epoch_17_step_8991.csv,'/mnt/filesystem-test/nmr/results/ablation/rich_ablation_posttrain/runs/rich-ablation-posttrain-full/artifacts/shift_validation/h_epoch_17_step_8991.csv' is not in the subpath of 'results/ablation/rich_ablation_posttrain/runs/rich-ablation-posttrain-full' OR one path is relative and the other is absolute.,1013,608461ea19c746b4a1dc098d5eff32d8,rich-ablation-posttrain-full,already_present
shift_validation/h_epoch_18_step_9491.csv,'/mnt/filesystem-test/nmr/results/ablation/rich_ablation_posttrain/runs/rich-ablation-posttrain-full/artifacts/shift_validation/h_epoch_18_step_9491.csv' is not in the subpath of 'results/ablation/rich_ablation_posttrain/runs/rich-ablation-posttrain-full' OR one path is relative and the other is absolute.,1014,608461ea19c746b4a1dc098d5eff32d8,rich-ablation-posttrain-full,already_present
shift_validation/h_epoch_19_step_9990.csv,'/mnt/filesystem-test/nmr/results/ablation/rich_ablation_posttrain/runs/rich-ablation-posttrain-full/artifacts/shift_validation/h_epoch_19_step_9990.csv' is not in the subpath of 'results/ablation/rich_ablation_posttrain/runs/rich-ablation-posttrain-full' OR one path is relative and the other is absolute.,1010,608461ea19c746b4a1dc098d5eff32d8,rich-ablation-posttrain-full,already_present
shift_validation/h_epoch_1_step_999.csv,'/mnt/filesystem-test/nmr/results/ablation/rich_ablation_posttrain/runs/rich-ablation-posttrain-full/artifacts/shift_validation/h_epoch_1_step_999.csv' is not in the subpath of 'results/ablation/rich_ablation_posttrain/runs/rich-ablation-posttrain-full' OR one path is relative and the other is absolute.,1014,608461ea19c746b4a1dc098d5eff32d8,rich-ablation-posttrain-full,already_present
shift_validation/h_epoch_20_step_10490.csv,'/mnt/filesystem-test/nmr/results/ablation/rich_ablation_posttrain/runs/rich-ablation-posttrain-full/artifacts/shift_validation/h_epoch_20_step_10490.csv' is not in the subpath of 'results/ablation/rich_ablation_posttrain/runs/rich-ablation-posttrain-full' OR one path is relative and the other is absolute.,1011,608461ea19c746b4a1dc098d5eff32d8,rich-ablation-posttrain-full,already_present
shift_validation/h_epoch_21_step_10989.csv,'/mnt/filesystem-test/nmr/results/ablation/rich_ablation_posttrain/runs/rich-ablation-posttrain-full/artifacts/shift_validation/h_epoch_21_step_10989.csv' is not in the subpath of 'results/ablation/rich_ablation_posttrain/runs/rich-ablation-posttrain-full' OR one path is relative and the other is absolute.,1007,608461ea19c746b4a1dc098d5eff32d8,rich-ablation-posttrain-full,already_present
shift_validation/h_epoch_22_step_11489.csv,'/mnt/filesystem-test/nmr/results/ablation/rich_ablation_posttrain/runs/rich-ablation-posttrain-full/artifacts/shift_validation/h_epoch_22_step_11489.csv' is not in the subpath of 'results/ablation/rich_ablation_posttrain/runs/rich-ablation-posttrain-full' OR one path is relative and the other is absolute.,1010,608461ea19c746b4a1dc098d5eff32d8,rich-ablation-posttrain-full,already_present
shift_validation/h_epoch_23_step_11988.csv,'/mnt/filesystem-test/nmr/results/ablation/rich_ablation_posttrain/runs/rich-ablation-posttrain-full/artifacts/shift_validation/h_epoch_23_step_11988.csv' is not in the subpath of 'results/ablation/rich_ablation_posttrain/runs/rich-ablation-posttrain-full' OR one path is relative and the other is absolute.,1007,608461ea19c746b4a1dc098d5eff32d8,rich-ablation-posttrain-full,already_present
shift_validation/h_epoch_24_step_12488.csv,'/mnt/filesystem-test/nmr/results/ablation/rich_ablation_posttrain/runs/rich-ablation-posttrain-full/artifacts/shift_validation/h_epoch_24_step_12488.csv' is not in the subpath of 'results/ablation/rich_ablation_posttrain/runs/rich-ablation-posttrain-full' OR one path is relative and the other is absolute.,1012,608461ea19c746b4a1dc098d5eff32d8,rich-ablation-posttrain-full,already_present
shift_validation/h_epoch_25_step_12987.csv,'/mnt/filesystem-test/nmr/results/ablation/rich_ablation_posttrain/runs/rich-ablation-posttrain-full/artifacts/shift_validation/h_epoch_25_step_12987.csv' is not in the subpath of 'results/ablation/rich_ablation_posttrain/runs/rich-ablation-posttrain-full' OR one path is relative and the other is absolute.,1013,608461ea19c746b4a1dc098d5eff32d8,rich-ablation-posttrain-full,already_present
shift_validation/h_epoch_26_step_13487.csv,'/mnt/filesystem-test/nmr/results/ablation/rich_ablation_posttrain/runs/rich-ablation-posttrain-full/artifacts/shift_validation/h_epoch_26_step_13487.csv' is not in the subpath of 'results/ablation/rich_ablation_posttrain/runs/rich-ablation-posttrain-full' OR one path is relative and the other is absolute.,1013,608461ea19c746b4a1dc098d5eff32d8,rich-ablation-posttrain-full,already_present
shift_validation/h_epoch_27_step_13986.csv,'/mnt/filesystem-test/nmr/results/ablation/rich_ablation_posttrain/runs/rich-ablation-posttrain-full/artifacts/shift_validation/h_epoch_27_step_13986.csv' is not in the subpath of 'results/ablation/rich_ablation_posttrain/runs/rich-ablation-posttrain-full' OR one path is relative and the other is absolute.,1015,608461ea19c746b4a1dc098d5eff32d8,rich-ablation-posttrain-full,already_present
shift_validation/h_epoch_28_step_14486.csv,'/mnt/filesystem-test/nmr/results/ablation/rich_ablation_posttrain/runs/rich-ablation-posttrain-full/artifacts/shift_validation/h_epoch_28_step_14486.csv' is not in the subpath of 'results/ablation/rich_ablation_posttrain/runs/rich-ablation-posttrain-full' OR one path is relative and the other is absolute.,1012,608461ea19c746b4a1dc098d5eff32d8,rich-ablation-posttrain-full,already_present
shift_validation/h_epoch_29_step_14985.csv,'/mnt/filesystem-test/nmr/results/ablation/rich_ablation_posttrain/runs/rich-ablation-posttrain-full/artifacts/shift_validation/h_epoch_29_step_14985.csv' is not in the subpath of 'results/ablation/rich_ablation_posttrain/runs/rich-ablation-posttrain-full' OR one path is relative and the other is absolute.,1015,608461ea19c746b4a1dc098d5eff32d8,rich-ablation-posttrain-full,already_present
shift_validation/h_epoch_2_step_1499.csv,'/mnt/filesystem-test/nmr/results/ablation/rich_ablation_posttrain/runs/rich-ablation-posttrain-full/artifacts/shift_validation/h_epoch_2_step_1499.csv' is not in the subpath of 'results/ablation/rich_ablation_posttrain/runs/rich-ablation-posttrain-full' OR one path is relative and the other is absolute.,1007,608461ea19c746b4a1dc098d5eff32d8,rich-ablation-posttrain-full,already_present
shift_validation/h_epoch_3_step_1998.csv,'/mnt/filesystem-test/nmr/results/ablation/rich_ablation_posttrain/runs/rich-ablation-posttrain-full/artifacts/shift_validation/h_epoch_3_step_1998.csv' is not in the subpath of 'results/ablation/rich_ablation_posttrain/runs/rich-ablation-posttrain-full' OR one path is relative and the other is absolute.,1011,608461ea19c746b4a1dc098d5eff32d8,rich-ablation-posttrain-full,already_present
shift_validation/h_epoch_4_step_2498.csv,'/mnt/filesystem-test/nmr/results/ablation/rich_ablation_posttrain/runs/rich-ablation-posttrain-full/artifacts/shift_validation/h_epoch_4_step_2498.csv' is not in the subpath of 'results/ablation/rich_ablation_posttrain/runs/rich-ablation-posttrain-full' OR one path is relative and the other is absolute.,1010,608461ea19c746b4a1dc098d5eff32d8,rich-ablation-posttrain-full,already_present
shift_validation/h_epoch_5_step_2997.csv,'/mnt/filesystem-test/nmr/results/ablation/rich_ablation_posttrain/runs/rich-ablation-posttrain-full/artifacts/shift_validation/h_epoch_5_step_2997.csv' is not in the subpath of 'results/ablation/rich_ablation_posttrain/runs/rich-ablation-posttrain-full' OR one path is relative and the other is absolute.,1009,608461ea19c746b4a1dc098d5eff32d8,rich-ablation-posttrain-full,already_present
shift_validation/h_epoch_6_step_3497.csv,'/mnt/filesystem-test/nmr/results/ablation/rich_ablation_posttrain/runs/rich-ablation-posttrain-full/artifacts/shift_validation/h_epoch_6_step_3497.csv' is not in the subpath of 'results/ablation/rich_ablation_posttrain/runs/rich-ablation-posttrain-full' OR one path is relative and the other is absolute.,1011,608461ea19c746b4a1dc098d5eff32d8,rich-ablation-posttrain-full,already_present
shift_validation/h_epoch_7_step_3996.csv,'/mnt/filesystem-test/nmr/results/ablation/rich_ablation_posttrain/runs/rich-ablation-posttrain-full/artifacts/shift_validation/h_epoch_7_step_3996.csv' is not in the subpath of 'results/ablation/rich_ablation_posttrain/runs/rich-ablation-posttrain-full' OR one path is relative and the other is absolute.,1009,608461ea19c746b4a1dc098d5eff32d8,rich-ablation-posttrain-full,already_present
shift_validation/h_epoch_8_step_4496.csv,'/mnt/filesystem-test/nmr/results/ablation/rich_ablation_posttrain/runs/rich-ablation-posttrain-full/artifacts/shift_validation/h_epoch_8_step_4496.csv' is not in the subpath of 'results/ablation/rich_ablation_posttrain/runs/rich-ablation-posttrain-full' OR one path is relative and the other is absolute.,1009,608461ea19c746b4a1dc098d5eff32d8,rich-ablation-posttrain-full,already_present
shift_validation/h_epoch_9_step_4995.csv,'/mnt/filesystem-test/nmr/results/ablation/rich_ablation_posttrain/runs/rich-ablation-posttrain-full/artifacts/shift_validation/h_epoch_9_step_4995.csv' is not in the subpath of 'results/ablation/rich_ablation_posttrain/runs/rich-ablation-posttrain-full' OR one path is relative and the other is absolute.,1012,608461ea19c746b4a1dc098d5eff32d8,rich-ablation-posttrain-full,already_present
fingerprint_validation/epoch_0_step_500.csv,'/mnt/filesystem-test/nmr/results/ablation/rich_ablation_posttrain/runs/rich-ablation-posttrain-full/artifacts/fingerprint_validation/epoch_0_step_500.csv' is not in the subpath of 'results/ablation/rich_ablation_posttrain/runs/rich-ablation-posttrain-full' OR one path is relative and the other is absolute.,320,608461ea19c746b4a1dc098d5eff32d8,rich-ablation-posttrain-full,already_present
fingerprint_validation/epoch_10_step_5495.csv,'/mnt/filesystem-test/nmr/results/ablation/rich_ablation_posttrain/runs/rich-ablation-posttrain-full/artifacts/fingerprint_validation/epoch_10_step_5495.csv' is not in the subpath of 'results/ablation/rich_ablation_posttrain/runs/rich-ablation-posttrain-full' OR one path is relative and the other is absolute.,318,608461ea19c746b4a1dc098d5eff32d8,rich-ablation-posttrain-full,already_present
fingerprint_validation/epoch_11_step_5994.csv,'/mnt/filesystem-test/nmr/results/ablation/rich_ablation_posttrain/runs/rich-ablation-posttrain-full/artifacts/fingerprint_validation/epoch_11_step_5994.csv' is not in the subpath of 'results/ablation/rich_ablation_posttrain/runs/rich-ablation-posttrain-full' OR one path is relative and the other is absolute.,318,608461ea19c746b4a1dc098d5eff32d8,rich-ablation-posttrain-full,already_present
fingerprint_validation/epoch_12_step_6494.csv,'/mnt/filesystem-test/nmr/results/ablation/rich_ablation_posttrain/runs/rich-ablation-posttrain-full/artifacts/fingerprint_validation/epoch_12_step_6494.csv' is not in the subpath of 'results/ablation/rich_ablation_posttrain/runs/rich-ablation-posttrain-full' OR one path is relative and the other is absolute.,318,608461ea19c746b4a1dc098d5eff32d8,rich-ablation-posttrain-full,already_present
fingerprint_validation/epoch_13_step_6993.csv,'/mnt/filesystem-test/nmr/results/ablation/rich_ablation_posttrain/runs/rich-ablation-posttrain-full/artifacts/fingerprint_validation/epoch_13_step_6993.csv' is not in the subpath of 'results/ablation/rich_ablation_posttrain/runs/rich-ablation-posttrain-full' OR one path is relative and the other is absolute.,313,608461ea19c746b4a1dc098d5eff32d8,rich-ablation-posttrain-full,already_present
fingerprint_validation/epoch_14_step_7493.csv,'/mnt/filesystem-test/nmr/results/ablation/rich_ablation_posttrain/runs/rich-ablation-posttrain-full/artifacts/fingerprint_validation/epoch_14_step_7493.csv' is not in the subpath of 'results/ablation/rich_ablation_posttrain/runs/rich-ablation-posttrain-full' OR one path is relative and the other is absolute.,317,608461ea19c746b4a1dc098d5eff32d8,rich-ablation-posttrain-full,already_present
fingerprint_validation/epoch_15_step_7992.csv,'/mnt/filesystem-test/nmr/results/ablation/rich_ablation_posttrain/runs/rich-ablation-posttrain-full/artifacts/fingerprint_validation/epoch_15_step_7992.csv' is not in the subpath of 'results/ablation/rich_ablation_posttrain/runs/rich-ablation-posttrain-full' OR one path is relative and the other is absolute.,315,608461ea19c746b4a1dc098d5eff32d8,rich-ablation-posttrain-full,already_present
fingerprint_validation/epoch_16_step_8492.csv,'/mnt/filesystem-test/nmr/results/ablation/rich_ablation_posttrain/runs/rich-ablation-posttrain-full/artifacts/fingerprint_validation/epoch_16_step_8492.csv' is not in the subpath of 'results/ablation/rich_ablation_posttrain/runs/rich-ablation-posttrain-full' OR one path is relative and the other is absolute.,316,608461ea19c746b4a1dc098d5eff32d8,rich-ablation-posttrain-full,already_present
fingerprint_validation/epoch_17_step_8991.csv,'/mnt/filesystem-test/nmr/results/ablation/rich_ablation_posttrain/runs/rich-ablation-posttrain-full/artifacts/fingerprint_validation/epoch_17_step_8991.csv' is not in the subpath of 'results/ablation/rich_ablation_posttrain/runs/rich-ablation-posttrain-full' OR one path is relative and the other is absolute.,316,608461ea19c746b4a1dc098d5eff32d8,rich-ablation-posttrain-full,already_present
fingerprint_validation/epoch_18_step_9491.csv,'/mnt/filesystem-test/nmr/results/ablation/rich_ablation_posttrain/runs/rich-ablation-posttrain-full/artifacts/fingerprint_validation/epoch_18_step_9491.csv' is not in the subpath of 'results/ablation/rich_ablation_posttrain/runs/rich-ablation-posttrain-full' OR one path is relative and the other is absolute.,320,608461ea19c746b4a1dc098d5eff32d8,rich-ablation-posttrain-full,already_present
fingerprint_validation/epoch_19_step_9990.csv,'/mnt/filesystem-test/nmr/results/ablation/rich_ablation_posttrain/runs/rich-ablation-posttrain-full/artifacts/fingerprint_validation/epoch_19_step_9990.csv' is not in the subpath of 'results/ablation/rich_ablation_posttrain/runs/rich-ablation-posttrain-full' OR one path is relative and the other is absolute.,316,608461ea19c746b4a1dc098d5eff32d8,rich-ablation-posttrain-full,already_present
fingerprint_validation/epoch_1_step_999.csv,'/mnt/filesystem-test/nmr/results/ablation/rich_ablation_posttrain/runs/rich-ablation-posttrain-full/artifacts/fingerprint_validation/epoch_1_step_999.csv' is not in the subpath of 'results/ablation/rich_ablation_posttrain/runs/rich-ablation-posttrain-full' OR one path is relative and the other is absolute.,318,608461ea19c746b4a1dc098d5eff32d8,rich-ablation-posttrain-full,already_present
fingerprint_validation/epoch_20_step_10490.csv,'/mnt/filesystem-test/nmr/results/ablation/rich_ablation_posttrain/runs/rich-ablation-posttrain-full/artifacts/fingerprint_validation/epoch_20_step_10490.csv' is not in the subpath of 'results/ablation/rich_ablation_posttrain/runs/rich-ablation-posttrain-full' OR one path is relative and the other is absolute.,316,608461ea19c746b4a1dc098d5eff32d8,rich-ablation-posttrain-full,already_present
fingerprint_validation/epoch_21_step_10989.csv,'/mnt/filesystem-test/nmr/results/ablation/rich_ablation_posttrain/runs/rich-ablation-posttrain-full/artifacts/fingerprint_validation/epoch_21_step_10989.csv' is not in the subpath of 'results/ablation/rich_ablation_posttrain/runs/rich-ablation-posttrain-full' OR one path is relative and the other is absolute.,318,608461ea19c746b4a1dc098d5eff32d8,rich-ablation-posttrain-full,already_present
fingerprint_validation/epoch_22_step_11489.csv,'/mnt/filesystem-test/nmr/results/ablation/rich_ablation_posttrain/runs/rich-ablation-posttrain-full/artifacts/fingerprint_validation/epoch_22_step_11489.csv' is not in the subpath of 'results/ablation/rich_ablation_posttrain/runs/rich-ablation-posttrain-full' OR one path is relative and the other is absolute.,318,608461ea19c746b4a1dc098d5eff32d8,rich-ablation-posttrain-full,already_present
fingerprint_validation/epoch_23_step_11988.csv,'/mnt/filesystem-test/nmr/results/ablation/rich_ablation_posttrain/runs/rich-ablation-posttrain-full/artifacts/fingerprint_validation/epoch_23_step_11988.csv' is not in the subpath of 'results/ablation/rich_ablation_posttrain/runs/rich-ablation-posttrain-full' OR one path is relative and the other is absolute.,317,608461ea19c746b4a1dc098d5eff32d8,rich-ablation-posttrain-full,already_present
fingerprint_validation/epoch_24_step_12488.csv,'/mnt/filesystem-test/nmr/results/ablation/rich_ablation_posttrain/runs/rich-ablation-posttrain-full/artifacts/fingerprint_validation/epoch_24_step_12488.csv' is not in the subpath of 'results/ablation/rich_ablation_posttrain/runs/rich-ablation-posttrain-full' OR one path is relative and the other is absolute.,317,608461ea19c746b4a1dc098d5eff32d8,rich-ablation-posttrain-full,already_present
fingerprint_validation/epoch_25_step_12987.csv,'/mnt/filesystem-test/nmr/results/ablation/rich_ablation_posttrain/runs/rich-ablation-posttrain-full/artifacts/fingerprint_validation/epoch_25_step_12987.csv' is not in the subpath of 'results/ablation/rich_ablation_posttrain/runs/rich-ablation-posttrain-full' OR one path is relative and the other is absolute.,317,608461ea19c746b4a1dc098d5eff32d8,rich-ablation-posttrain-full,already_present
fingerprint_validation/epoch_26_step_13487.csv,'/mnt/filesystem-test/nmr/results/ablation/rich_ablation_posttrain/runs/rich-ablation-posttrain-full/artifacts/fingerprint_validation/epoch_26_step_13487.csv' is not in the subpath of 'results/ablation/rich_ablation_posttrain/runs/rich-ablation-posttrain-full' OR one path is relative and the other is absolute.,318,608461ea19c746b4a1dc098d5eff32d8,rich-ablation-posttrain-full,already_present
fingerprint_validation/epoch_27_step_13986.csv,'/mnt/filesystem-test/nmr/results/ablation/rich_ablation_posttrain/runs/rich-ablation-posttrain-full/artifacts/fingerprint_validation/epoch_27_step_13986.csv' is not in the subpath of 'results/ablation/rich_ablation_posttrain/runs/rich-ablation-posttrain-full' OR one path is relative and the other is absolute.,317,608461ea19c746b4a1dc098d5eff32d8,rich-ablation-posttrain-full,already_present
fingerprint_validation/epoch_28_step_14486.csv,'/mnt/filesystem-test/nmr/results/ablation/rich_ablation_posttrain/runs/rich-ablation-posttrain-full/artifacts/fingerprint_validation/epoch_28_step_14486.csv' is not in the subpath of 'results/ablation/rich_ablation_posttrain/runs/rich-ablation-posttrain-full' OR one path is relative and the other is absolute.,318,608461ea19c746b4a1dc098d5eff32d8,rich-ablation-posttrain-full,already_present
fingerprint_validation/epoch_29_step_14985.csv,'/mnt/filesystem-test/nmr/results/ablation/rich_ablation_posttrain/runs/rich-ablation-posttrain-full/artifacts/fingerprint_validation/epoch_29_step_14985.csv' is not in the subpath of 'results/ablation/rich_ablation_posttrain/runs/rich-ablation-posttrain-full' OR one path is relative and the other is absolute.,318,608461ea19c746b4a1dc098d5eff32d8,rich-ablation-posttrain-full,already_present
fingerprint_validation/epoch_2_step_1499.csv,'/mnt/filesystem-test/nmr/results/ablation/rich_ablation_posttrain/runs/rich-ablation-posttrain-full/artifacts/fingerprint_validation/epoch_2_step_1499.csv' is not in the subpath of 'results/ablation/rich_ablation_posttrain/runs/rich-ablation-posttrain-full' OR one path is relative and the other is absolute.,316,608461ea19c746b4a1dc098d5eff32d8,rich-ablation-posttrain-full,already_present
fingerprint_validation/epoch_3_step_1998.csv,'/mnt/filesystem-test/nmr/results/ablation/rich_ablation_posttrain/runs/rich-ablation-posttrain-full/artifacts/fingerprint_validation/epoch_3_step_1998.csv' is not in the subpath of 'results/ablation/rich_ablation_posttrain/runs/rich-ablation-posttrain-full' OR one path is relative and the other is absolute.,317,608461ea19c746b4a1dc098d5eff32d8,rich-ablation-posttrain-full,already_present
fingerprint_validation/epoch_4_step_2498.csv,'/mnt/filesystem-test/nmr/results/ablation/rich_ablation_posttrain/runs/rich-ablation-posttrain-full/artifacts/fingerprint_validation/epoch_4_step_2498.csv' is not in the subpath of 'results/ablation/rich_ablation_posttrain/runs/rich-ablation-posttrain-full' OR one path is relative and the other is absolute.,316,608461ea19c746b4a1dc098d5eff32d8,rich-ablation-posttrain-full,already_present
fingerprint_validation/epoch_5_step_2997.csv,'/mnt/filesystem-test/nmr/results/ablation/rich_ablation_posttrain/runs/rich-ablation-posttrain-full/artifacts/fingerprint_validation/epoch_5_step_2997.csv' is not in the subpath of 'results/ablation/rich_ablation_posttrain/runs/rich-ablation-posttrain-full' OR one path is relative and the other is absolute.,317,608461ea19c746b4a1dc098d5eff32d8,rich-ablation-posttrain-full,already_present
fingerprint_validation/epoch_6_step_3497.csv,'/mnt/filesystem-test/nmr/results/ablation/rich_ablation_posttrain/runs/rich-ablation-posttrain-full/artifacts/fingerprint_validation/epoch_6_step_3497.csv' is not in the subpath of 'results/ablation/rich_ablation_posttrain/runs/rich-ablation-posttrain-full' OR one path is relative and the other is absolute.,319,608461ea19c746b4a1dc098d5eff32d8,rich-ablation-posttrain-full,already_present
fingerprint_validation/epoch_7_step_3996.csv,'/mnt/filesystem-test/nmr/results/ablation/rich_ablation_posttrain/runs/rich-ablation-posttrain-full/artifacts/fingerprint_validation/epoch_7_step_3996.csv' is not in the subpath of 'results/ablation/rich_ablation_posttrain/runs/rich-ablation-posttrain-full' OR one path is relative and the other is absolute.,319,608461ea19c746b4a1dc098d5eff32d8,rich-ablation-posttrain-full,already_present
fingerprint_validation/epoch_8_step_4496.csv,'/mnt/filesystem-test/nmr/results/ablation/rich_ablation_posttrain/runs/rich-ablation-posttrain-full/artifacts/fingerprint_validation/epoch_8_step_4496.csv' is not in the subpath of 'results/ablation/rich_ablation_posttrain/runs/rich-ablation-posttrain-full' OR one path is relative and the other is absolute.,318,608461ea19c746b4a1dc098d5eff32d8,rich-ablation-posttrain-full,already_present
fingerprint_validation/epoch_9_step_4995.csv,'/mnt/filesystem-test/nmr/results/ablation/rich_ablation_posttrain/runs/rich-ablation-posttrain-full/artifacts/fingerprint_validation/epoch_9_step_4995.csv' is not in the subpath of 'results/ablation/rich_ablation_posttrain/runs/rich-ablation-posttrain-full' OR one path is relative and the other is absolute.,317,608461ea19c746b4a1dc098d5eff32d8,rich-ablation-posttrain-full,already_present
shift_validation/c_epoch_0_step_500.csv,'/mnt/filesystem-test/nmr/results/ablation/rich_ablation_posttrain/runs/rich-ablation-posttrain-target-only/artifacts/shift_validation/c_epoch_0_step_500.csv' is not in the subpath of 'results/ablation/rich_ablation_posttrain/runs/rich-ablation-posttrain-target-only' OR one path is relative and the other is absolute.,1033,b726ae42599c43259faa092bbbb91d9d,rich-ablation-posttrain-target-only,already_present
shift_validation/c_epoch_10_step_5495.csv,'/mnt/filesystem-test/nmr/results/ablation/rich_ablation_posttrain/runs/rich-ablation-posttrain-target-only/artifacts/shift_validation/c_epoch_10_step_5495.csv' is not in the subpath of 'results/ablation/rich_ablation_posttrain/runs/rich-ablation-posttrain-target-only' OR one path is relative and the other is absolute.,1040,b726ae42599c43259faa092bbbb91d9d,rich-ablation-posttrain-target-only,already_present
shift_validation/c_epoch_11_step_5994.csv,'/mnt/filesystem-test/nmr/results/ablation/rich_ablation_posttrain/runs/rich-ablation-posttrain-target-only/artifacts/shift_validation/c_epoch_11_step_5994.csv' is not in the subpath of 'results/ablation/rich_ablation_posttrain/runs/rich-ablation-posttrain-target-only' OR one path is relative and the other is absolute.,1036,b726ae42599c43259faa092bbbb91d9d,rich-ablation-posttrain-target-only,already_present
shift_validation/c_epoch_12_step_6494.csv,'/mnt/filesystem-test/nmr/results/ablation/rich_ablation_posttrain/runs/rich-ablation-posttrain-target-only/artifacts/shift_validation/c_epoch_12_step_6494.csv' is not in the subpath of 'results/ablation/rich_ablation_posttrain/runs/rich-ablation-posttrain-target-only' OR one path is relative and the other is absolute.,1034,b726ae42599c43259faa092bbbb91d9d,rich-ablation-posttrain-target-only,already_present
shift_validation/c_epoch_13_step_6993.csv,'/mnt/filesystem-test/nmr/results/ablation/rich_ablation_posttrain/runs/rich-ablation-posttrain-target-only/artifacts/shift_validation/c_epoch_13_step_6993.csv' is not in the subpath of 'results/ablation/rich_ablation_posttrain/runs/rich-ablation-posttrain-target-only' OR one path is relative and the other is absolute.,1035,b726ae42599c43259faa092bbbb91d9d,rich-ablation-posttrain-target-only,already_present
shift_validation/c_epoch_14_step_7493.csv,'/mnt/filesystem-test/nmr/results/ablation/rich_ablation_posttrain/runs/rich-ablation-posttrain-target-only/artifacts/shift_validation/c_epoch_14_step_7493.csv' is not in the subpath of 'results/ablation/rich_ablation_posttrain/runs/rich-ablation-posttrain-target-only' OR one path is relative and the other is absolute.,1026,b726ae42599c43259faa092bbbb91d9d,rich-ablation-posttrain-target-only,already_present
shift_validation/c_epoch_15_step_7992.csv,'/mnt/filesystem-test/nmr/results/ablation/rich_ablation_posttrain/runs/rich-ablation-posttrain-target-only/artifacts/shift_validation/c_epoch_15_step_7992.csv' is not in the subpath of 'results/ablation/rich_ablation_posttrain/runs/rich-ablation-posttrain-target-only' OR one path is relative and the other is absolute.,1033,b726ae42599c43259faa092bbbb91d9d,rich-ablation-posttrain-target-only,already_present
shift_validation/c_epoch_16_step_8492.csv,'/mnt/filesystem-test/nmr/results/ablation/rich_ablation_posttrain/runs/rich-ablation-posttrain-target-only/artifacts/shift_validation/c_epoch_16_step_8492.csv' is not in the subpath of 'results/ablation/rich_ablation_posttrain/runs/rich-ablation-posttrain-target-only' OR one path is relative and the other is absolute.,1032,b726ae42599c43259faa092bbbb91d9d,rich-ablation-posttrain-target-only,already_present
shift_validation/c_epoch_17_step_8991.csv,'/mnt/filesystem-test/nmr/results/ablation/rich_ablation_posttrain/runs/rich-ablation-posttrain-target-only/artifacts/shift_validation/c_epoch_17_step_8991.csv' is not in the subpath of 'results/ablation/rich_ablation_posttrain/runs/rich-ablation-posttrain-target-only' OR one path is relative and the other is absolute.,1032,b726ae42599c43259faa092bbbb91d9d,rich-ablation-posttrain-target-only,already_present
shift_validation/c_epoch_18_step_9491.csv,'/mnt/filesystem-test/nmr/results/ablation/rich_ablation_posttrain/runs/rich-ablation-posttrain-target-only/artifacts/shift_validation/c_epoch_18_step_9491.csv' is not in the subpath of 'results/ablation/rich_ablation_posttrain/runs/rich-ablation-posttrain-target-only' OR one path is relative and the other is absolute.,1031,b726ae42599c43259faa092bbbb91d9d,rich-ablation-posttrain-target-only,already_present
shift_validation/c_epoch_19_step_9990.csv,'/mnt/filesystem-test/nmr/results/ablation/rich_ablation_posttrain/runs/rich-ablation-posttrain-target-only/artifacts/shift_validation/c_epoch_19_step_9990.csv' is not in the subpath of 'results/ablation/rich_ablation_posttrain/runs/rich-ablation-posttrain-target-only' OR one path is relative and the other is absolute.,1033,b726ae42599c43259faa092bbbb91d9d,rich-ablation-posttrain-target-only,already_present
shift_validation/c_epoch_1_step_999.csv,'/mnt/filesystem-test/nmr/results/ablation/rich_ablation_posttrain/runs/rich-ablation-posttrain-target-only/artifacts/shift_validation/c_epoch_1_step_999.csv' is not in the subpath of 'results/ablation/rich_ablation_posttrain/runs/rich-ablation-posttrain-target-only' OR one path is relative and the other is absolute.,1033,b726ae42599c43259faa092bbbb91d9d,rich-ablation-posttrain-target-only,already_present
shift_validation/c_epoch_20_step_10490.csv,'/mnt/filesystem-test/nmr/results/ablation/rich_ablation_posttrain/runs/rich-ablation-posttrain-target-only/artifacts/shift_validation/c_epoch_20_step_10490.csv' is not in the subpath of 'results/ablation/rich_ablation_posttrain/runs/rich-ablation-posttrain-target-only' OR one path is relative and the other is absolute.,1033,b726ae42599c43259faa092bbbb91d9d,rich-ablation-posttrain-target-only,already_present
shift_validation/c_epoch_21_step_10989.csv,'/mnt/filesystem-test/nmr/results/ablation/rich_ablation_posttrain/runs/rich-ablation-posttrain-target-only/artifacts/shift_validation/c_epoch_21_step_10989.csv' is not in the subpath of 'results/ablation/rich_ablation_posttrain/runs/rich-ablation-posttrain-target-only' OR one path is relative and the other is absolute.,1029,b726ae42599c43259faa092bbbb91d9d,rich-ablation-posttrain-target-only,already_present
shift_validation/c_epoch_22_step_11489.csv,'/mnt/filesystem-test/nmr/results/ablation/rich_ablation_posttrain/runs/rich-ablation-posttrain-target-only/artifacts/shift_validation/c_epoch_22_step_11489.csv' is not in the subpath of 'results/ablation/rich_ablation_posttrain/runs/rich-ablation-posttrain-target-only' OR one path is relative and the other is absolute.,1036,b726ae42599c43259faa092bbbb91d9d,rich-ablation-posttrain-target-only,already_present
shift_validation/c_epoch_23_step_11988.csv,'/mnt/filesystem-test/nmr/results/ablation/rich_ablation_posttrain/runs/rich-ablation-posttrain-target-only/artifacts/shift_validation/c_epoch_23_step_11988.csv' is not in the subpath of 'results/ablation/rich_ablation_posttrain/runs/rich-ablation-posttrain-target-only' OR one path is relative and the other is absolute.,1038,b726ae42599c43259faa092bbbb91d9d,rich-ablation-posttrain-target-only,already_present
shift_validation/c_epoch_24_step_12488.csv,'/mnt/filesystem-test/nmr/results/ablation/rich_ablation_posttrain/runs/rich-ablation-posttrain-target-only/artifacts/shift_validation/c_epoch_24_step_12488.csv' is not in the subpath of 'results/ablation/rich_ablation_posttrain/runs/rich-ablation-posttrain-target-only' OR one path is relative and the other is absolute.,1035,b726ae42599c43259faa092bbbb91d9d,rich-ablation-posttrain-target-only,already_present
shift_validation/c_epoch_25_step_12987.csv,'/mnt/filesystem-test/nmr/results/ablation/rich_ablation_posttrain/runs/rich-ablation-posttrain-target-only/artifacts/shift_validation/c_epoch_25_step_12987.csv' is not in the subpath of 'results/ablation/rich_ablation_posttrain/runs/rich-ablation-posttrain-target-only' OR one path is relative and the other is absolute.,1034,b726ae42599c43259faa092bbbb91d9d,rich-ablation-posttrain-target-only,already_present
shift_validation/c_epoch_26_step_13487.csv,'/mnt/filesystem-test/nmr/results/ablation/rich_ablation_posttrain/runs/rich-ablation-posttrain-target-only/artifacts/shift_validation/c_epoch_26_step_13487.csv' is not in the subpath of 'results/ablation/rich_ablation_posttrain/runs/rich-ablation-posttrain-target-only' OR one path is relative and the other is absolute.,1031,b726ae42599c43259faa092bbbb91d9d,rich-ablation-posttrain-target-only,already_present
shift_validation/c_epoch_27_step_13986.csv,'/mnt/filesystem-test/nmr/results/ablation/rich_ablation_posttrain/runs/rich-ablation-posttrain-target-only/artifacts/shift_validation/c_epoch_27_step_13986.csv' is not in the subpath of 'results/ablation/rich_ablation_posttrain/runs/rich-ablation-posttrain-target-only' OR one path is relative and the other is absolute.,1034,b726ae42599c43259faa092bbbb91d9d,rich-ablation-posttrain-target-only,already_present
shift_validation/c_epoch_28_step_14486.csv,'/mnt/filesystem-test/nmr/results/ablation/rich_ablation_posttrain/runs/rich-ablation-posttrain-target-only/artifacts/shift_validation/c_epoch_28_step_14486.csv' is not in the subpath of 'results/ablation/rich_ablation_posttrain/runs/rich-ablation-posttrain-target-only' OR one path is relative and the other is absolute.,1035,b726ae42599c43259faa092bbbb91d9d,rich-ablation-posttrain-target-only,already_present
shift_validation/c_epoch_29_step_14985.csv,'/mnt/filesystem-test/nmr/results/ablation/rich_ablation_posttrain/runs/rich-ablation-posttrain-target-only/artifacts/shift_validation/c_epoch_29_step_14985.csv' is not in the subpath of 'results/ablation/rich_ablation_posttrain/runs/rich-ablation-posttrain-target-only' OR one path is relative and the other is absolute.,1038,b726ae42599c43259faa092bbbb91d9d,rich-ablation-posttrain-target-only,already_present
shift_validation/c_epoch_2_step_1499.csv,'/mnt/filesystem-test/nmr/results/ablation/rich_ablation_posttrain/runs/rich-ablation-posttrain-target-only/artifacts/shift_validation/c_epoch_2_step_1499.csv' is not in the subpath of 'results/ablation/rich_ablation_posttrain/runs/rich-ablation-posttrain-target-only' OR one path is relative and the other is absolute.,1038,b726ae42599c43259faa092bbbb91d9d,rich-ablation-posttrain-target-only,already_present
shift_validation/c_epoch_3_step_1998.csv,'/mnt/filesystem-test/nmr/results/ablation/rich_ablation_posttrain/runs/rich-ablation-posttrain-target-only/artifacts/shift_validation/c_epoch_3_step_1998.csv' is not in the subpath of 'results/ablation/rich_ablation_posttrain/runs/rich-ablation-posttrain-target-only' OR one path is relative and the other is absolute.,1035,b726ae42599c43259faa092bbbb91d9d,rich-ablation-posttrain-target-only,already_present
shift_validation/c_epoch_4_step_2498.csv,'/mnt/filesystem-test/nmr/results/ablation/rich_ablation_posttrain/runs/rich-ablation-posttrain-target-only/artifacts/shift_validation/c_epoch_4_step_2498.csv' is not in the subpath of 'results/ablation/rich_ablation_posttrain/runs/rich-ablation-posttrain-target-only' OR one path is relative and the other is absolute.,1031,b726ae42599c43259faa092bbbb91d9d,rich-ablation-posttrain-target-only,already_present
shift_validation/c_epoch_5_step_2997.csv,'/mnt/filesystem-test/nmr/results/ablation/rich_ablation_posttrain/runs/rich-ablation-posttrain-target-only/artifacts/shift_validation/c_epoch_5_step_2997.csv' is not in the subpath of 'results/ablation/rich_ablation_posttrain/runs/rich-ablation-posttrain-target-only' OR one path is relative and the other is absolute.,1039,b726ae42599c43259faa092bbbb91d9d,rich-ablation-posttrain-target-only,already_present
shift_validation/c_epoch_6_step_3497.csv,'/mnt/filesystem-test/nmr/results/ablation/rich_ablation_posttrain/runs/rich-ablation-posttrain-target-only/artifacts/shift_validation/c_epoch_6_step_3497.csv' is not in the subpath of 'results/ablation/rich_ablation_posttrain/runs/rich-ablation-posttrain-target-only' OR one path is relative and the other is absolute.,1037,b726ae42599c43259faa092bbbb91d9d,rich-ablation-posttrain-target-only,already_present
shift_validation/c_epoch_7_step_3996.csv,'/mnt/filesystem-test/nmr/results/ablation/rich_ablation_posttrain/runs/rich-ablation-posttrain-target-only/artifacts/shift_validation/c_epoch_7_step_3996.csv' is not in the subpath of 'results/ablation/rich_ablation_posttrain/runs/rich-ablation-posttrain-target-only' OR one path is relative and the other is absolute.,1036,b726ae42599c43259faa092bbbb91d9d,rich-ablation-posttrain-target-only,already_present
shift_validation/c_epoch_8_step_4496.csv,'/mnt/filesystem-test/nmr/results/ablation/rich_ablation_posttrain/runs/rich-ablation-posttrain-target-only/artifacts/shift_validation/c_epoch_8_step_4496.csv' is not in the subpath of 'results/ablation/rich_ablation_posttrain/runs/rich-ablation-posttrain-target-only' OR one path is relative and the other is absolute.,1028,b726ae42599c43259faa092bbbb91d9d,rich-ablation-posttrain-target-only,already_present
shift_validation/c_epoch_9_step_4995.csv,'/mnt/filesystem-test/nmr/results/ablation/rich_ablation_posttrain/runs/rich-ablation-posttrain-target-only/artifacts/shift_validation/c_epoch_9_step_4995.csv' is not in the subpath of 'results/ablation/rich_ablation_posttrain/runs/rich-ablation-posttrain-target-only' OR one path is relative and the other is absolute.,1038,b726ae42599c43259faa092bbbb91d9d,rich-ablation-posttrain-target-only,already_present
shift_validation/h_epoch_0_step_500.csv,'/mnt/filesystem-test/nmr/results/ablation/rich_ablation_posttrain/runs/rich-ablation-posttrain-target-only/artifacts/shift_validation/h_epoch_0_step_500.csv' is not in the subpath of 'results/ablation/rich_ablation_posttrain/runs/rich-ablation-posttrain-target-only' OR one path is relative and the other is absolute.,1013,b726ae42599c43259faa092bbbb91d9d,rich-ablation-posttrain-target-only,already_present
shift_validation/h_epoch_10_step_5495.csv,'/mnt/filesystem-test/nmr/results/ablation/rich_ablation_posttrain/runs/rich-ablation-posttrain-target-only/artifacts/shift_validation/h_epoch_10_step_5495.csv' is not in the subpath of 'results/ablation/rich_ablation_posttrain/runs/rich-ablation-posttrain-target-only' OR one path is relative and the other is absolute.,1005,b726ae42599c43259faa092bbbb91d9d,rich-ablation-posttrain-target-only,already_present
shift_validation/h_epoch_11_step_5994.csv,'/mnt/filesystem-test/nmr/results/ablation/rich_ablation_posttrain/runs/rich-ablation-posttrain-target-only/artifacts/shift_validation/h_epoch_11_step_5994.csv' is not in the subpath of 'results/ablation/rich_ablation_posttrain/runs/rich-ablation-posttrain-target-only' OR one path is relative and the other is absolute.,1005,b726ae42599c43259faa092bbbb91d9d,rich-ablation-posttrain-target-only,already_present
shift_validation/h_epoch_12_step_6494.csv,'/mnt/filesystem-test/nmr/results/ablation/rich_ablation_posttrain/runs/rich-ablation-posttrain-target-only/artifacts/shift_validation/h_epoch_12_step_6494.csv' is not in the subpath of 'results/ablation/rich_ablation_posttrain/runs/rich-ablation-posttrain-target-only' OR one path is relative and the other is absolute.,1009,b726ae42599c43259faa092bbbb91d9d,rich-ablation-posttrain-target-only,already_present
shift_validation/h_epoch_13_step_6993.csv,'/mnt/filesystem-test/nmr/results/ablation/rich_ablation_posttrain/runs/rich-ablation-posttrain-target-only/artifacts/shift_validation/h_epoch_13_step_6993.csv' is not in the subpath of 'results/ablation/rich_ablation_posttrain/runs/rich-ablation-posttrain-target-only' OR one path is relative and the other is absolute.,1009,b726ae42599c43259faa092bbbb91d9d,rich-ablation-posttrain-target-only,already_present
shift_validation/h_epoch_14_step_7493.csv,'/mnt/filesystem-test/nmr/results/ablation/rich_ablation_posttrain/runs/rich-ablation-posttrain-target-only/artifacts/shift_validation/h_epoch_14_step_7493.csv' is not in the subpath of 'results/ablation/rich_ablation_posttrain/runs/rich-ablation-posttrain-target-only' OR one path is relative and the other is absolute.,1011,b726ae42599c43259faa092bbbb91d9d,rich-ablation-posttrain-target-only,already_present
shift_validation/h_epoch_15_step_7992.csv,'/mnt/filesystem-test/nmr/results/ablation/rich_ablation_posttrain/runs/rich-ablation-posttrain-target-only/artifacts/shift_validation/h_epoch_15_step_7992.csv' is not in the subpath of 'results/ablation/rich_ablation_posttrain/runs/rich-ablation-posttrain-target-only' OR one path is relative and the other is absolute.,1007,b726ae42599c43259faa092bbbb91d9d,rich-ablation-posttrain-target-only,already_present
shift_validation/h_epoch_16_step_8492.csv,'/mnt/filesystem-test/nmr/results/ablation/rich_ablation_posttrain/runs/rich-ablation-posttrain-target-only/artifacts/shift_validation/h_epoch_16_step_8492.csv' is not in the subpath of 'results/ablation/rich_ablation_posttrain/runs/rich-ablation-posttrain-target-only' OR one path is relative and the other is absolute.,1010,b726ae42599c43259faa092bbbb91d9d,rich-ablation-posttrain-target-only,already_present
shift_validation/h_epoch_17_step_8991.csv,'/mnt/filesystem-test/nmr/results/ablation/rich_ablation_posttrain/runs/rich-ablation-posttrain-target-only/artifacts/shift_validation/h_epoch_17_step_8991.csv' is not in the subpath of 'results/ablation/rich_ablation_posttrain/runs/rich-ablation-posttrain-target-only' OR one path is relative and the other is absolute.,1010,b726ae42599c43259faa092bbbb91d9d,rich-ablation-posttrain-target-only,already_present
shift_validation/h_epoch_18_step_9491.csv,'/mnt/filesystem-test/nmr/results/ablation/rich_ablation_posttrain/runs/rich-ablation-posttrain-target-only/artifacts/shift_validation/h_epoch_18_step_9491.csv' is not in the subpath of 'results/ablation/rich_ablation_posttrain/runs/rich-ablation-posttrain-target-only' OR one path is relative and the other is absolute.,1006,b726ae42599c43259faa092bbbb91d9d,rich-ablation-posttrain-target-only,already_present
shift_validation/h_epoch_19_step_9990.csv,'/mnt/filesystem-test/nmr/results/ablation/rich_ablation_posttrain/runs/rich-ablation-posttrain-target-only/artifacts/shift_validation/h_epoch_19_step_9990.csv' is not in the subpath of 'results/ablation/rich_ablation_posttrain/runs/rich-ablation-posttrain-target-only' OR one path is relative and the other is absolute.,1007,b726ae42599c43259faa092bbbb91d9d,rich-ablation-posttrain-target-only,already_present
shift_validation/h_epoch_1_step_999.csv,'/mnt/filesystem-test/nmr/results/ablation/rich_ablation_posttrain/runs/rich-ablation-posttrain-target-only/artifacts/shift_validation/h_epoch_1_step_999.csv' is not in the subpath of 'results/ablation/rich_ablation_posttrain/runs/rich-ablation-posttrain-target-only' OR one path is relative and the other is absolute.,1012,b726ae42599c43259faa092bbbb91d9d,rich-ablation-posttrain-target-only,already_present
shift_validation/h_epoch_20_step_10490.csv,'/mnt/filesystem-test/nmr/results/ablation/rich_ablation_posttrain/runs/rich-ablation-posttrain-target-only/artifacts/shift_validation/h_epoch_20_step_10490.csv' is not in the subpath of 'results/ablation/rich_ablation_posttrain/runs/rich-ablation-posttrain-target-only' OR one path is relative and the other is absolute.,1015,b726ae42599c43259faa092bbbb91d9d,rich-ablation-posttrain-target-only,already_present
shift_validation/h_epoch_21_step_10989.csv,'/mnt/filesystem-test/nmr/results/ablation/rich_ablation_posttrain/runs/rich-ablation-posttrain-target-only/artifacts/shift_validation/h_epoch_21_step_10989.csv' is not in the subpath of 'results/ablation/rich_ablation_posttrain/runs/rich-ablation-posttrain-target-only' OR one path is relative and the other is absolute.,1008,b726ae42599c43259faa092bbbb91d9d,rich-ablation-posttrain-target-only,already_present
shift_validation/h_epoch_22_step_11489.csv,'/mnt/filesystem-test/nmr/results/ablation/rich_ablation_posttrain/runs/rich-ablation-posttrain-target-only/artifacts/shift_validation/h_epoch_22_step_11489.csv' is not in the subpath of 'results/ablation/rich_ablation_posttrain/runs/rich-ablation-posttrain-target-only' OR one path is relative and the other is absolute.,1011,b726ae42599c43259faa092bbbb91d9d,rich-ablation-posttrain-target-only,already_present
shift_validation/h_epoch_23_step_11988.csv,'/mnt/filesystem-test/nmr/results/ablation/rich_ablation_posttrain/runs/rich-ablation-posttrain-target-only/artifacts/shift_validation/h_epoch_23_step_11988.csv' is not in the subpath of 'results/ablation/rich_ablation_posttrain/runs/rich-ablation-posttrain-target-only' OR one path is relative and the other is absolute.,1006,b726ae42599c43259faa092bbbb91d9d,rich-ablation-posttrain-target-only,already_present
shift_validation/h_epoch_24_step_12488.csv,'/mnt/filesystem-test/nmr/results/ablation/rich_ablation_posttrain/runs/rich-ablation-posttrain-target-only/artifacts/shift_validation/h_epoch_24_step_12488.csv' is not in the subpath of 'results/ablation/rich_ablation_posttrain/runs/rich-ablation-posttrain-target-only' OR one path is relative and the other is absolute.,1011,b726ae42599c43259faa092bbbb91d9d,rich-ablation-posttrain-target-only,already_present
shift_validation/h_epoch_25_step_12987.csv,'/mnt/filesystem-test/nmr/results/ablation/rich_ablation_posttrain/runs/rich-ablation-posttrain-target-only/artifacts/shift_validation/h_epoch_25_step_12987.csv' is not in the subpath of 'results/ablation/rich_ablation_posttrain/runs/rich-ablation-posttrain-target-only' OR one path is relative and the other is absolute.,1004,b726ae42599c43259faa092bbbb91d9d,rich-ablation-posttrain-target-only,already_present
shift_validation/h_epoch_26_step_13487.csv,'/mnt/filesystem-test/nmr/results/ablation/rich_ablation_posttrain/runs/rich-ablation-posttrain-target-only/artifacts/shift_validation/h_epoch_26_step_13487.csv' is not in the subpath of 'results/ablation/rich_ablation_posttrain/runs/rich-ablation-posttrain-target-only' OR one path is relative and the other is absolute.,1009,b726ae42599c43259faa092bbbb91d9d,rich-ablation-posttrain-target-only,already_present
shift_validation/h_epoch_27_step_13986.csv,'/mnt/filesystem-test/nmr/results/ablation/rich_ablation_posttrain/runs/rich-ablation-posttrain-target-only/artifacts/shift_validation/h_epoch_27_step_13986.csv' is not in the subpath of 'results/ablation/rich_ablation_posttrain/runs/rich-ablation-posttrain-target-only' OR one path is relative and the other is absolute.,1007,b726ae42599c43259faa092bbbb91d9d,rich-ablation-posttrain-target-only,already_present
shift_validation/h_epoch_28_step_14486.csv,'/mnt/filesystem-test/nmr/results/ablation/rich_ablation_posttrain/runs/rich-ablation-posttrain-target-only/artifacts/shift_validation/h_epoch_28_step_14486.csv' is not in the subpath of 'results/ablation/rich_ablation_posttrain/runs/rich-ablation-posttrain-target-only' OR one path is relative and the other is absolute.,1012,b726ae42599c43259faa092bbbb91d9d,rich-ablation-posttrain-target-only,already_present
shift_validation/h_epoch_29_step_14985.csv,'/mnt/filesystem-test/nmr/results/ablation/rich_ablation_posttrain/runs/rich-ablation-posttrain-target-only/artifacts/shift_validation/h_epoch_29_step_14985.csv' is not in the subpath of 'results/ablation/rich_ablation_posttrain/runs/rich-ablation-posttrain-target-only' OR one path is relative and the other is absolute.,1011,b726ae42599c43259faa092bbbb91d9d,rich-ablation-posttrain-target-only,already_present
shift_validation/h_epoch_2_step_1499.csv,'/mnt/filesystem-test/nmr/results/ablation/rich_ablation_posttrain/runs/rich-ablation-posttrain-target-only/artifacts/shift_validation/h_epoch_2_step_1499.csv' is not in the subpath of 'results/ablation/rich_ablation_posttrain/runs/rich-ablation-posttrain-target-only' OR one path is relative and the other is absolute.,1016,b726ae42599c43259faa092bbbb91d9d,rich-ablation-posttrain-target-only,already_present
shift_validation/h_epoch_3_step_1998.csv,'/mnt/filesystem-test/nmr/results/ablation/rich_ablation_posttrain/runs/rich-ablation-posttrain-target-only/artifacts/shift_validation/h_epoch_3_step_1998.csv' is not in the subpath of 'results/ablation/rich_ablation_posttrain/runs/rich-ablation-posttrain-target-only' OR one path is relative and the other is absolute.,1010,b726ae42599c43259faa092bbbb91d9d,rich-ablation-posttrain-target-only,already_present
shift_validation/h_epoch_4_step_2498.csv,'/mnt/filesystem-test/nmr/results/ablation/rich_ablation_posttrain/runs/rich-ablation-posttrain-target-only/artifacts/shift_validation/h_epoch_4_step_2498.csv' is not in the subpath of 'results/ablation/rich_ablation_posttrain/runs/rich-ablation-posttrain-target-only' OR one path is relative and the other is absolute.,1009,b726ae42599c43259faa092bbbb91d9d,rich-ablation-posttrain-target-only,already_present
shift_validation/h_epoch_5_step_2997.csv,'/mnt/filesystem-test/nmr/results/ablation/rich_ablation_posttrain/runs/rich-ablation-posttrain-target-only/artifacts/shift_validation/h_epoch_5_step_2997.csv' is not in the subpath of 'results/ablation/rich_ablation_posttrain/runs/rich-ablation-posttrain-target-only' OR one path is relative and the other is absolute.,1015,b726ae42599c43259faa092bbbb91d9d,rich-ablation-posttrain-target-only,already_present
shift_validation/h_epoch_6_step_3497.csv,'/mnt/filesystem-test/nmr/results/ablation/rich_ablation_posttrain/runs/rich-ablation-posttrain-target-only/artifacts/shift_validation/h_epoch_6_step_3497.csv' is not in the subpath of 'results/ablation/rich_ablation_posttrain/runs/rich-ablation-posttrain-target-only' OR one path is relative and the other is absolute.,1010,b726ae42599c43259faa092bbbb91d9d,rich-ablation-posttrain-target-only,already_present
shift_validation/h_epoch_7_step_3996.csv,'/mnt/filesystem-test/nmr/results/ablation/rich_ablation_posttrain/runs/rich-ablation-posttrain-target-only/artifacts/shift_validation/h_epoch_7_step_3996.csv' is not in the subpath of 'results/ablation/rich_ablation_posttrain/runs/rich-ablation-posttrain-target-only' OR one path is relative and the other is absolute.,1011,b726ae42599c43259faa092bbbb91d9d,rich-ablation-posttrain-target-only,already_present
shift_validation/h_epoch_8_step_4496.csv,'/mnt/filesystem-test/nmr/results/ablation/rich_ablation_posttrain/runs/rich-ablation-posttrain-target-only/artifacts/shift_validation/h_epoch_8_step_4496.csv' is not in the subpath of 'results/ablation/rich_ablation_posttrain/runs/rich-ablation-posttrain-target-only' OR one path is relative and the other is absolute.,1007,b726ae42599c43259faa092bbbb91d9d,rich-ablation-posttrain-target-only,already_present
shift_validation/h_epoch_9_step_4995.csv,'/mnt/filesystem-test/nmr/results/ablation/rich_ablation_posttrain/runs/rich-ablation-posttrain-target-only/artifacts/shift_validation/h_epoch_9_step_4995.csv' is not in the subpath of 'results/ablation/rich_ablation_posttrain/runs/rich-ablation-posttrain-target-only' OR one path is relative and the other is absolute.,1010,b726ae42599c43259faa092bbbb91d9d,rich-ablation-posttrain-target-only,already_present
fingerprint_validation/epoch_0_step_500.csv,'/mnt/filesystem-test/nmr/results/ablation/rich_ablation_posttrain/runs/rich-ablation-posttrain-target-only/artifacts/fingerprint_validation/epoch_0_step_500.csv' is not in the subpath of 'results/ablation/rich_ablation_posttrain/runs/rich-ablation-posttrain-target-only' OR one path is relative and the other is absolute.,317,b726ae42599c43259faa092bbbb91d9d,rich-ablation-posttrain-target-only,already_present
fingerprint_validation/epoch_10_step_5495.csv,'/mnt/filesystem-test/nmr/results/ablation/rich_ablation_posttrain/runs/rich-ablation-posttrain-target-only/artifacts/fingerprint_validation/epoch_10_step_5495.csv' is not in the subpath of 'results/ablation/rich_ablation_posttrain/runs/rich-ablation-posttrain-target-only' OR one path is relative and the other is absolute.,317,b726ae42599c43259faa092bbbb91d9d,rich-ablation-posttrain-target-only,already_present
fingerprint_validation/epoch_11_step_5994.csv,'/mnt/filesystem-test/nmr/results/ablation/rich_ablation_posttrain/runs/rich-ablation-posttrain-target-only/artifacts/fingerprint_validation/epoch_11_step_5994.csv' is not in the subpath of 'results/ablation/rich_ablation_posttrain/runs/rich-ablation-posttrain-target-only' OR one path is relative and the other is absolute.,318,b726ae42599c43259faa092bbbb91d9d,rich-ablation-posttrain-target-only,already_present
fingerprint_validation/epoch_12_step_6494.csv,'/mnt/filesystem-test/nmr/results/ablation/rich_ablation_posttrain/runs/rich-ablation-posttrain-target-only/artifacts/fingerprint_validation/epoch_12_step_6494.csv' is not in the subpath of 'results/ablation/rich_ablation_posttrain/runs/rich-ablation-posttrain-target-only' OR one path is relative and the other is absolute.,319,b726ae42599c43259faa092bbbb91d9d,rich-ablation-posttrain-target-only,already_present
fingerprint_validation/epoch_13_step_6993.csv,'/mnt/filesystem-test/nmr/results/ablation/rich_ablation_posttrain/runs/rich-ablation-posttrain-target-only/artifacts/fingerprint_validation/epoch_13_step_6993.csv' is not in the subpath of 'results/ablation/rich_ablation_posttrain/runs/rich-ablation-posttrain-target-only' OR one path is relative and the other is absolute.,316,b726ae42599c43259faa092bbbb91d9d,rich-ablation-posttrain-target-only,already_present
fingerprint_validation/epoch_14_step_7493.csv,'/mnt/filesystem-test/nmr/results/ablation/rich_ablation_posttrain/runs/rich-ablation-posttrain-target-only/artifacts/fingerprint_validation/epoch_14_step_7493.csv' is not in the subpath of 'results/ablation/rich_ablation_posttrain/runs/rich-ablation-posttrain-target-only' OR one path is relative and the other is absolute.,318,b726ae42599c43259faa092bbbb91d9d,rich-ablation-posttrain-target-only,already_present
fingerprint_validation/epoch_15_step_7992.csv,'/mnt/filesystem-test/nmr/results/ablation/rich_ablation_posttrain/runs/rich-ablation-posttrain-target-only/artifacts/fingerprint_validation/epoch_15_step_7992.csv' is not in the subpath of 'results/ablation/rich_ablation_posttrain/runs/rich-ablation-posttrain-target-only' OR one path is relative and the other is absolute.,316,b726ae42599c43259faa092bbbb91d9d,rich-ablation-posttrain-target-only,already_present
fingerprint_validation/epoch_16_step_8492.csv,'/mnt/filesystem-test/nmr/results/ablation/rich_ablation_posttrain/runs/rich-ablation-posttrain-target-only/artifacts/fingerprint_validation/epoch_16_step_8492.csv' is not in the subpath of 'results/ablation/rich_ablation_posttrain/runs/rich-ablation-posttrain-target-only' OR one path is relative and the other is absolute.,311,b726ae42599c43259faa092bbbb91d9d,rich-ablation-posttrain-target-only,already_present
fingerprint_validation/epoch_17_step_8991.csv,'/mnt/filesystem-test/nmr/results/ablation/rich_ablation_posttrain/runs/rich-ablation-posttrain-target-only/artifacts/fingerprint_validation/epoch_17_step_8991.csv' is not in the subpath of 'results/ablation/rich_ablation_posttrain/runs/rich-ablation-posttrain-target-only' OR one path is relative and the other is absolute.,317,b726ae42599c43259faa092bbbb91d9d,rich-ablation-posttrain-target-only,already_present
fingerprint_validation/epoch_18_step_9491.csv,'/mnt/filesystem-test/nmr/results/ablation/rich_ablation_posttrain/runs/rich-ablation-posttrain-target-only/artifacts/fingerprint_validation/epoch_18_step_9491.csv' is not in the subpath of 'results/ablation/rich_ablation_posttrain/runs/rich-ablation-posttrain-target-only' OR one path is relative and the other is absolute.,317,b726ae42599c43259faa092bbbb91d9d,rich-ablation-posttrain-target-only,already_present
fingerprint_validation/epoch_19_step_9990.csv,'/mnt/filesystem-test/nmr/results/ablation/rich_ablation_posttrain/runs/rich-ablation-posttrain-target-only/artifacts/fingerprint_validation/epoch_19_step_9990.csv' is not in the subpath of 'results/ablation/rich_ablation_posttrain/runs/rich-ablation-posttrain-target-only' OR one path is relative and the other is absolute.,319,b726ae42599c43259faa092bbbb91d9d,rich-ablation-posttrain-target-only,already_present
fingerprint_validation/epoch_1_step_999.csv,'/mnt/filesystem-test/nmr/results/ablation/rich_ablation_posttrain/runs/rich-ablation-posttrain-target-only/artifacts/fingerprint_validation/epoch_1_step_999.csv' is not in the subpath of 'results/ablation/rich_ablation_posttrain/runs/rich-ablation-posttrain-target-only' OR one path is relative and the other is absolute.,318,b726ae42599c43259faa092bbbb91d9d,rich-ablation-posttrain-target-only,already_present
fingerprint_validation/epoch_20_step_10490.csv,'/mnt/filesystem-test/nmr/results/ablation/rich_ablation_posttrain/runs/rich-ablation-posttrain-target-only/artifacts/fingerprint_validation/epoch_20_step_10490.csv' is not in the subpath of 'results/ablation/rich_ablation_posttrain/runs/rich-ablation-posttrain-target-only' OR one path is relative and the other is absolute.,317,b726ae42599c43259faa092bbbb91d9d,rich-ablation-posttrain-target-only,already_present
fingerprint_validation/epoch_21_step_10989.csv,'/mnt/filesystem-test/nmr/results/ablation/rich_ablation_posttrain/runs/rich-ablation-posttrain-target-only/artifacts/fingerprint_validation/epoch_21_step_10989.csv' is not in the subpath of 'results/ablation/rich_ablation_posttrain/runs/rich-ablation-posttrain-target-only' OR one path is relative and the other is absolute.,315,b726ae42599c43259faa092bbbb91d9d,rich-ablation-posttrain-target-only,already_present
fingerprint_validation/epoch_22_step_11489.csv,'/mnt/filesystem-test/nmr/results/ablation/rich_ablation_posttrain/runs/rich-ablation-posttrain-target-only/artifacts/fingerprint_validation/epoch_22_step_11489.csv' is not in the subpath of 'results/ablation/rich_ablation_posttrain/runs/rich-ablation-posttrain-target-only' OR one path is relative and the other is absolute.,312,b726ae42599c43259faa092bbbb91d9d,rich-ablation-posttrain-target-only,already_present
fingerprint_validation/epoch_23_step_11988.csv,'/mnt/filesystem-test/nmr/results/ablation/rich_ablation_posttrain/runs/rich-ablation-posttrain-target-only/artifacts/fingerprint_validation/epoch_23_step_11988.csv' is not in the subpath of 'results/ablation/rich_ablation_posttrain/runs/rich-ablation-posttrain-target-only' OR one path is relative and the other is absolute.,317,b726ae42599c43259faa092bbbb91d9d,rich-ablation-posttrain-target-only,already_present
fingerprint_validation/epoch_24_step_12488.csv,'/mnt/filesystem-test/nmr/results/ablation/rich_ablation_posttrain/runs/rich-ablation-posttrain-target-only/artifacts/fingerprint_validation/epoch_24_step_12488.csv' is not in the subpath of 'results/ablation/rich_ablation_posttrain/runs/rich-ablation-posttrain-target-only' OR one path is relative and the other is absolute.,318,b726ae42599c43259faa092bbbb91d9d,rich-ablation-posttrain-target-only,already_present
fingerprint_validation/epoch_25_step_12987.csv,'/mnt/filesystem-test/nmr/results/ablation/rich_ablation_posttrain/runs/rich-ablation-posttrain-target-only/artifacts/fingerprint_validation/epoch_25_step_12987.csv' is not in the subpath of 'results/ablation/rich_ablation_posttrain/runs/rich-ablation-posttrain-target-only' OR one path is relative and the other is absolute.,314,b726ae42599c43259faa092bbbb91d9d,rich-ablation-posttrain-target-only,already_present
fingerprint_validation/epoch_26_step_13487.csv,'/mnt/filesystem-test/nmr/results/ablation/rich_ablation_posttrain/runs/rich-ablation-posttrain-target-only/artifacts/fingerprint_validation/epoch_26_step_13487.csv' is not in the subpath of 'results/ablation/rich_ablation_posttrain/runs/rich-ablation-posttrain-target-only' OR one path is relative and the other is absolute.,317,b726ae42599c43259faa092bbbb91d9d,rich-ablation-posttrain-target-only,already_present
fingerprint_validation/epoch_27_step_13986.csv,'/mnt/filesystem-test/nmr/results/ablation/rich_ablation_posttrain/runs/rich-ablation-posttrain-target-only/artifacts/fingerprint_validation/epoch_27_step_13986.csv' is not in the subpath of 'results/ablation/rich_ablation_posttrain/runs/rich-ablation-posttrain-target-only' OR one path is relative and the other is absolute.,317,b726ae42599c43259faa092bbbb91d9d,rich-ablation-posttrain-target-only,already_present
fingerprint_validation/epoch_28_step_14486.csv,'/mnt/filesystem-test/nmr/results/ablation/rich_ablation_posttrain/runs/rich-ablation-posttrain-target-only/artifacts/fingerprint_validation/epoch_28_step_14486.csv' is not in the subpath of 'results/ablation/rich_ablation_posttrain/runs/rich-ablation-posttrain-target-only' OR one path is relative and the other is absolute.,318,b726ae42599c43259faa092bbbb91d9d,rich-ablation-posttrain-target-only,already_present
fingerprint_validation/epoch_29_step_14985.csv,'/mnt/filesystem-test/nmr/results/ablation/rich_ablation_posttrain/runs/rich-ablation-posttrain-target-only/artifacts/fingerprint_validation/epoch_29_step_14985.csv' is not in the subpath of 'results/ablation/rich_ablation_posttrain/runs/rich-ablation-posttrain-target-only' OR one path is relative and the other is absolute.,318,b726ae42599c43259faa092bbbb91d9d,rich-ablation-posttrain-target-only,already_present
fingerprint_validation/epoch_2_step_1499.csv,'/mnt/filesystem-test/nmr/results/ablation/rich_ablation_posttrain/runs/rich-ablation-posttrain-target-only/artifacts/fingerprint_validation/epoch_2_step_1499.csv' is not in the subpath of 'results/ablation/rich_ablation_posttrain/runs/rich-ablation-posttrain-target-only' OR one path is relative and the other is absolute.,319,b726ae42599c43259faa092bbbb91d9d,rich-ablation-posttrain-target-only,already_present
fingerprint_validation/epoch_3_step_1998.csv,'/mnt/filesystem-test/nmr/results/ablation/rich_ablation_posttrain/runs/rich-ablation-posttrain-target-only/artifacts/fingerprint_validation/epoch_3_step_1998.csv' is not in the subpath of 'results/ablation/rich_ablation_posttrain/runs/rich-ablation-posttrain-target-only' OR one path is relative and the other is absolute.,315,b726ae42599c43259faa092bbbb91d9d,rich-ablation-posttrain-target-only,already_present
fingerprint_validation/epoch_4_step_2498.csv,'/mnt/filesystem-test/nmr/results/ablation/rich_ablation_posttrain/runs/rich-ablation-posttrain-target-only/artifacts/fingerprint_validation/epoch_4_step_2498.csv' is not in the subpath of 'results/ablation/rich_ablation_posttrain/runs/rich-ablation-posttrain-target-only' OR one path is relative and the other is absolute.,317,b726ae42599c43259faa092bbbb91d9d,rich-ablation-posttrain-target-only,already_present
fingerprint_validation/epoch_5_step_2997.csv,'/mnt/filesystem-test/nmr/results/ablation/rich_ablation_posttrain/runs/rich-ablation-posttrain-target-only/artifacts/fingerprint_validation/epoch_5_step_2997.csv' is not in the subpath of 'results/ablation/rich_ablation_posttrain/runs/rich-ablation-posttrain-target-only' OR one path is relative and the other is absolute.,318,b726ae42599c43259faa092bbbb91d9d,rich-ablation-posttrain-target-only,already_present
fingerprint_validation/epoch_6_step_3497.csv,'/mnt/filesystem-test/nmr/results/ablation/rich_ablation_posttrain/runs/rich-ablation-posttrain-target-only/artifacts/fingerprint_validation/epoch_6_step_3497.csv' is not in the subpath of 'results/ablation/rich_ablation_posttrain/runs/rich-ablation-posttrain-target-only' OR one path is relative and the other is absolute.,318,b726ae42599c43259faa092bbbb91d9d,rich-ablation-posttrain-target-only,already_present
fingerprint_validation/epoch_7_step_3996.csv,'/mnt/filesystem-test/nmr/results/ablation/rich_ablation_posttrain/runs/rich-ablation-posttrain-target-only/artifacts/fingerprint_validation/epoch_7_step_3996.csv' is not in the subpath of 'results/ablation/rich_ablation_posttrain/runs/rich-ablation-posttrain-target-only' OR one path is relative and the other is absolute.,314,b726ae42599c43259faa092bbbb91d9d,rich-ablation-posttrain-target-only,already_present
fingerprint_validation/epoch_8_step_4496.csv,'/mnt/filesystem-test/nmr/results/ablation/rich_ablation_posttrain/runs/rich-ablation-posttrain-target-only/artifacts/fingerprint_validation/epoch_8_step_4496.csv' is not in the subpath of 'results/ablation/rich_ablation_posttrain/runs/rich-ablation-posttrain-target-only' OR one path is relative and the other is absolute.,316,b726ae42599c43259faa092bbbb91d9d,rich-ablation-posttrain-target-only,already_present
fingerprint_validation/epoch_9_step_4995.csv,'/mnt/filesystem-test/nmr/results/ablation/rich_ablation_posttrain/runs/rich-ablation-posttrain-target-only/artifacts/fingerprint_validation/epoch_9_step_4995.csv' is not in the subpath of 'results/ablation/rich_ablation_posttrain/runs/rich-ablation-posttrain-target-only' OR one path is relative and the other is absolute.,317,b726ae42599c43259faa092bbbb91d9d,rich-ablation-posttrain-target-only,already_present
shift_validation/c_epoch_0_step_1000.csv,'/mnt/filesystem-test/nmr/results/ablation/rich_ablation_posttrain/runs/rich-ablation-posttrain-input-only/artifacts/shift_validation/c_epoch_0_step_1000.csv' is not in the subpath of 'results/ablation/rich_ablation_posttrain/runs/rich-ablation-posttrain-input-only' OR one path is relative and the other is absolute.,1023,ba9cb84eef4f49319e3b92afada0a4aa,rich-ablation-posttrain-input-only,already_present
shift_validation/c_epoch_0_step_10000.csv,'/mnt/filesystem-test/nmr/results/ablation/rich_ablation_posttrain/runs/rich-ablation-posttrain-input-only/artifacts/shift_validation/c_epoch_0_step_10000.csv' is not in the subpath of 'results/ablation/rich_ablation_posttrain/runs/rich-ablation-posttrain-input-only' OR one path is relative and the other is absolute.,1033,ba9cb84eef4f49319e3b92afada0a4aa,rich-ablation-posttrain-input-only,already_present
shift_validation/c_epoch_0_step_10500.csv,'/mnt/filesystem-test/nmr/results/ablation/rich_ablation_posttrain/runs/rich-ablation-posttrain-input-only/artifacts/shift_validation/c_epoch_0_step_10500.csv' is not in the subpath of 'results/ablation/rich_ablation_posttrain/runs/rich-ablation-posttrain-input-only' OR one path is relative and the other is absolute.,1039,ba9cb84eef4f49319e3b92afada0a4aa,rich-ablation-posttrain-input-only,already_present
shift_validation/c_epoch_0_step_11000.csv,'/mnt/filesystem-test/nmr/results/ablation/rich_ablation_posttrain/runs/rich-ablation-posttrain-input-only/artifacts/shift_validation/c_epoch_0_step_11000.csv' is not in the subpath of 'results/ablation/rich_ablation_posttrain/runs/rich-ablation-posttrain-input-only' OR one path is relative and the other is absolute.,1031,ba9cb84eef4f49319e3b92afada0a4aa,rich-ablation-posttrain-input-only,already_present
shift_validation/c_epoch_0_step_11500.csv,'/mnt/filesystem-test/nmr/results/ablation/rich_ablation_posttrain/runs/rich-ablation-posttrain-input-only/artifacts/shift_validation/c_epoch_0_step_11500.csv' is not in the subpath of 'results/ablation/rich_ablation_posttrain/runs/rich-ablation-posttrain-input-only' OR one path is relative and the other is absolute.,1017,ba9cb84eef4f49319e3b92afada0a4aa,rich-ablation-posttrain-input-only,already_present
shift_validation/c_epoch_0_step_12000.csv,'/mnt/filesystem-test/nmr/results/ablation/rich_ablation_posttrain/runs/rich-ablation-posttrain-input-only/artifacts/shift_validation/c_epoch_0_step_12000.csv' is not in the subpath of 'results/ablation/rich_ablation_posttrain/runs/rich-ablation-posttrain-input-only' OR one path is relative and the other is absolute.,1031,ba9cb84eef4f49319e3b92afada0a4aa,rich-ablation-posttrain-input-only,already_present
shift_validation/c_epoch_0_step_12500.csv,'/mnt/filesystem-test/nmr/results/ablation/rich_ablation_posttrain/runs/rich-ablation-posttrain-input-only/artifacts/shift_validation/c_epoch_0_step_12500.csv' is not in the subpath of 'results/ablation/rich_ablation_posttrain/runs/rich-ablation-posttrain-input-only' OR one path is relative and the other is absolute.,1039,ba9cb84eef4f49319e3b92afada0a4aa,rich-ablation-posttrain-input-only,already_present
shift_validation/c_epoch_0_step_13000.csv,'/mnt/filesystem-test/nmr/results/ablation/rich_ablation_posttrain/runs/rich-ablation-posttrain-input-only/artifacts/shift_validation/c_epoch_0_step_13000.csv' is not in the subpath of 'results/ablation/rich_ablation_posttrain/runs/rich-ablation-posttrain-input-only' OR one path is relative and the other is absolute.,1030,ba9cb84eef4f49319e3b92afada0a4aa,rich-ablation-posttrain-input-only,already_present
shift_validation/c_epoch_0_step_13500.csv,'/mnt/filesystem-test/nmr/results/ablation/rich_ablation_posttrain/runs/rich-ablation-posttrain-input-only/artifacts/shift_validation/c_epoch_0_step_13500.csv' is not in the subpath of 'results/ablation/rich_ablation_posttrain/runs/rich-ablation-posttrain-input-only' OR one path is relative and the other is absolute.,1038,ba9cb84eef4f49319e3b92afada0a4aa,rich-ablation-posttrain-input-only,already_present
shift_validation/c_epoch_0_step_14000.csv,'/mnt/filesystem-test/nmr/results/ablation/rich_ablation_posttrain/runs/rich-ablation-posttrain-input-only/artifacts/shift_validation/c_epoch_0_step_14000.csv' is not in the subpath of 'results/ablation/rich_ablation_posttrain/runs/rich-ablation-posttrain-input-only' OR one path is relative and the other is absolute.,1029,ba9cb84eef4f49319e3b92afada0a4aa,rich-ablation-posttrain-input-only,already_present
shift_validation/c_epoch_0_step_14500.csv,'/mnt/filesystem-test/nmr/results/ablation/rich_ablation_posttrain/runs/rich-ablation-posttrain-input-only/artifacts/shift_validation/c_epoch_0_step_14500.csv' is not in the subpath of 'results/ablation/rich_ablation_posttrain/runs/rich-ablation-posttrain-input-only' OR one path is relative and the other is absolute.,1036,ba9cb84eef4f49319e3b92afada0a4aa,rich-ablation-posttrain-input-only,already_present
shift_validation/c_epoch_0_step_1500.csv,'/mnt/filesystem-test/nmr/results/ablation/rich_ablation_posttrain/runs/rich-ablation-posttrain-input-only/artifacts/shift_validation/c_epoch_0_step_1500.csv' is not in the subpath of 'results/ablation/rich_ablation_posttrain/runs/rich-ablation-posttrain-input-only' OR one path is relative and the other is absolute.,1033,ba9cb84eef4f49319e3b92afada0a4aa,rich-ablation-posttrain-input-only,already_present
shift_validation/c_epoch_0_step_15000.csv,'/mnt/filesystem-test/nmr/results/ablation/rich_ablation_posttrain/runs/rich-ablation-posttrain-input-only/artifacts/shift_validation/c_epoch_0_step_15000.csv' is not in the subpath of 'results/ablation/rich_ablation_posttrain/runs/rich-ablation-posttrain-input-only' OR one path is relative and the other is absolute.,1035,ba9cb84eef4f49319e3b92afada0a4aa,rich-ablation-posttrain-input-only,already_present
shift_validation/c_epoch_0_step_2000.csv,'/mnt/filesystem-test/nmr/results/ablation/rich_ablation_posttrain/runs/rich-ablation-posttrain-input-only/artifacts/shift_validation/c_epoch_0_step_2000.csv' is not in the subpath of 'results/ablation/rich_ablation_posttrain/runs/rich-ablation-posttrain-input-only' OR one path is relative and the other is absolute.,1034,ba9cb84eef4f49319e3b92afada0a4aa,rich-ablation-posttrain-input-only,already_present
shift_validation/c_epoch_0_step_2500.csv,'/mnt/filesystem-test/nmr/results/ablation/rich_ablation_posttrain/runs/rich-ablation-posttrain-input-only/artifacts/shift_validation/c_epoch_0_step_2500.csv' is not in the subpath of 'results/ablation/rich_ablation_posttrain/runs/rich-ablation-posttrain-input-only' OR one path is relative and the other is absolute.,1036,ba9cb84eef4f49319e3b92afada0a4aa,rich-ablation-posttrain-input-only,already_present
shift_validation/c_epoch_0_step_3000.csv,'/mnt/filesystem-test/nmr/results/ablation/rich_ablation_posttrain/runs/rich-ablation-posttrain-input-only/artifacts/shift_validation/c_epoch_0_step_3000.csv' is not in the subpath of 'results/ablation/rich_ablation_posttrain/runs/rich-ablation-posttrain-input-only' OR one path is relative and the other is absolute.,1035,ba9cb84eef4f49319e3b92afada0a4aa,rich-ablation-posttrain-input-only,already_present
shift_validation/c_epoch_0_step_3500.csv,'/mnt/filesystem-test/nmr/results/ablation/rich_ablation_posttrain/runs/rich-ablation-posttrain-input-only/artifacts/shift_validation/c_epoch_0_step_3500.csv' is not in the subpath of 'results/ablation/rich_ablation_posttrain/runs/rich-ablation-posttrain-input-only' OR one path is relative and the other is absolute.,1033,ba9cb84eef4f49319e3b92afada0a4aa,rich-ablation-posttrain-input-only,already_present
shift_validation/c_epoch_0_step_4000.csv,'/mnt/filesystem-test/nmr/results/ablation/rich_ablation_posttrain/runs/rich-ablation-posttrain-input-only/artifacts/shift_validation/c_epoch_0_step_4000.csv' is not in the subpath of 'results/ablation/rich_ablation_posttrain/runs/rich-ablation-posttrain-input-only' OR one path is relative and the other is absolute.,1033,ba9cb84eef4f49319e3b92afada0a4aa,rich-ablation-posttrain-input-only,already_present
shift_validation/c_epoch_0_step_4500.csv,'/mnt/filesystem-test/nmr/results/ablation/rich_ablation_posttrain/runs/rich-ablation-posttrain-input-only/artifacts/shift_validation/c_epoch_0_step_4500.csv' is not in the subpath of 'results/ablation/rich_ablation_posttrain/runs/rich-ablation-posttrain-input-only' OR one path is relative and the other is absolute.,1029,ba9cb84eef4f49319e3b92afada0a4aa,rich-ablation-posttrain-input-only,already_present
shift_validation/c_epoch_0_step_500.csv,'/mnt/filesystem-test/nmr/results/ablation/rich_ablation_posttrain/runs/rich-ablation-posttrain-input-only/artifacts/shift_validation/c_epoch_0_step_500.csv' is not in the subpath of 'results/ablation/rich_ablation_posttrain/runs/rich-ablation-posttrain-input-only' OR one path is relative and the other is absolute.,1031,ba9cb84eef4f49319e3b92afada0a4aa,rich-ablation-posttrain-input-only,already_present
shift_validation/c_epoch_0_step_5000.csv,'/mnt/filesystem-test/nmr/results/ablation/rich_ablation_posttrain/runs/rich-ablation-posttrain-input-only/artifacts/shift_validation/c_epoch_0_step_5000.csv' is not in the subpath of 'results/ablation/rich_ablation_posttrain/runs/rich-ablation-posttrain-input-only' OR one path is relative and the other is absolute.,1028,ba9cb84eef4f49319e3b92afada0a4aa,rich-ablation-posttrain-input-only,already_present
shift_validation/c_epoch_0_step_5500.csv,'/mnt/filesystem-test/nmr/results/ablation/rich_ablation_posttrain/runs/rich-ablation-posttrain-input-only/artifacts/shift_validation/c_epoch_0_step_5500.csv' is not in the subpath of 'results/ablation/rich_ablation_posttrain/runs/rich-ablation-posttrain-input-only' OR one path is relative and the other is absolute.,1032,ba9cb84eef4f49319e3b92afada0a4aa,rich-ablation-posttrain-input-only,already_present
shift_validation/c_epoch_0_step_6000.csv,'/mnt/filesystem-test/nmr/results/ablation/rich_ablation_posttrain/runs/rich-ablation-posttrain-input-only/artifacts/shift_validation/c_epoch_0_step_6000.csv' is not in the subpath of 'results/ablation/rich_ablation_posttrain/runs/rich-ablation-posttrain-input-only' OR one path is relative and the other is absolute.,1036,ba9cb84eef4f49319e3b92afada0a4aa,rich-ablation-posttrain-input-only,already_present
shift_validation/c_epoch_0_step_6500.csv,'/mnt/filesystem-test/nmr/results/ablation/rich_ablation_posttrain/runs/rich-ablation-posttrain-input-only/artifacts/shift_validation/c_epoch_0_step_6500.csv' is not in the subpath of 'results/ablation/rich_ablation_posttrain/runs/rich-ablation-posttrain-input-only' OR one path is relative and the other is absolute.,1037,ba9cb84eef4f49319e3b92afada0a4aa,rich-ablation-posttrain-input-only,already_present
shift_validation/c_epoch_0_step_7000.csv,'/mnt/filesystem-test/nmr/results/ablation/rich_ablation_posttrain/runs/rich-ablation-posttrain-input-only/artifacts/shift_validation/c_epoch_0_step_7000.csv' is not in the subpath of 'results/ablation/rich_ablation_posttrain/runs/rich-ablation-posttrain-input-only' OR one path is relative and the other is absolute.,1033,ba9cb84eef4f49319e3b92afada0a4aa,rich-ablation-posttrain-input-only,already_present
shift_validation/c_epoch_0_step_7500.csv,'/mnt/filesystem-test/nmr/results/ablation/rich_ablation_posttrain/runs/rich-ablation-posttrain-input-only/artifacts/shift_validation/c_epoch_0_step_7500.csv' is not in the subpath of 'results/ablation/rich_ablation_posttrain/runs/rich-ablation-posttrain-input-only' OR one path is relative and the other is absolute.,1034,ba9cb84eef4f49319e3b92afada0a4aa,rich-ablation-posttrain-input-only,already_present
shift_validation/c_epoch_0_step_8000.csv,'/mnt/filesystem-test/nmr/results/ablation/rich_ablation_posttrain/runs/rich-ablation-posttrain-input-only/artifacts/shift_validation/c_epoch_0_step_8000.csv' is not in the subpath of 'results/ablation/rich_ablation_posttrain/runs/rich-ablation-posttrain-input-only' OR one path is relative and the other is absolute.,1037,ba9cb84eef4f49319e3b92afada0a4aa,rich-ablation-posttrain-input-only,already_present
shift_validation/c_epoch_0_step_8500.csv,'/mnt/filesystem-test/nmr/results/ablation/rich_ablation_posttrain/runs/rich-ablation-posttrain-input-only/artifacts/shift_validation/c_epoch_0_step_8500.csv' is not in the subpath of 'results/ablation/rich_ablation_posttrain/runs/rich-ablation-posttrain-input-only' OR one path is relative and the other is absolute.,1034,ba9cb84eef4f49319e3b92afada0a4aa,rich-ablation-posttrain-input-only,already_present
shift_validation/c_epoch_0_step_9000.csv,'/mnt/filesystem-test/nmr/results/ablation/rich_ablation_posttrain/runs/rich-ablation-posttrain-input-only/artifacts/shift_validation/c_epoch_0_step_9000.csv' is not in the subpath of 'results/ablation/rich_ablation_posttrain/runs/rich-ablation-posttrain-input-only' OR one path is relative and the other is absolute.,1028,ba9cb84eef4f49319e3b92afada0a4aa,rich-ablation-posttrain-input-only,already_present
shift_validation/c_epoch_0_step_9500.csv,'/mnt/filesystem-test/nmr/results/ablation/rich_ablation_posttrain/runs/rich-ablation-posttrain-input-only/artifacts/shift_validation/c_epoch_0_step_9500.csv' is not in the subpath of 'results/ablation/rich_ablation_posttrain/runs/rich-ablation-posttrain-input-only' OR one path is relative and the other is absolute.,1040,ba9cb84eef4f49319e3b92afada0a4aa,rich-ablation-posttrain-input-only,already_present
shift_validation/h_epoch_0_step_1000.csv,'/mnt/filesystem-test/nmr/results/ablation/rich_ablation_posttrain/runs/rich-ablation-posttrain-input-only/artifacts/shift_validation/h_epoch_0_step_1000.csv' is not in the subpath of 'results/ablation/rich_ablation_posttrain/runs/rich-ablation-posttrain-input-only' OR one path is relative and the other is absolute.,1008,ba9cb84eef4f49319e3b92afada0a4aa,rich-ablation-posttrain-input-only,already_present
shift_validation/h_epoch_0_step_10000.csv,'/mnt/filesystem-test/nmr/results/ablation/rich_ablation_posttrain/runs/rich-ablation-posttrain-input-only/artifacts/shift_validation/h_epoch_0_step_10000.csv' is not in the subpath of 'results/ablation/rich_ablation_posttrain/runs/rich-ablation-posttrain-input-only' OR one path is relative and the other is absolute.,1013,ba9cb84eef4f49319e3b92afada0a4aa,rich-ablation-posttrain-input-only,already_present
shift_validation/h_epoch_0_step_10500.csv,'/mnt/filesystem-test/nmr/results/ablation/rich_ablation_posttrain/runs/rich-ablation-posttrain-input-only/artifacts/shift_validation/h_epoch_0_step_10500.csv' is not in the subpath of 'results/ablation/rich_ablation_posttrain/runs/rich-ablation-posttrain-input-only' OR one path is relative and the other is absolute.,1012,ba9cb84eef4f49319e3b92afada0a4aa,rich-ablation-posttrain-input-only,already_present
shift_validation/h_epoch_0_step_11000.csv,'/mnt/filesystem-test/nmr/results/ablation/rich_ablation_posttrain/runs/rich-ablation-posttrain-input-only/artifacts/shift_validation/h_epoch_0_step_11000.csv' is not in the subpath of 'results/ablation/rich_ablation_posttrain/runs/rich-ablation-posttrain-input-only' OR one path is relative and the other is absolute.,1012,ba9cb84eef4f49319e3b92afada0a4aa,rich-ablation-posttrain-input-only,already_present
shift_validation/h_epoch_0_step_11500.csv,'/mnt/filesystem-test/nmr/results/ablation/rich_ablation_posttrain/runs/rich-ablation-posttrain-input-only/artifacts/shift_validation/h_epoch_0_step_11500.csv' is not in the subpath of 'results/ablation/rich_ablation_posttrain/runs/rich-ablation-posttrain-input-only' OR one path is relative and the other is absolute.,1014,ba9cb84eef4f49319e3b92afada0a4aa,rich-ablation-posttrain-input-only,already_present
shift_validation/h_epoch_0_step_12000.csv,'/mnt/filesystem-test/nmr/results/ablation/rich_ablation_posttrain/runs/rich-ablation-posttrain-input-only/artifacts/shift_validation/h_epoch_0_step_12000.csv' is not in the subpath of 'results/ablation/rich_ablation_posttrain/runs/rich-ablation-posttrain-input-only' OR one path is relative and the other is absolute.,1008,ba9cb84eef4f49319e3b92afada0a4aa,rich-ablation-posttrain-input-only,already_present
shift_validation/h_epoch_0_step_12500.csv,'/mnt/filesystem-test/nmr/results/ablation/rich_ablation_posttrain/runs/rich-ablation-posttrain-input-only/artifacts/shift_validation/h_epoch_0_step_12500.csv' is not in the subpath of 'results/ablation/rich_ablation_posttrain/runs/rich-ablation-posttrain-input-only' OR one path is relative and the other is absolute.,1013,ba9cb84eef4f49319e3b92afada0a4aa,rich-ablation-posttrain-input-only,already_present
shift_validation/h_epoch_0_step_13000.csv,'/mnt/filesystem-test/nmr/results/ablation/rich_ablation_posttrain/runs/rich-ablation-posttrain-input-only/artifacts/shift_validation/h_epoch_0_step_13000.csv' is not in the subpath of 'results/ablation/rich_ablation_posttrain/runs/rich-ablation-posttrain-input-only' OR one path is relative and the other is absolute.,1011,ba9cb84eef4f49319e3b92afada0a4aa,rich-ablation-posttrain-input-only,already_present
shift_validation/h_epoch_0_step_13500.csv,'/mnt/filesystem-test/nmr/results/ablation/rich_ablation_posttrain/runs/rich-ablation-posttrain-input-only/artifacts/shift_validation/h_epoch_0_step_13500.csv' is not in the subpath of 'results/ablation/rich_ablation_posttrain/runs/rich-ablation-posttrain-input-only' OR one path is relative and the other is absolute.,1018,ba9cb84eef4f49319e3b92afada0a4aa,rich-ablation-posttrain-input-only,already_present
shift_validation/h_epoch_0_step_14000.csv,'/mnt/filesystem-test/nmr/results/ablation/rich_ablation_posttrain/runs/rich-ablation-posttrain-input-only/artifacts/shift_validation/h_epoch_0_step_14000.csv' is not in the subpath of 'results/ablation/rich_ablation_posttrain/runs/rich-ablation-posttrain-input-only' OR one path is relative and the other is absolute.,1012,ba9cb84eef4f49319e3b92afada0a4aa,rich-ablation-posttrain-input-only,already_present
shift_validation/h_epoch_0_step_14500.csv,'/mnt/filesystem-test/nmr/results/ablation/rich_ablation_posttrain/runs/rich-ablation-posttrain-input-only/artifacts/shift_validation/h_epoch_0_step_14500.csv' is not in the subpath of 'results/ablation/rich_ablation_posttrain/runs/rich-ablation-posttrain-input-only' OR one path is relative and the other is absolute.,1017,ba9cb84eef4f49319e3b92afada0a4aa,rich-ablation-posttrain-input-only,already_present
shift_validation/h_epoch_0_step_1500.csv,'/mnt/filesystem-test/nmr/results/ablation/rich_ablation_posttrain/runs/rich-ablation-posttrain-input-only/artifacts/shift_validation/h_epoch_0_step_1500.csv' is not in the subpath of 'results/ablation/rich_ablation_posttrain/runs/rich-ablation-posttrain-input-only' OR one path is relative and the other is absolute.,1014,ba9cb84eef4f49319e3b92afada0a4aa,rich-ablation-posttrain-input-only,already_present
shift_validation/h_epoch_0_step_15000.csv,'/mnt/filesystem-test/nmr/results/ablation/rich_ablation_posttrain/runs/rich-ablation-posttrain-input-only/artifacts/shift_validation/h_epoch_0_step_15000.csv' is not in the subpath of 'results/ablation/rich_ablation_posttrain/runs/rich-ablation-posttrain-input-only' OR one path is relative and the other is absolute.,1015,ba9cb84eef4f49319e3b92afada0a4aa,rich-ablation-posttrain-input-only,already_present
shift_validation/h_epoch_0_step_2000.csv,'/mnt/filesystem-test/nmr/results/ablation/rich_ablation_posttrain/runs/rich-ablation-posttrain-input-only/artifacts/shift_validation/h_epoch_0_step_2000.csv' is not in the subpath of 'results/ablation/rich_ablation_posttrain/runs/rich-ablation-posttrain-input-only' OR one path is relative and the other is absolute.,1013,ba9cb84eef4f49319e3b92afada0a4aa,rich-ablation-posttrain-input-only,already_present
shift_validation/h_epoch_0_step_2500.csv,'/mnt/filesystem-test/nmr/results/ablation/rich_ablation_posttrain/runs/rich-ablation-posttrain-input-only/artifacts/shift_validation/h_epoch_0_step_2500.csv' is not in the subpath of 'results/ablation/rich_ablation_posttrain/runs/rich-ablation-posttrain-input-only' OR one path is relative and the other is absolute.,1013,ba9cb84eef4f49319e3b92afada0a4aa,rich-ablation-posttrain-input-only,already_present
shift_validation/h_epoch_0_step_3000.csv,'/mnt/filesystem-test/nmr/results/ablation/rich_ablation_posttrain/runs/rich-ablation-posttrain-input-only/artifacts/shift_validation/h_epoch_0_step_3000.csv' is not in the subpath of 'results/ablation/rich_ablation_posttrain/runs/rich-ablation-posttrain-input-only' OR one path is relative and the other is absolute.,1012,ba9cb84eef4f49319e3b92afada0a4aa,rich-ablation-posttrain-input-only,already_present
shift_validation/h_epoch_0_step_3500.csv,'/mnt/filesystem-test/nmr/results/ablation/rich_ablation_posttrain/runs/rich-ablation-posttrain-input-only/artifacts/shift_validation/h_epoch_0_step_3500.csv' is not in the subpath of 'results/ablation/rich_ablation_posttrain/runs/rich-ablation-posttrain-input-only' OR one path is relative and the other is absolute.,1009,ba9cb84eef4f49319e3b92afada0a4aa,rich-ablation-posttrain-input-only,already_present
shift_validation/h_epoch_0_step_4000.csv,'/mnt/filesystem-test/nmr/results/ablation/rich_ablation_posttrain/runs/rich-ablation-posttrain-input-only/artifacts/shift_validation/h_epoch_0_step_4000.csv' is not in the subpath of 'results/ablation/rich_ablation_posttrain/runs/rich-ablation-posttrain-input-only' OR one path is relative and the other is absolute.,1002,ba9cb84eef4f49319e3b92afada0a4aa,rich-ablation-posttrain-input-only,already_present
shift_validation/h_epoch_0_step_4500.csv,'/mnt/filesystem-test/nmr/results/ablation/rich_ablation_posttrain/runs/rich-ablation-posttrain-input-only/artifacts/shift_validation/h_epoch_0_step_4500.csv' is not in the subpath of 'results/ablation/rich_ablation_posttrain/runs/rich-ablation-posttrain-input-only' OR one path is relative and the other is absolute.,1008,ba9cb84eef4f49319e3b92afada0a4aa,rich-ablation-posttrain-input-only,already_present
shift_validation/h_epoch_0_step_500.csv,'/mnt/filesystem-test/nmr/results/ablation/rich_ablation_posttrain/runs/rich-ablation-posttrain-input-only/artifacts/shift_validation/h_epoch_0_step_500.csv' is not in the subpath of 'results/ablation/rich_ablation_posttrain/runs/rich-ablation-posttrain-input-only' OR one path is relative and the other is absolute.,1012,ba9cb84eef4f49319e3b92afada0a4aa,rich-ablation-posttrain-input-only,already_present
shift_validation/h_epoch_0_step_5000.csv,'/mnt/filesystem-test/nmr/results/ablation/rich_ablation_posttrain/runs/rich-ablation-posttrain-input-only/artifacts/shift_validation/h_epoch_0_step_5000.csv' is not in the subpath of 'results/ablation/rich_ablation_posttrain/runs/rich-ablation-posttrain-input-only' OR one path is relative and the other is absolute.,1008,ba9cb84eef4f49319e3b92afada0a4aa,rich-ablation-posttrain-input-only,already_present
shift_validation/h_epoch_0_step_5500.csv,'/mnt/filesystem-test/nmr/results/ablation/rich_ablation_posttrain/runs/rich-ablation-posttrain-input-only/artifacts/shift_validation/h_epoch_0_step_5500.csv' is not in the subpath of 'results/ablation/rich_ablation_posttrain/runs/rich-ablation-posttrain-input-only' OR one path is relative and the other is absolute.,1009,ba9cb84eef4f49319e3b92afada0a4aa,rich-ablation-posttrain-input-only,already_present
shift_validation/h_epoch_0_step_6000.csv,'/mnt/filesystem-test/nmr/results/ablation/rich_ablation_posttrain/runs/rich-ablation-posttrain-input-only/artifacts/shift_validation/h_epoch_0_step_6000.csv' is not in the subpath of 'results/ablation/rich_ablation_posttrain/runs/rich-ablation-posttrain-input-only' OR one path is relative and the other is absolute.,1010,ba9cb84eef4f49319e3b92afada0a4aa,rich-ablation-posttrain-input-only,already_present
shift_validation/h_epoch_0_step_6500.csv,'/mnt/filesystem-test/nmr/results/ablation/rich_ablation_posttrain/runs/rich-ablation-posttrain-input-only/artifacts/shift_validation/h_epoch_0_step_6500.csv' is not in the subpath of 'results/ablation/rich_ablation_posttrain/runs/rich-ablation-posttrain-input-only' OR one path is relative and the other is absolute.,1012,ba9cb84eef4f49319e3b92afada0a4aa,rich-ablation-posttrain-input-only,already_present
shift_validation/h_epoch_0_step_7000.csv,'/mnt/filesystem-test/nmr/results/ablation/rich_ablation_posttrain/runs/rich-ablation-posttrain-input-only/artifacts/shift_validation/h_epoch_0_step_7000.csv' is not in the subpath of 'results/ablation/rich_ablation_posttrain/runs/rich-ablation-posttrain-input-only' OR one path is relative and the other is absolute.,1009,ba9cb84eef4f49319e3b92afada0a4aa,rich-ablation-posttrain-input-only,already_present
shift_validation/h_epoch_0_step_7500.csv,'/mnt/filesystem-test/nmr/results/ablation/rich_ablation_posttrain/runs/rich-ablation-posttrain-input-only/artifacts/shift_validation/h_epoch_0_step_7500.csv' is not in the subpath of 'results/ablation/rich_ablation_posttrain/runs/rich-ablation-posttrain-input-only' OR one path is relative and the other is absolute.,1015,ba9cb84eef4f49319e3b92afada0a4aa,rich-ablation-posttrain-input-only,already_present
shift_validation/h_epoch_0_step_8000.csv,'/mnt/filesystem-test/nmr/results/ablation/rich_ablation_posttrain/runs/rich-ablation-posttrain-input-only/artifacts/shift_validation/h_epoch_0_step_8000.csv' is not in the subpath of 'results/ablation/rich_ablation_posttrain/runs/rich-ablation-posttrain-input-only' OR one path is relative and the other is absolute.,1016,ba9cb84eef4f49319e3b92afada0a4aa,rich-ablation-posttrain-input-only,already_present
shift_validation/h_epoch_0_step_8500.csv,'/mnt/filesystem-test/nmr/results/ablation/rich_ablation_posttrain/runs/rich-ablation-posttrain-input-only/artifacts/shift_validation/h_epoch_0_step_8500.csv' is not in the subpath of 'results/ablation/rich_ablation_posttrain/runs/rich-ablation-posttrain-input-only' OR one path is relative and the other is absolute.,1009,ba9cb84eef4f49319e3b92afada0a4aa,rich-ablation-posttrain-input-only,already_present
shift_validation/h_epoch_0_step_9000.csv,'/mnt/filesystem-test/nmr/results/ablation/rich_ablation_posttrain/runs/rich-ablation-posttrain-input-only/artifacts/shift_validation/h_epoch_0_step_9000.csv' is not in the subpath of 'results/ablation/rich_ablation_posttrain/runs/rich-ablation-posttrain-input-only' OR one path is relative and the other is absolute.,997,ba9cb84eef4f49319e3b92afada0a4aa,rich-ablation-posttrain-input-only,already_present
shift_validation/h_epoch_0_step_9500.csv,'/mnt/filesystem-test/nmr/results/ablation/rich_ablation_posttrain/runs/rich-ablation-posttrain-input-only/artifacts/shift_validation/h_epoch_0_step_9500.csv' is not in the subpath of 'results/ablation/rich_ablation_posttrain/runs/rich-ablation-posttrain-input-only' OR one path is relative and the other is absolute.,1011,ba9cb84eef4f49319e3b92afada0a4aa,rich-ablation-posttrain-input-only,already_present
fingerprint_validation/epoch_0_step_1000.csv,'/mnt/filesystem-test/nmr/results/ablation/rich_ablation_posttrain/runs/rich-ablation-posttrain-input-only/artifacts/fingerprint_validation/epoch_0_step_1000.csv' is not in the subpath of 'results/ablation/rich_ablation_posttrain/runs/rich-ablation-posttrain-input-only' OR one path is relative and the other is absolute.,316,ba9cb84eef4f49319e3b92afada0a4aa,rich-ablation-posttrain-input-only,already_present
fingerprint_validation/epoch_0_step_10000.csv,'/mnt/filesystem-test/nmr/results/ablation/rich_ablation_posttrain/runs/rich-ablation-posttrain-input-only/artifacts/fingerprint_validation/epoch_0_step_10000.csv' is not in the subpath of 'results/ablation/rich_ablation_posttrain/runs/rich-ablation-posttrain-input-only' OR one path is relative and the other is absolute.,314,ba9cb84eef4f49319e3b92afada0a4aa,rich-ablation-posttrain-input-only,already_present
fingerprint_validation/epoch_0_step_10500.csv,'/mnt/filesystem-test/nmr/results/ablation/rich_ablation_posttrain/runs/rich-ablation-posttrain-input-only/artifacts/fingerprint_validation/epoch_0_step_10500.csv' is not in the subpath of 'results/ablation/rich_ablation_posttrain/runs/rich-ablation-posttrain-input-only' OR one path is relative and the other is absolute.,318,ba9cb84eef4f49319e3b92afada0a4aa,rich-ablation-posttrain-input-only,already_present
fingerprint_validation/epoch_0_step_11000.csv,'/mnt/filesystem-test/nmr/results/ablation/rich_ablation_posttrain/runs/rich-ablation-posttrain-input-only/artifacts/fingerprint_validation/epoch_0_step_11000.csv' is not in the subpath of 'results/ablation/rich_ablation_posttrain/runs/rich-ablation-posttrain-input-only' OR one path is relative and the other is absolute.,316,ba9cb84eef4f49319e3b92afada0a4aa,rich-ablation-posttrain-input-only,already_present
fingerprint_validation/epoch_0_step_11500.csv,'/mnt/filesystem-test/nmr/results/ablation/rich_ablation_posttrain/runs/rich-ablation-posttrain-input-only/artifacts/fingerprint_validation/epoch_0_step_11500.csv' is not in the subpath of 'results/ablation/rich_ablation_posttrain/runs/rich-ablation-posttrain-input-only' OR one path is relative and the other is absolute.,315,ba9cb84eef4f49319e3b92afada0a4aa,rich-ablation-posttrain-input-only,already_present
fingerprint_validation/epoch_0_step_12000.csv,'/mnt/filesystem-test/nmr/results/ablation/rich_ablation_posttrain/runs/rich-ablation-posttrain-input-only/artifacts/fingerprint_validation/epoch_0_step_12000.csv' is not in the subpath of 'results/ablation/rich_ablation_posttrain/runs/rich-ablation-posttrain-input-only' OR one path is relative and the other is absolute.,317,ba9cb84eef4f49319e3b92afada0a4aa,rich-ablation-posttrain-input-only,already_present
fingerprint_validation/epoch_0_step_12500.csv,'/mnt/filesystem-test/nmr/results/ablation/rich_ablation_posttrain/runs/rich-ablation-posttrain-input-only/artifacts/fingerprint_validation/epoch_0_step_12500.csv' is not in the subpath of 'results/ablation/rich_ablation_posttrain/runs/rich-ablation-posttrain-input-only' OR one path is relative and the other is absolute.,320,ba9cb84eef4f49319e3b92afada0a4aa,rich-ablation-posttrain-input-only,already_present
fingerprint_validation/epoch_0_step_13000.csv,'/mnt/filesystem-test/nmr/results/ablation/rich_ablation_posttrain/runs/rich-ablation-posttrain-input-only/artifacts/fingerprint_validation/epoch_0_step_13000.csv' is not in the subpath of 'results/ablation/rich_ablation_posttrain/runs/rich-ablation-posttrain-input-only' OR one path is relative and the other is absolute.,316,ba9cb84eef4f49319e3b92afada0a4aa,rich-ablation-posttrain-input-only,already_present
fingerprint_validation/epoch_0_step_13500.csv,'/mnt/filesystem-test/nmr/results/ablation/rich_ablation_posttrain/runs/rich-ablation-posttrain-input-only/artifacts/fingerprint_validation/epoch_0_step_13500.csv' is not in the subpath of 'results/ablation/rich_ablation_posttrain/runs/rich-ablation-posttrain-input-only' OR one path is relative and the other is absolute.,315,ba9cb84eef4f49319e3b92afada0a4aa,rich-ablation-posttrain-input-only,already_present
fingerprint_validation/epoch_0_step_14000.csv,'/mnt/filesystem-test/nmr/results/ablation/rich_ablation_posttrain/runs/rich-ablation-posttrain-input-only/artifacts/fingerprint_validation/epoch_0_step_14000.csv' is not in the subpath of 'results/ablation/rich_ablation_posttrain/runs/rich-ablation-posttrain-input-only' OR one path is relative and the other is absolute.,316,ba9cb84eef4f49319e3b92afada0a4aa,rich-ablation-posttrain-input-only,already_present
fingerprint_validation/epoch_0_step_14500.csv,'/mnt/filesystem-test/nmr/results/ablation/rich_ablation_posttrain/runs/rich-ablation-posttrain-input-only/artifacts/fingerprint_validation/epoch_0_step_14500.csv' is not in the subpath of 'results/ablation/rich_ablation_posttrain/runs/rich-ablation-posttrain-input-only' OR one path is relative and the other is absolute.,318,ba9cb84eef4f49319e3b92afada0a4aa,rich-ablation-posttrain-input-only,already_present
fingerprint_validation/epoch_0_step_1500.csv,'/mnt/filesystem-test/nmr/results/ablation/rich_ablation_posttrain/runs/rich-ablation-posttrain-input-only/artifacts/fingerprint_validation/epoch_0_step_1500.csv' is not in the subpath of 'results/ablation/rich_ablation_posttrain/runs/rich-ablation-posttrain-input-only' OR one path is relative and the other is absolute.,316,ba9cb84eef4f49319e3b92afada0a4aa,rich-ablation-posttrain-input-only,already_present
fingerprint_validation/epoch_0_step_15000.csv,'/mnt/filesystem-test/nmr/results/ablation/rich_ablation_posttrain/runs/rich-ablation-posttrain-input-only/artifacts/fingerprint_validation/epoch_0_step_15000.csv' is not in the subpath of 'results/ablation/rich_ablation_posttrain/runs/rich-ablation-posttrain-input-only' OR one path is relative and the other is absolute.,316,ba9cb84eef4f49319e3b92afada0a4aa,rich-ablation-posttrain-input-only,already_present
fingerprint_validation/epoch_0_step_2000.csv,'/mnt/filesystem-test/nmr/results/ablation/rich_ablation_posttrain/runs/rich-ablation-posttrain-input-only/artifacts/fingerprint_validation/epoch_0_step_2000.csv' is not in the subpath of 'results/ablation/rich_ablation_posttrain/runs/rich-ablation-posttrain-input-only' OR one path is relative and the other is absolute.,317,ba9cb84eef4f49319e3b92afada0a4aa,rich-ablation-posttrain-input-only,already_present
fingerprint_validation/epoch_0_step_2500.csv,'/mnt/filesystem-test/nmr/results/ablation/rich_ablation_posttrain/runs/rich-ablation-posttrain-input-only/artifacts/fingerprint_validation/epoch_0_step_2500.csv' is not in the subpath of 'results/ablation/rich_ablation_posttrain/runs/rich-ablation-posttrain-input-only' OR one path is relative and the other is absolute.,317,ba9cb84eef4f49319e3b92afada0a4aa,rich-ablation-posttrain-input-only,already_present
fingerprint_validation/epoch_0_step_3000.csv,'/mnt/filesystem-test/nmr/results/ablation/rich_ablation_posttrain/runs/rich-ablation-posttrain-input-only/artifacts/fingerprint_validation/epoch_0_step_3000.csv' is not in the subpath of 'results/ablation/rich_ablation_posttrain/runs/rich-ablation-posttrain-input-only' OR one path is relative and the other is absolute.,318,ba9cb84eef4f49319e3b92afada0a4aa,rich-ablation-posttrain-input-only,already_present
fingerprint_validation/epoch_0_step_3500.csv,'/mnt/filesystem-test/nmr/results/ablation/rich_ablation_posttrain/runs/rich-ablation-posttrain-input-only/artifacts/fingerprint_validation/epoch_0_step_3500.csv' is not in the subpath of 'results/ablation/rich_ablation_posttrain/runs/rich-ablation-posttrain-input-only' OR one path is relative and the other is absolute.,318,ba9cb84eef4f49319e3b92afada0a4aa,rich-ablation-posttrain-input-only,already_present
fingerprint_validation/epoch_0_step_4000.csv,'/mnt/filesystem-test/nmr/results/ablation/rich_ablation_posttrain/runs/rich-ablation-posttrain-input-only/artifacts/fingerprint_validation/epoch_0_step_4000.csv' is not in the subpath of 'results/ablation/rich_ablation_posttrain/runs/rich-ablation-posttrain-input-only' OR one path is relative and the other is absolute.,316,ba9cb84eef4f49319e3b92afada0a4aa,rich-ablation-posttrain-input-only,already_present
fingerprint_validation/epoch_0_step_4500.csv,'/mnt/filesystem-test/nmr/results/ablation/rich_ablation_posttrain/runs/rich-ablation-posttrain-input-only/artifacts/fingerprint_validation/epoch_0_step_4500.csv' is not in the subpath of 'results/ablation/rich_ablation_posttrain/runs/rich-ablation-posttrain-input-only' OR one path is relative and the other is absolute.,315,ba9cb84eef4f49319e3b92afada0a4aa,rich-ablation-posttrain-input-only,already_present
fingerprint_validation/epoch_0_step_500.csv,'/mnt/filesystem-test/nmr/results/ablation/rich_ablation_posttrain/runs/rich-ablation-posttrain-input-only/artifacts/fingerprint_validation/epoch_0_step_500.csv' is not in the subpath of 'results/ablation/rich_ablation_posttrain/runs/rich-ablation-posttrain-input-only' OR one path is relative and the other is absolute.,315,ba9cb84eef4f49319e3b92afada0a4aa,rich-ablation-posttrain-input-only,already_present
fingerprint_validation/epoch_0_step_5000.csv,'/mnt/filesystem-test/nmr/results/ablation/rich_ablation_posttrain/runs/rich-ablation-posttrain-input-only/artifacts/fingerprint_validation/epoch_0_step_5000.csv' is not in the subpath of 'results/ablation/rich_ablation_posttrain/runs/rich-ablation-posttrain-input-only' OR one path is relative and the other is absolute.,318,ba9cb84eef4f49319e3b92afada0a4aa,rich-ablation-posttrain-input-only,already_present
fingerprint_validation/epoch_0_step_5500.csv,'/mnt/filesystem-test/nmr/results/ablation/rich_ablation_posttrain/runs/rich-ablation-posttrain-input-only/artifacts/fingerprint_validation/epoch_0_step_5500.csv' is not in the subpath of 'results/ablation/rich_ablation_posttrain/runs/rich-ablation-posttrain-input-only' OR one path is relative and the other is absolute.,316,ba9cb84eef4f49319e3b92afada0a4aa,rich-ablation-posttrain-input-only,already_present
fingerprint_validation/epoch_0_step_6000.csv,'/mnt/filesystem-test/nmr/results/ablation/rich_ablation_posttrain/runs/rich-ablation-posttrain-input-only/artifacts/fingerprint_validation/epoch_0_step_6000.csv' is not in the subpath of 'results/ablation/rich_ablation_posttrain/runs/rich-ablation-posttrain-input-only' OR one path is relative and the other is absolute.,319,ba9cb84eef4f49319e3b92afada0a4aa,rich-ablation-posttrain-input-only,already_present
fingerprint_validation/epoch_0_step_6500.csv,'/mnt/filesystem-test/nmr/results/ablation/rich_ablation_posttrain/runs/rich-ablation-posttrain-input-only/artifacts/fingerprint_validation/epoch_0_step_6500.csv' is not in the subpath of 'results/ablation/rich_ablation_posttrain/runs/rich-ablation-posttrain-input-only' OR one path is relative and the other is absolute.,315,ba9cb84eef4f49319e3b92afada0a4aa,rich-ablation-posttrain-input-only,already_present
fingerprint_validation/epoch_0_step_7000.csv,'/mnt/filesystem-test/nmr/results/ablation/rich_ablation_posttrain/runs/rich-ablation-posttrain-input-only/artifacts/fingerprint_validation/epoch_0_step_7000.csv' is not in the subpath of 'results/ablation/rich_ablation_posttrain/runs/rich-ablation-posttrain-input-only' OR one path is relative and the other is absolute.,315,ba9cb84eef4f49319e3b92afada0a4aa,rich-ablation-posttrain-input-only,already_present
fingerprint_validation/epoch_0_step_7500.csv,'/mnt/filesystem-test/nmr/results/ablation/rich_ablation_posttrain/runs/rich-ablation-posttrain-input-only/artifacts/fingerprint_validation/epoch_0_step_7500.csv' is not in the subpath of 'results/ablation/rich_ablation_posttrain/runs/rich-ablation-posttrain-input-only' OR one path is relative and the other is absolute.,318,ba9cb84eef4f49319e3b92afada0a4aa,rich-ablation-posttrain-input-only,already_present
fingerprint_validation/epoch_0_step_8000.csv,'/mnt/filesystem-test/nmr/results/ablation/rich_ablation_posttrain/runs/rich-ablation-posttrain-input-only/artifacts/fingerprint_validation/epoch_0_step_8000.csv' is not in the subpath of 'results/ablation/rich_ablation_posttrain/runs/rich-ablation-posttrain-input-only' OR one path is relative and the other is absolute.,315,ba9cb84eef4f49319e3b92afada0a4aa,rich-ablation-posttrain-input-only,already_present
fingerprint_validation/epoch_0_step_8500.csv,'/mnt/filesystem-test/nmr/results/ablation/rich_ablation_posttrain/runs/rich-ablation-posttrain-input-only/artifacts/fingerprint_validation/epoch_0_step_8500.csv' is not in the subpath of 'results/ablation/rich_ablation_posttrain/runs/rich-ablation-posttrain-input-only' OR one path is relative and the other is absolute.,315,ba9cb84eef4f49319e3b92afada0a4aa,rich-ablation-posttrain-input-only,already_present
fingerprint_validation/epoch_0_step_9000.csv,'/mnt/filesystem-test/nmr/results/ablation/rich_ablation_posttrain/runs/rich-ablation-posttrain-input-only/artifacts/fingerprint_validation/epoch_0_step_9000.csv' is not in the subpath of 'results/ablation/rich_ablation_posttrain/runs/rich-ablation-posttrain-input-only' OR one path is relative and the other is absolute.,315,ba9cb84eef4f49319e3b92afada0a4aa,rich-ablation-posttrain-input-only,already_present
fingerprint_validation/epoch_0_step_9500.csv,'/mnt/filesystem-test/nmr/results/ablation/rich_ablation_posttrain/runs/rich-ablation-posttrain-input-only/artifacts/fingerprint_validation/epoch_0_step_9500.csv' is not in the subpath of 'results/ablation/rich_ablation_posttrain/runs/rich-ablation-posttrain-input-only' OR one path is relative and the other is absolute.,318,ba9cb84eef4f49319e3b92afada0a4aa,rich-ablation-posttrain-input-only,already_present
shift_validation/c_epoch_0_step_1000.csv,'/mnt/filesystem-test/nmr/results/ablation/rich_ablation_posttrain/runs/rich-ablation-posttrain-disabled/artifacts/shift_validation/c_epoch_0_step_1000.csv' is not in the subpath of 'results/ablation/rich_ablation_posttrain/runs/rich-ablation-posttrain-disabled' OR one path is relative and the other is absolute.,1035,00521736f40b4a07b4867aaa8c78eb8a,rich-ablation-posttrain-disabled,already_present
shift_validation/c_epoch_0_step_10000.csv,'/mnt/filesystem-test/nmr/results/ablation/rich_ablation_posttrain/runs/rich-ablation-posttrain-disabled/artifacts/shift_validation/c_epoch_0_step_10000.csv' is not in the subpath of 'results/ablation/rich_ablation_posttrain/runs/rich-ablation-posttrain-disabled' OR one path is relative and the other is absolute.,1036,00521736f40b4a07b4867aaa8c78eb8a,rich-ablation-posttrain-disabled,already_present
shift_validation/c_epoch_0_step_10500.csv,'/mnt/filesystem-test/nmr/results/ablation/rich_ablation_posttrain/runs/rich-ablation-posttrain-disabled/artifacts/shift_validation/c_epoch_0_step_10500.csv' is not in the subpath of 'results/ablation/rich_ablation_posttrain/runs/rich-ablation-posttrain-disabled' OR one path is relative and the other is absolute.,1039,00521736f40b4a07b4867aaa8c78eb8a,rich-ablation-posttrain-disabled,already_present
shift_validation/c_epoch_0_step_11000.csv,'/mnt/filesystem-test/nmr/results/ablation/rich_ablation_posttrain/runs/rich-ablation-posttrain-disabled/artifacts/shift_validation/c_epoch_0_step_11000.csv' is not in the subpath of 'results/ablation/rich_ablation_posttrain/runs/rich-ablation-posttrain-disabled' OR one path is relative and the other is absolute.,1033,00521736f40b4a07b4867aaa8c78eb8a,rich-ablation-posttrain-disabled,already_present
shift_validation/c_epoch_0_step_11500.csv,'/mnt/filesystem-test/nmr/results/ablation/rich_ablation_posttrain/runs/rich-ablation-posttrain-disabled/artifacts/shift_validation/c_epoch_0_step_11500.csv' is not in the subpath of 'results/ablation/rich_ablation_posttrain/runs/rich-ablation-posttrain-disabled' OR one path is relative and the other is absolute.,1035,00521736f40b4a07b4867aaa8c78eb8a,rich-ablation-posttrain-disabled,already_present
shift_validation/c_epoch_0_step_12000.csv,'/mnt/filesystem-test/nmr/results/ablation/rich_ablation_posttrain/runs/rich-ablation-posttrain-disabled/artifacts/shift_validation/c_epoch_0_step_12000.csv' is not in the subpath of 'results/ablation/rich_ablation_posttrain/runs/rich-ablation-posttrain-disabled' OR one path is relative and the other is absolute.,1029,00521736f40b4a07b4867aaa8c78eb8a,rich-ablation-posttrain-disabled,already_present
shift_validation/c_epoch_0_step_12500.csv,'/mnt/filesystem-test/nmr/results/ablation/rich_ablation_posttrain/runs/rich-ablation-posttrain-disabled/artifacts/shift_validation/c_epoch_0_step_12500.csv' is not in the subpath of 'results/ablation/rich_ablation_posttrain/runs/rich-ablation-posttrain-disabled' OR one path is relative and the other is absolute.,1034,00521736f40b4a07b4867aaa8c78eb8a,rich-ablation-posttrain-disabled,already_present
shift_validation/c_epoch_0_step_13000.csv,'/mnt/filesystem-test/nmr/results/ablation/rich_ablation_posttrain/runs/rich-ablation-posttrain-disabled/artifacts/shift_validation/c_epoch_0_step_13000.csv' is not in the subpath of 'results/ablation/rich_ablation_posttrain/runs/rich-ablation-posttrain-disabled' OR one path is relative and the other is absolute.,1033,00521736f40b4a07b4867aaa8c78eb8a,rich-ablation-posttrain-disabled,already_present
shift_validation/c_epoch_0_step_13500.csv,'/mnt/filesystem-test/nmr/results/ablation/rich_ablation_posttrain/runs/rich-ablation-posttrain-disabled/artifacts/shift_validation/c_epoch_0_step_13500.csv' is not in the subpath of 'results/ablation/rich_ablation_posttrain/runs/rich-ablation-posttrain-disabled' OR one path is relative and the other is absolute.,1030,00521736f40b4a07b4867aaa8c78eb8a,rich-ablation-posttrain-disabled,already_present
shift_validation/c_epoch_0_step_14000.csv,'/mnt/filesystem-test/nmr/results/ablation/rich_ablation_posttrain/runs/rich-ablation-posttrain-disabled/artifacts/shift_validation/c_epoch_0_step_14000.csv' is not in the subpath of 'results/ablation/rich_ablation_posttrain/runs/rich-ablation-posttrain-disabled' OR one path is relative and the other is absolute.,1035,00521736f40b4a07b4867aaa8c78eb8a,rich-ablation-posttrain-disabled,already_present
shift_validation/c_epoch_0_step_14500.csv,'/mnt/filesystem-test/nmr/results/ablation/rich_ablation_posttrain/runs/rich-ablation-posttrain-disabled/artifacts/shift_validation/c_epoch_0_step_14500.csv' is not in the subpath of 'results/ablation/rich_ablation_posttrain/runs/rich-ablation-posttrain-disabled' OR one path is relative and the other is absolute.,1036,00521736f40b4a07b4867aaa8c78eb8a,rich-ablation-posttrain-disabled,already_present
shift_validation/c_epoch_0_step_1500.csv,'/mnt/filesystem-test/nmr/results/ablation/rich_ablation_posttrain/runs/rich-ablation-posttrain-disabled/artifacts/shift_validation/c_epoch_0_step_1500.csv' is not in the subpath of 'results/ablation/rich_ablation_posttrain/runs/rich-ablation-posttrain-disabled' OR one path is relative and the other is absolute.,1040,00521736f40b4a07b4867aaa8c78eb8a,rich-ablation-posttrain-disabled,already_present
shift_validation/c_epoch_0_step_15000.csv,'/mnt/filesystem-test/nmr/results/ablation/rich_ablation_posttrain/runs/rich-ablation-posttrain-disabled/artifacts/shift_validation/c_epoch_0_step_15000.csv' is not in the subpath of 'results/ablation/rich_ablation_posttrain/runs/rich-ablation-posttrain-disabled' OR one path is relative and the other is absolute.,1036,00521736f40b4a07b4867aaa8c78eb8a,rich-ablation-posttrain-disabled,already_present
shift_validation/c_epoch_0_step_2000.csv,'/mnt/filesystem-test/nmr/results/ablation/rich_ablation_posttrain/runs/rich-ablation-posttrain-disabled/artifacts/shift_validation/c_epoch_0_step_2000.csv' is not in the subpath of 'results/ablation/rich_ablation_posttrain/runs/rich-ablation-posttrain-disabled' OR one path is relative and the other is absolute.,1035,00521736f40b4a07b4867aaa8c78eb8a,rich-ablation-posttrain-disabled,already_present
shift_validation/c_epoch_0_step_2500.csv,'/mnt/filesystem-test/nmr/results/ablation/rich_ablation_posttrain/runs/rich-ablation-posttrain-disabled/artifacts/shift_validation/c_epoch_0_step_2500.csv' is not in the subpath of 'results/ablation/rich_ablation_posttrain/runs/rich-ablation-posttrain-disabled' OR one path is relative and the other is absolute.,1038,00521736f40b4a07b4867aaa8c78eb8a,rich-ablation-posttrain-disabled,already_present
shift_validation/c_epoch_0_step_3000.csv,'/mnt/filesystem-test/nmr/results/ablation/rich_ablation_posttrain/runs/rich-ablation-posttrain-disabled/artifacts/shift_validation/c_epoch_0_step_3000.csv' is not in the subpath of 'results/ablation/rich_ablation_posttrain/runs/rich-ablation-posttrain-disabled' OR one path is relative and the other is absolute.,1036,00521736f40b4a07b4867aaa8c78eb8a,rich-ablation-posttrain-disabled,already_present
shift_validation/c_epoch_0_step_3500.csv,'/mnt/filesystem-test/nmr/results/ablation/rich_ablation_posttrain/runs/rich-ablation-posttrain-disabled/artifacts/shift_validation/c_epoch_0_step_3500.csv' is not in the subpath of 'results/ablation/rich_ablation_posttrain/runs/rich-ablation-posttrain-disabled' OR one path is relative and the other is absolute.,1038,00521736f40b4a07b4867aaa8c78eb8a,rich-ablation-posttrain-disabled,already_present
shift_validation/c_epoch_0_step_4000.csv,'/mnt/filesystem-test/nmr/results/ablation/rich_ablation_posttrain/runs/rich-ablation-posttrain-disabled/artifacts/shift_validation/c_epoch_0_step_4000.csv' is not in the subpath of 'results/ablation/rich_ablation_posttrain/runs/rich-ablation-posttrain-disabled' OR one path is relative and the other is absolute.,1022,00521736f40b4a07b4867aaa8c78eb8a,rich-ablation-posttrain-disabled,already_present
shift_validation/c_epoch_0_step_4500.csv,'/mnt/filesystem-test/nmr/results/ablation/rich_ablation_posttrain/runs/rich-ablation-posttrain-disabled/artifacts/shift_validation/c_epoch_0_step_4500.csv' is not in the subpath of 'results/ablation/rich_ablation_posttrain/runs/rich-ablation-posttrain-disabled' OR one path is relative and the other is absolute.,1031,00521736f40b4a07b4867aaa8c78eb8a,rich-ablation-posttrain-disabled,already_present
shift_validation/c_epoch_0_step_500.csv,'/mnt/filesystem-test/nmr/results/ablation/rich_ablation_posttrain/runs/rich-ablation-posttrain-disabled/artifacts/shift_validation/c_epoch_0_step_500.csv' is not in the subpath of 'results/ablation/rich_ablation_posttrain/runs/rich-ablation-posttrain-disabled' OR one path is relative and the other is absolute.,1036,00521736f40b4a07b4867aaa8c78eb8a,rich-ablation-posttrain-disabled,already_present
shift_validation/c_epoch_0_step_5000.csv,'/mnt/filesystem-test/nmr/results/ablation/rich_ablation_posttrain/runs/rich-ablation-posttrain-disabled/artifacts/shift_validation/c_epoch_0_step_5000.csv' is not in the subpath of 'results/ablation/rich_ablation_posttrain/runs/rich-ablation-posttrain-disabled' OR one path is relative and the other is absolute.,1033,00521736f40b4a07b4867aaa8c78eb8a,rich-ablation-posttrain-disabled,already_present
shift_validation/c_epoch_0_step_5500.csv,'/mnt/filesystem-test/nmr/results/ablation/rich_ablation_posttrain/runs/rich-ablation-posttrain-disabled/artifacts/shift_validation/c_epoch_0_step_5500.csv' is not in the subpath of 'results/ablation/rich_ablation_posttrain/runs/rich-ablation-posttrain-disabled' OR one path is relative and the other is absolute.,1036,00521736f40b4a07b4867aaa8c78eb8a,rich-ablation-posttrain-disabled,already_present
shift_validation/c_epoch_0_step_6000.csv,'/mnt/filesystem-test/nmr/results/ablation/rich_ablation_posttrain/runs/rich-ablation-posttrain-disabled/artifacts/shift_validation/c_epoch_0_step_6000.csv' is not in the subpath of 'results/ablation/rich_ablation_posttrain/runs/rich-ablation-posttrain-disabled' OR one path is relative and the other is absolute.,1033,00521736f40b4a07b4867aaa8c78eb8a,rich-ablation-posttrain-disabled,already_present
shift_validation/c_epoch_0_step_6500.csv,'/mnt/filesystem-test/nmr/results/ablation/rich_ablation_posttrain/runs/rich-ablation-posttrain-disabled/artifacts/shift_validation/c_epoch_0_step_6500.csv' is not in the subpath of 'results/ablation/rich_ablation_posttrain/runs/rich-ablation-posttrain-disabled' OR one path is relative and the other is absolute.,1034,00521736f40b4a07b4867aaa8c78eb8a,rich-ablation-posttrain-disabled,already_present
shift_validation/c_epoch_0_step_7000.csv,'/mnt/filesystem-test/nmr/results/ablation/rich_ablation_posttrain/runs/rich-ablation-posttrain-disabled/artifacts/shift_validation/c_epoch_0_step_7000.csv' is not in the subpath of 'results/ablation/rich_ablation_posttrain/runs/rich-ablation-posttrain-disabled' OR one path is relative and the other is absolute.,1037,00521736f40b4a07b4867aaa8c78eb8a,rich-ablation-posttrain-disabled,already_present
shift_validation/c_epoch_0_step_7500.csv,'/mnt/filesystem-test/nmr/results/ablation/rich_ablation_posttrain/runs/rich-ablation-posttrain-disabled/artifacts/shift_validation/c_epoch_0_step_7500.csv' is not in the subpath of 'results/ablation/rich_ablation_posttrain/runs/rich-ablation-posttrain-disabled' OR one path is relative and the other is absolute.,1038,00521736f40b4a07b4867aaa8c78eb8a,rich-ablation-posttrain-disabled,already_present
shift_validation/c_epoch_0_step_8000.csv,'/mnt/filesystem-test/nmr/results/ablation/rich_ablation_posttrain/runs/rich-ablation-posttrain-disabled/artifacts/shift_validation/c_epoch_0_step_8000.csv' is not in the subpath of 'results/ablation/rich_ablation_posttrain/runs/rich-ablation-posttrain-disabled' OR one path is relative and the other is absolute.,1031,00521736f40b4a07b4867aaa8c78eb8a,rich-ablation-posttrain-disabled,already_present
shift_validation/c_epoch_0_step_8500.csv,'/mnt/filesystem-test/nmr/results/ablation/rich_ablation_posttrain/runs/rich-ablation-posttrain-disabled/artifacts/shift_validation/c_epoch_0_step_8500.csv' is not in the subpath of 'results/ablation/rich_ablation_posttrain/runs/rich-ablation-posttrain-disabled' OR one path is relative and the other is absolute.,1035,00521736f40b4a07b4867aaa8c78eb8a,rich-ablation-posttrain-disabled,already_present
shift_validation/c_epoch_0_step_9000.csv,'/mnt/filesystem-test/nmr/results/ablation/rich_ablation_posttrain/runs/rich-ablation-posttrain-disabled/artifacts/shift_validation/c_epoch_0_step_9000.csv' is not in the subpath of 'results/ablation/rich_ablation_posttrain/runs/rich-ablation-posttrain-disabled' OR one path is relative and the other is absolute.,1030,00521736f40b4a07b4867aaa8c78eb8a,rich-ablation-posttrain-disabled,already_present
shift_validation/c_epoch_0_step_9500.csv,'/mnt/filesystem-test/nmr/results/ablation/rich_ablation_posttrain/runs/rich-ablation-posttrain-disabled/artifacts/shift_validation/c_epoch_0_step_9500.csv' is not in the subpath of 'results/ablation/rich_ablation_posttrain/runs/rich-ablation-posttrain-disabled' OR one path is relative and the other is absolute.,1032,00521736f40b4a07b4867aaa8c78eb8a,rich-ablation-posttrain-disabled,already_present
shift_validation/h_epoch_0_step_1000.csv,'/mnt/filesystem-test/nmr/results/ablation/rich_ablation_posttrain/runs/rich-ablation-posttrain-disabled/artifacts/shift_validation/h_epoch_0_step_1000.csv' is not in the subpath of 'results/ablation/rich_ablation_posttrain/runs/rich-ablation-posttrain-disabled' OR one path is relative and the other is absolute.,1011,00521736f40b4a07b4867aaa8c78eb8a,rich-ablation-posttrain-disabled,already_present
shift_validation/h_epoch_0_step_10000.csv,'/mnt/filesystem-test/nmr/results/ablation/rich_ablation_posttrain/runs/rich-ablation-posttrain-disabled/artifacts/shift_validation/h_epoch_0_step_10000.csv' is not in the subpath of 'results/ablation/rich_ablation_posttrain/runs/rich-ablation-posttrain-disabled' OR one path is relative and the other is absolute.,1015,00521736f40b4a07b4867aaa8c78eb8a,rich-ablation-posttrain-disabled,already_present
shift_validation/h_epoch_0_step_10500.csv,'/mnt/filesystem-test/nmr/results/ablation/rich_ablation_posttrain/runs/rich-ablation-posttrain-disabled/artifacts/shift_validation/h_epoch_0_step_10500.csv' is not in the subpath of 'results/ablation/rich_ablation_posttrain/runs/rich-ablation-posttrain-disabled' OR one path is relative and the other is absolute.,1017,00521736f40b4a07b4867aaa8c78eb8a,rich-ablation-posttrain-disabled,already_present
shift_validation/h_epoch_0_step_11000.csv,'/mnt/filesystem-test/nmr/results/ablation/rich_ablation_posttrain/runs/rich-ablation-posttrain-disabled/artifacts/shift_validation/h_epoch_0_step_11000.csv' is not in the subpath of 'results/ablation/rich_ablation_posttrain/runs/rich-ablation-posttrain-disabled' OR one path is relative and the other is absolute.,1007,00521736f40b4a07b4867aaa8c78eb8a,rich-ablation-posttrain-disabled,already_present
shift_validation/h_epoch_0_step_11500.csv,'/mnt/filesystem-test/nmr/results/ablation/rich_ablation_posttrain/runs/rich-ablation-posttrain-disabled/artifacts/shift_validation/h_epoch_0_step_11500.csv' is not in the subpath of 'results/ablation/rich_ablation_posttrain/runs/rich-ablation-posttrain-disabled' OR one path is relative and the other is absolute.,1013,00521736f40b4a07b4867aaa8c78eb8a,rich-ablation-posttrain-disabled,already_present
shift_validation/h_epoch_0_step_12000.csv,'/mnt/filesystem-test/nmr/results/ablation/rich_ablation_posttrain/runs/rich-ablation-posttrain-disabled/artifacts/shift_validation/h_epoch_0_step_12000.csv' is not in the subpath of 'results/ablation/rich_ablation_posttrain/runs/rich-ablation-posttrain-disabled' OR one path is relative and the other is absolute.,1012,00521736f40b4a07b4867aaa8c78eb8a,rich-ablation-posttrain-disabled,already_present
shift_validation/h_epoch_0_step_12500.csv,'/mnt/filesystem-test/nmr/results/ablation/rich_ablation_posttrain/runs/rich-ablation-posttrain-disabled/artifacts/shift_validation/h_epoch_0_step_12500.csv' is not in the subpath of 'results/ablation/rich_ablation_posttrain/runs/rich-ablation-posttrain-disabled' OR one path is relative and the other is absolute.,1009,00521736f40b4a07b4867aaa8c78eb8a,rich-ablation-posttrain-disabled,already_present
shift_validation/h_epoch_0_step_13000.csv,'/mnt/filesystem-test/nmr/results/ablation/rich_ablation_posttrain/runs/rich-ablation-posttrain-disabled/artifacts/shift_validation/h_epoch_0_step_13000.csv' is not in the subpath of 'results/ablation/rich_ablation_posttrain/runs/rich-ablation-posttrain-disabled' OR one path is relative and the other is absolute.,1005,00521736f40b4a07b4867aaa8c78eb8a,rich-ablation-posttrain-disabled,already_present
shift_validation/h_epoch_0_step_13500.csv,'/mnt/filesystem-test/nmr/results/ablation/rich_ablation_posttrain/runs/rich-ablation-posttrain-disabled/artifacts/shift_validation/h_epoch_0_step_13500.csv' is not in the subpath of 'results/ablation/rich_ablation_posttrain/runs/rich-ablation-posttrain-disabled' OR one path is relative and the other is absolute.,1009,00521736f40b4a07b4867aaa8c78eb8a,rich-ablation-posttrain-disabled,already_present
shift_validation/h_epoch_0_step_14000.csv,'/mnt/filesystem-test/nmr/results/ablation/rich_ablation_posttrain/runs/rich-ablation-posttrain-disabled/artifacts/shift_validation/h_epoch_0_step_14000.csv' is not in the subpath of 'results/ablation/rich_ablation_posttrain/runs/rich-ablation-posttrain-disabled' OR one path is relative and the other is absolute.,1012,00521736f40b4a07b4867aaa8c78eb8a,rich-ablation-posttrain-disabled,already_present
shift_validation/h_epoch_0_step_14500.csv,'/mnt/filesystem-test/nmr/results/ablation/rich_ablation_posttrain/runs/rich-ablation-posttrain-disabled/artifacts/shift_validation/h_epoch_0_step_14500.csv' is not in the subpath of 'results/ablation/rich_ablation_posttrain/runs/rich-ablation-posttrain-disabled' OR one path is relative and the other is absolute.,1015,00521736f40b4a07b4867aaa8c78eb8a,rich-ablation-posttrain-disabled,already_present
shift_validation/h_epoch_0_step_1500.csv,'/mnt/filesystem-test/nmr/results/ablation/rich_ablation_posttrain/runs/rich-ablation-posttrain-disabled/artifacts/shift_validation/h_epoch_0_step_1500.csv' is not in the subpath of 'results/ablation/rich_ablation_posttrain/runs/rich-ablation-posttrain-disabled' OR one path is relative and the other is absolute.,1010,00521736f40b4a07b4867aaa8c78eb8a,rich-ablation-posttrain-disabled,already_present
shift_validation/h_epoch_0_step_15000.csv,'/mnt/filesystem-test/nmr/results/ablation/rich_ablation_posttrain/runs/rich-ablation-posttrain-disabled/artifacts/shift_validation/h_epoch_0_step_15000.csv' is not in the subpath of 'results/ablation/rich_ablation_posttrain/runs/rich-ablation-posttrain-disabled' OR one path is relative and the other is absolute.,1013,00521736f40b4a07b4867aaa8c78eb8a,rich-ablation-posttrain-disabled,already_present
shift_validation/h_epoch_0_step_2000.csv,'/mnt/filesystem-test/nmr/results/ablation/rich_ablation_posttrain/runs/rich-ablation-posttrain-disabled/artifacts/shift_validation/h_epoch_0_step_2000.csv' is not in the subpath of 'results/ablation/rich_ablation_posttrain/runs/rich-ablation-posttrain-disabled' OR one path is relative and the other is absolute.,1009,00521736f40b4a07b4867aaa8c78eb8a,rich-ablation-posttrain-disabled,already_present
shift_validation/h_epoch_0_step_2500.csv,'/mnt/filesystem-test/nmr/results/ablation/rich_ablation_posttrain/runs/rich-ablation-posttrain-disabled/artifacts/shift_validation/h_epoch_0_step_2500.csv' is not in the subpath of 'results/ablation/rich_ablation_posttrain/runs/rich-ablation-posttrain-disabled' OR one path is relative and the other is absolute.,1016,00521736f40b4a07b4867aaa8c78eb8a,rich-ablation-posttrain-disabled,already_present
shift_validation/h_epoch_0_step_3000.csv,'/mnt/filesystem-test/nmr/results/ablation/rich_ablation_posttrain/runs/rich-ablation-posttrain-disabled/artifacts/shift_validation/h_epoch_0_step_3000.csv' is not in the subpath of 'results/ablation/rich_ablation_posttrain/runs/rich-ablation-posttrain-disabled' OR one path is relative and the other is absolute.,1017,00521736f40b4a07b4867aaa8c78eb8a,rich-ablation-posttrain-disabled,already_present
shift_validation/h_epoch_0_step_3500.csv,'/mnt/filesystem-test/nmr/results/ablation/rich_ablation_posttrain/runs/rich-ablation-posttrain-disabled/artifacts/shift_validation/h_epoch_0_step_3500.csv' is not in the subpath of 'results/ablation/rich_ablation_posttrain/runs/rich-ablation-posttrain-disabled' OR one path is relative and the other is absolute.,1009,00521736f40b4a07b4867aaa8c78eb8a,rich-ablation-posttrain-disabled,already_present
shift_validation/h_epoch_0_step_4000.csv,'/mnt/filesystem-test/nmr/results/ablation/rich_ablation_posttrain/runs/rich-ablation-posttrain-disabled/artifacts/shift_validation/h_epoch_0_step_4000.csv' is not in the subpath of 'results/ablation/rich_ablation_posttrain/runs/rich-ablation-posttrain-disabled' OR one path is relative and the other is absolute.,1017,00521736f40b4a07b4867aaa8c78eb8a,rich-ablation-posttrain-disabled,already_present
shift_validation/h_epoch_0_step_4500.csv,'/mnt/filesystem-test/nmr/results/ablation/rich_ablation_posttrain/runs/rich-ablation-posttrain-disabled/artifacts/shift_validation/h_epoch_0_step_4500.csv' is not in the subpath of 'results/ablation/rich_ablation_posttrain/runs/rich-ablation-posttrain-disabled' OR one path is relative and the other is absolute.,1012,00521736f40b4a07b4867aaa8c78eb8a,rich-ablation-posttrain-disabled,already_present
shift_validation/h_epoch_0_step_500.csv,'/mnt/filesystem-test/nmr/results/ablation/rich_ablation_posttrain/runs/rich-ablation-posttrain-disabled/artifacts/shift_validation/h_epoch_0_step_500.csv' is not in the subpath of 'results/ablation/rich_ablation_posttrain/runs/rich-ablation-posttrain-disabled' OR one path is relative and the other is absolute.,1012,00521736f40b4a07b4867aaa8c78eb8a,rich-ablation-posttrain-disabled,already_present
shift_validation/h_epoch_0_step_5000.csv,'/mnt/filesystem-test/nmr/results/ablation/rich_ablation_posttrain/runs/rich-ablation-posttrain-disabled/artifacts/shift_validation/h_epoch_0_step_5000.csv' is not in the subpath of 'results/ablation/rich_ablation_posttrain/runs/rich-ablation-posttrain-disabled' OR one path is relative and the other is absolute.,1011,00521736f40b4a07b4867aaa8c78eb8a,rich-ablation-posttrain-disabled,already_present
shift_validation/h_epoch_0_step_5500.csv,'/mnt/filesystem-test/nmr/results/ablation/rich_ablation_posttrain/runs/rich-ablation-posttrain-disabled/artifacts/shift_validation/h_epoch_0_step_5500.csv' is not in the subpath of 'results/ablation/rich_ablation_posttrain/runs/rich-ablation-posttrain-disabled' OR one path is relative and the other is absolute.,1008,00521736f40b4a07b4867aaa8c78eb8a,rich-ablation-posttrain-disabled,already_present
shift_validation/h_epoch_0_step_6000.csv,'/mnt/filesystem-test/nmr/results/ablation/rich_ablation_posttrain/runs/rich-ablation-posttrain-disabled/artifacts/shift_validation/h_epoch_0_step_6000.csv' is not in the subpath of 'results/ablation/rich_ablation_posttrain/runs/rich-ablation-posttrain-disabled' OR one path is relative and the other is absolute.,1016,00521736f40b4a07b4867aaa8c78eb8a,rich-ablation-posttrain-disabled,already_present
shift_validation/h_epoch_0_step_6500.csv,'/mnt/filesystem-test/nmr/results/ablation/rich_ablation_posttrain/runs/rich-ablation-posttrain-disabled/artifacts/shift_validation/h_epoch_0_step_6500.csv' is not in the subpath of 'results/ablation/rich_ablation_posttrain/runs/rich-ablation-posttrain-disabled' OR one path is relative and the other is absolute.,1010,00521736f40b4a07b4867aaa8c78eb8a,rich-ablation-posttrain-disabled,already_present
shift_validation/h_epoch_0_step_7000.csv,'/mnt/filesystem-test/nmr/results/ablation/rich_ablation_posttrain/runs/rich-ablation-posttrain-disabled/artifacts/shift_validation/h_epoch_0_step_7000.csv' is not in the subpath of 'results/ablation/rich_ablation_posttrain/runs/rich-ablation-posttrain-disabled' OR one path is relative and the other is absolute.,1010,00521736f40b4a07b4867aaa8c78eb8a,rich-ablation-posttrain-disabled,already_present
shift_validation/h_epoch_0_step_7500.csv,'/mnt/filesystem-test/nmr/results/ablation/rich_ablation_posttrain/runs/rich-ablation-posttrain-disabled/artifacts/shift_validation/h_epoch_0_step_7500.csv' is not in the subpath of 'results/ablation/rich_ablation_posttrain/runs/rich-ablation-posttrain-disabled' OR one path is relative and the other is absolute.,1009,00521736f40b4a07b4867aaa8c78eb8a,rich-ablation-posttrain-disabled,already_present
shift_validation/h_epoch_0_step_8000.csv,'/mnt/filesystem-test/nmr/results/ablation/rich_ablation_posttrain/runs/rich-ablation-posttrain-disabled/artifacts/shift_validation/h_epoch_0_step_8000.csv' is not in the subpath of 'results/ablation/rich_ablation_posttrain/runs/rich-ablation-posttrain-disabled' OR one path is relative and the other is absolute.,1008,00521736f40b4a07b4867aaa8c78eb8a,rich-ablation-posttrain-disabled,already_present
shift_validation/h_epoch_0_step_8500.csv,'/mnt/filesystem-test/nmr/results/ablation/rich_ablation_posttrain/runs/rich-ablation-posttrain-disabled/artifacts/shift_validation/h_epoch_0_step_8500.csv' is not in the subpath of 'results/ablation/rich_ablation_posttrain/runs/rich-ablation-posttrain-disabled' OR one path is relative and the other is absolute.,1010,00521736f40b4a07b4867aaa8c78eb8a,rich-ablation-posttrain-disabled,already_present
shift_validation/h_epoch_0_step_9000.csv,'/mnt/filesystem-test/nmr/results/ablation/rich_ablation_posttrain/runs/rich-ablation-posttrain-disabled/artifacts/shift_validation/h_epoch_0_step_9000.csv' is not in the subpath of 'results/ablation/rich_ablation_posttrain/runs/rich-ablation-posttrain-disabled' OR one path is relative and the other is absolute.,1015,00521736f40b4a07b4867aaa8c78eb8a,rich-ablation-posttrain-disabled,already_present
shift_validation/h_epoch_0_step_9500.csv,'/mnt/filesystem-test/nmr/results/ablation/rich_ablation_posttrain/runs/rich-ablation-posttrain-disabled/artifacts/shift_validation/h_epoch_0_step_9500.csv' is not in the subpath of 'results/ablation/rich_ablation_posttrain/runs/rich-ablation-posttrain-disabled' OR one path is relative and the other is absolute.,1010,00521736f40b4a07b4867aaa8c78eb8a,rich-ablation-posttrain-disabled,already_present
fingerprint_validation/epoch_0_step_1000.csv,'/mnt/filesystem-test/nmr/results/ablation/rich_ablation_posttrain/runs/rich-ablation-posttrain-disabled/artifacts/fingerprint_validation/epoch_0_step_1000.csv' is not in the subpath of 'results/ablation/rich_ablation_posttrain/runs/rich-ablation-posttrain-disabled' OR one path is relative and the other is absolute.,316,00521736f40b4a07b4867aaa8c78eb8a,rich-ablation-posttrain-disabled,already_present
fingerprint_validation/epoch_0_step_10000.csv,'/mnt/filesystem-test/nmr/results/ablation/rich_ablation_posttrain/runs/rich-ablation-posttrain-disabled/artifacts/fingerprint_validation/epoch_0_step_10000.csv' is not in the subpath of 'results/ablation/rich_ablation_posttrain/runs/rich-ablation-posttrain-disabled' OR one path is relative and the other is absolute.,318,00521736f40b4a07b4867aaa8c78eb8a,rich-ablation-posttrain-disabled,already_present
fingerprint_validation/epoch_0_step_10500.csv,'/mnt/filesystem-test/nmr/results/ablation/rich_ablation_posttrain/runs/rich-ablation-posttrain-disabled/artifacts/fingerprint_validation/epoch_0_step_10500.csv' is not in the subpath of 'results/ablation/rich_ablation_posttrain/runs/rich-ablation-posttrain-disabled' OR one path is relative and the other is absolute.,318,00521736f40b4a07b4867aaa8c78eb8a,rich-ablation-posttrain-disabled,already_present
fingerprint_validation/epoch_0_step_11000.csv,'/mnt/filesystem-test/nmr/results/ablation/rich_ablation_posttrain/runs/rich-ablation-posttrain-disabled/artifacts/fingerprint_validation/epoch_0_step_11000.csv' is not in the subpath of 'results/ablation/rich_ablation_posttrain/runs/rich-ablation-posttrain-disabled' OR one path is relative and the other is absolute.,318,00521736f40b4a07b4867aaa8c78eb8a,rich-ablation-posttrain-disabled,already_present
fingerprint_validation/epoch_0_step_11500.csv,'/mnt/filesystem-test/nmr/results/ablation/rich_ablation_posttrain/runs/rich-ablation-posttrain-disabled/artifacts/fingerprint_validation/epoch_0_step_11500.csv' is not in the subpath of 'results/ablation/rich_ablation_posttrain/runs/rich-ablation-posttrain-disabled' OR one path is relative and the other is absolute.,316,00521736f40b4a07b4867aaa8c78eb8a,rich-ablation-posttrain-disabled,already_present
fingerprint_validation/epoch_0_step_12000.csv,'/mnt/filesystem-test/nmr/results/ablation/rich_ablation_posttrain/runs/rich-ablation-posttrain-disabled/artifacts/fingerprint_validation/epoch_0_step_12000.csv' is not in the subpath of 'results/ablation/rich_ablation_posttrain/runs/rich-ablation-posttrain-disabled' OR one path is relative and the other is absolute.,318,00521736f40b4a07b4867aaa8c78eb8a,rich-ablation-posttrain-disabled,already_present
fingerprint_validation/epoch_0_step_12500.csv,'/mnt/filesystem-test/nmr/results/ablation/rich_ablation_posttrain/runs/rich-ablation-posttrain-disabled/artifacts/fingerprint_validation/epoch_0_step_12500.csv' is not in the subpath of 'results/ablation/rich_ablation_posttrain/runs/rich-ablation-posttrain-disabled' OR one path is relative and the other is absolute.,316,00521736f40b4a07b4867aaa8c78eb8a,rich-ablation-posttrain-disabled,already_present
fingerprint_validation/epoch_0_step_13000.csv,'/mnt/filesystem-test/nmr/results/ablation/rich_ablation_posttrain/runs/rich-ablation-posttrain-disabled/artifacts/fingerprint_validation/epoch_0_step_13000.csv' is not in the subpath of 'results/ablation/rich_ablation_posttrain/runs/rich-ablation-posttrain-disabled' OR one path is relative and the other is absolute.,315,00521736f40b4a07b4867aaa8c78eb8a,rich-ablation-posttrain-disabled,already_present
fingerprint_validation/epoch_0_step_13500.csv,'/mnt/filesystem-test/nmr/results/ablation/rich_ablation_posttrain/runs/rich-ablation-posttrain-disabled/artifacts/fingerprint_validation/epoch_0_step_13500.csv' is not in the subpath of 'results/ablation/rich_ablation_posttrain/runs/rich-ablation-posttrain-disabled' OR one path is relative and the other is absolute.,312,00521736f40b4a07b4867aaa8c78eb8a,rich-ablation-posttrain-disabled,already_present
fingerprint_validation/epoch_0_step_14000.csv,'/mnt/filesystem-test/nmr/results/ablation/rich_ablation_posttrain/runs/rich-ablation-posttrain-disabled/artifacts/fingerprint_validation/epoch_0_step_14000.csv' is not in the subpath of 'results/ablation/rich_ablation_posttrain/runs/rich-ablation-posttrain-disabled' OR one path is relative and the other is absolute.,314,00521736f40b4a07b4867aaa8c78eb8a,rich-ablation-posttrain-disabled,already_present
fingerprint_validation/epoch_0_step_14500.csv,'/mnt/filesystem-test/nmr/results/ablation/rich_ablation_posttrain/runs/rich-ablation-posttrain-disabled/artifacts/fingerprint_validation/epoch_0_step_14500.csv' is not in the subpath of 'results/ablation/rich_ablation_posttrain/runs/rich-ablation-posttrain-disabled' OR one path is relative and the other is absolute.,316,00521736f40b4a07b4867aaa8c78eb8a,rich-ablation-posttrain-disabled,already_present
fingerprint_validation/epoch_0_step_1500.csv,'/mnt/filesystem-test/nmr/results/ablation/rich_ablation_posttrain/runs/rich-ablation-posttrain-disabled/artifacts/fingerprint_validation/epoch_0_step_1500.csv' is not in the subpath of 'results/ablation/rich_ablation_posttrain/runs/rich-ablation-posttrain-disabled' OR one path is relative and the other is absolute.,318,00521736f40b4a07b4867aaa8c78eb8a,rich-ablation-posttrain-disabled,already_present
fingerprint_validation/epoch_0_step_15000.csv,'/mnt/filesystem-test/nmr/results/ablation/rich_ablation_posttrain/runs/rich-ablation-posttrain-disabled/artifacts/fingerprint_validation/epoch_0_step_15000.csv' is not in the subpath of 'results/ablation/rich_ablation_posttrain/runs/rich-ablation-posttrain-disabled' OR one path is relative and the other is absolute.,317,00521736f40b4a07b4867aaa8c78eb8a,rich-ablation-posttrain-disabled,already_present
fingerprint_validation/epoch_0_step_2000.csv,'/mnt/filesystem-test/nmr/results/ablation/rich_ablation_posttrain/runs/rich-ablation-posttrain-disabled/artifacts/fingerprint_validation/epoch_0_step_2000.csv' is not in the subpath of 'results/ablation/rich_ablation_posttrain/runs/rich-ablation-posttrain-disabled' OR one path is relative and the other is absolute.,314,00521736f40b4a07b4867aaa8c78eb8a,rich-ablation-posttrain-disabled,already_present
fingerprint_validation/epoch_0_step_2500.csv,'/mnt/filesystem-test/nmr/results/ablation/rich_ablation_posttrain/runs/rich-ablation-posttrain-disabled/artifacts/fingerprint_validation/epoch_0_step_2500.csv' is not in the subpath of 'results/ablation/rich_ablation_posttrain/runs/rich-ablation-posttrain-disabled' OR one path is relative and the other is absolute.,317,00521736f40b4a07b4867aaa8c78eb8a,rich-ablation-posttrain-disabled,already_present
fingerprint_validation/epoch_0_step_3000.csv,'/mnt/filesystem-test/nmr/results/ablation/rich_ablation_posttrain/runs/rich-ablation-posttrain-disabled/artifacts/fingerprint_validation/epoch_0_step_3000.csv' is not in the subpath of 'results/ablation/rich_ablation_posttrain/runs/rich-ablation-posttrain-disabled' OR one path is relative and the other is absolute.,316,00521736f40b4a07b4867aaa8c78eb8a,rich-ablation-posttrain-disabled,already_present
fingerprint_validation/epoch_0_step_3500.csv,'/mnt/filesystem-test/nmr/results/ablation/rich_ablation_posttrain/runs/rich-ablation-posttrain-disabled/artifacts/fingerprint_validation/epoch_0_step_3500.csv' is not in the subpath of 'results/ablation/rich_ablation_posttrain/runs/rich-ablation-posttrain-disabled' OR one path is relative and the other is absolute.,318,00521736f40b4a07b4867aaa8c78eb8a,rich-ablation-posttrain-disabled,already_present
fingerprint_validation/epoch_0_step_4000.csv,'/mnt/filesystem-test/nmr/results/ablation/rich_ablation_posttrain/runs/rich-ablation-posttrain-disabled/artifacts/fingerprint_validation/epoch_0_step_4000.csv' is not in the subpath of 'results/ablation/rich_ablation_posttrain/runs/rich-ablation-posttrain-disabled' OR one path is relative and the other is absolute.,317,00521736f40b4a07b4867aaa8c78eb8a,rich-ablation-posttrain-disabled,already_present
fingerprint_validation/epoch_0_step_4500.csv,'/mnt/filesystem-test/nmr/results/ablation/rich_ablation_posttrain/runs/rich-ablation-posttrain-disabled/artifacts/fingerprint_validation/epoch_0_step_4500.csv' is not in the subpath of 'results/ablation/rich_ablation_posttrain/runs/rich-ablation-posttrain-disabled' OR one path is relative and the other is absolute.,313,00521736f40b4a07b4867aaa8c78eb8a,rich-ablation-posttrain-disabled,already_present
fingerprint_validation/epoch_0_step_500.csv,'/mnt/filesystem-test/nmr/results/ablation/rich_ablation_posttrain/runs/rich-ablation-posttrain-disabled/artifacts/fingerprint_validation/epoch_0_step_500.csv' is not in the subpath of 'results/ablation/rich_ablation_posttrain/runs/rich-ablation-posttrain-disabled' OR one path is relative and the other is absolute.,317,00521736f40b4a07b4867aaa8c78eb8a,rich-ablation-posttrain-disabled,already_present
fingerprint_validation/epoch_0_step_5000.csv,'/mnt/filesystem-test/nmr/results/ablation/rich_ablation_posttrain/runs/rich-ablation-posttrain-disabled/artifacts/fingerprint_validation/epoch_0_step_5000.csv' is not in the subpath of 'results/ablation/rich_ablation_posttrain/runs/rich-ablation-posttrain-disabled' OR one path is relative and the other is absolute.,315,00521736f40b4a07b4867aaa8c78eb8a,rich-ablation-posttrain-disabled,already_present
fingerprint_validation/epoch_0_step_5500.csv,'/mnt/filesystem-test/nmr/results/ablation/rich_ablation_posttrain/runs/rich-ablation-posttrain-disabled/artifacts/fingerprint_validation/epoch_0_step_5500.csv' is not in the subpath of 'results/ablation/rich_ablation_posttrain/runs/rich-ablation-posttrain-disabled' OR one path is relative and the other is absolute.,316,00521736f40b4a07b4867aaa8c78eb8a,rich-ablation-posttrain-disabled,already_present
fingerprint_validation/epoch_0_step_6000.csv,'/mnt/filesystem-test/nmr/results/ablation/rich_ablation_posttrain/runs/rich-ablation-posttrain-disabled/artifacts/fingerprint_validation/epoch_0_step_6000.csv' is not in the subpath of 'results/ablation/rich_ablation_posttrain/runs/rich-ablation-posttrain-disabled' OR one path is relative and the other is absolute.,319,00521736f40b4a07b4867aaa8c78eb8a,rich-ablation-posttrain-disabled,already_present
fingerprint_validation/epoch_0_step_6500.csv,'/mnt/filesystem-test/nmr/results/ablation/rich_ablation_posttrain/runs/rich-ablation-posttrain-disabled/artifacts/fingerprint_validation/epoch_0_step_6500.csv' is not in the subpath of 'results/ablation/rich_ablation_posttrain/runs/rich-ablation-posttrain-disabled' OR one path is relative and the other is absolute.,316,00521736f40b4a07b4867aaa8c78eb8a,rich-ablation-posttrain-disabled,already_present
fingerprint_validation/epoch_0_step_7000.csv,'/mnt/filesystem-test/nmr/results/ablation/rich_ablation_posttrain/runs/rich-ablation-posttrain-disabled/artifacts/fingerprint_validation/epoch_0_step_7000.csv' is not in the subpath of 'results/ablation/rich_ablation_posttrain/runs/rich-ablation-posttrain-disabled' OR one path is relative and the other is absolute.,318,00521736f40b4a07b4867aaa8c78eb8a,rich-ablation-posttrain-disabled,already_present
fingerprint_validation/epoch_0_step_7500.csv,'/mnt/filesystem-test/nmr/results/ablation/rich_ablation_posttrain/runs/rich-ablation-posttrain-disabled/artifacts/fingerprint_validation/epoch_0_step_7500.csv' is not in the subpath of 'results/ablation/rich_ablation_posttrain/runs/rich-ablation-posttrain-disabled' OR one path is relative and the other is absolute.,315,00521736f40b4a07b4867aaa8c78eb8a,rich-ablation-posttrain-disabled,already_present
fingerprint_validation/epoch_0_step_8000.csv,'/mnt/filesystem-test/nmr/results/ablation/rich_ablation_posttrain/runs/rich-ablation-posttrain-disabled/artifacts/fingerprint_validation/epoch_0_step_8000.csv' is not in the subpath of 'results/ablation/rich_ablation_posttrain/runs/rich-ablation-posttrain-disabled' OR one path is relative and the other is absolute.,318,00521736f40b4a07b4867aaa8c78eb8a,rich-ablation-posttrain-disabled,already_present
fingerprint_validation/epoch_0_step_8500.csv,'/mnt/filesystem-test/nmr/results/ablation/rich_ablation_posttrain/runs/rich-ablation-posttrain-disabled/artifacts/fingerprint_validation/epoch_0_step_8500.csv' is not in the subpath of 'results/ablation/rich_ablation_posttrain/runs/rich-ablation-posttrain-disabled' OR one path is relative and the other is absolute.,316,00521736f40b4a07b4867aaa8c78eb8a,rich-ablation-posttrain-disabled,already_present
fingerprint_validation/epoch_0_step_9000.csv,'/mnt/filesystem-test/nmr/results/ablation/rich_ablation_posttrain/runs/rich-ablation-posttrain-disabled/artifacts/fingerprint_validation/epoch_0_step_9000.csv' is not in the subpath of 'results/ablation/rich_ablation_posttrain/runs/rich-ablation-posttrain-disabled' OR one path is relative and the other is absolute.,316,00521736f40b4a07b4867aaa8c78eb8a,rich-ablation-posttrain-disabled,already_present
fingerprint_validation/epoch_0_step_9500.csv,'/mnt/filesystem-test/nmr/results/ablation/rich_ablation_posttrain/runs/rich-ablation-posttrain-disabled/artifacts/fingerprint_validation/epoch_0_step_9500.csv' is not in the subpath of 'results/ablation/rich_ablation_posttrain/runs/rich-ablation-posttrain-disabled' OR one path is relative and the other is absolute.,317,00521736f40b4a07b4867aaa8c78eb8a,rich-ablation-posttrain-disabled,already_present
shift_validation/c_epoch_0_step_1000.csv,'/mnt/filesystem-test/nmr/results/ablation/rich_ablation_posttrain/runs/rich-ablation-posttrain-unimol/artifacts/shift_validation/c_epoch_0_step_1000.csv' is not in the subpath of 'results/ablation/rich_ablation_posttrain/runs/rich-ablation-posttrain-unimol' OR one path is relative and the other is absolute.,1033,e47df67aa09e4d86a4b81ad323198bba,rich-ablation-posttrain-unimol,already_present
shift_validation/c_epoch_0_step_10000.csv,'/mnt/filesystem-test/nmr/results/ablation/rich_ablation_posttrain/runs/rich-ablation-posttrain-unimol/artifacts/shift_validation/c_epoch_0_step_10000.csv' is not in the subpath of 'results/ablation/rich_ablation_posttrain/runs/rich-ablation-posttrain-unimol' OR one path is relative and the other is absolute.,1033,e47df67aa09e4d86a4b81ad323198bba,rich-ablation-posttrain-unimol,already_present
shift_validation/c_epoch_0_step_10500.csv,'/mnt/filesystem-test/nmr/results/ablation/rich_ablation_posttrain/runs/rich-ablation-posttrain-unimol/artifacts/shift_validation/c_epoch_0_step_10500.csv' is not in the subpath of 'results/ablation/rich_ablation_posttrain/runs/rich-ablation-posttrain-unimol' OR one path is relative and the other is absolute.,1033,e47df67aa09e4d86a4b81ad323198bba,rich-ablation-posttrain-unimol,already_present
shift_validation/c_epoch_0_step_11000.csv,'/mnt/filesystem-test/nmr/results/ablation/rich_ablation_posttrain/runs/rich-ablation-posttrain-unimol/artifacts/shift_validation/c_epoch_0_step_11000.csv' is not in the subpath of 'results/ablation/rich_ablation_posttrain/runs/rich-ablation-posttrain-unimol' OR one path is relative and the other is absolute.,1034,e47df67aa09e4d86a4b81ad323198bba,rich-ablation-posttrain-unimol,already_present
shift_validation/c_epoch_0_step_11500.csv,'/mnt/filesystem-test/nmr/results/ablation/rich_ablation_posttrain/runs/rich-ablation-posttrain-unimol/artifacts/shift_validation/c_epoch_0_step_11500.csv' is not in the subpath of 'results/ablation/rich_ablation_posttrain/runs/rich-ablation-posttrain-unimol' OR one path is relative and the other is absolute.,1028,e47df67aa09e4d86a4b81ad323198bba,rich-ablation-posttrain-unimol,already_present
shift_validation/c_epoch_0_step_12000.csv,'/mnt/filesystem-test/nmr/results/ablation/rich_ablation_posttrain/runs/rich-ablation-posttrain-unimol/artifacts/shift_validation/c_epoch_0_step_12000.csv' is not in the subpath of 'results/ablation/rich_ablation_posttrain/runs/rich-ablation-posttrain-unimol' OR one path is relative and the other is absolute.,1033,e47df67aa09e4d86a4b81ad323198bba,rich-ablation-posttrain-unimol,already_present
shift_validation/c_epoch_0_step_12500.csv,'/mnt/filesystem-test/nmr/results/ablation/rich_ablation_posttrain/runs/rich-ablation-posttrain-unimol/artifacts/shift_validation/c_epoch_0_step_12500.csv' is not in the subpath of 'results/ablation/rich_ablation_posttrain/runs/rich-ablation-posttrain-unimol' OR one path is relative and the other is absolute.,1036,e47df67aa09e4d86a4b81ad323198bba,rich-ablation-posttrain-unimol,already_present
shift_validation/c_epoch_0_step_13000.csv,'/mnt/filesystem-test/nmr/results/ablation/rich_ablation_posttrain/runs/rich-ablation-posttrain-unimol/artifacts/shift_validation/c_epoch_0_step_13000.csv' is not in the subpath of 'results/ablation/rich_ablation_posttrain/runs/rich-ablation-posttrain-unimol' OR one path is relative and the other is absolute.,1036,e47df67aa09e4d86a4b81ad323198bba,rich-ablation-posttrain-unimol,already_present
shift_validation/c_epoch_0_step_13500.csv,'/mnt/filesystem-test/nmr/results/ablation/rich_ablation_posttrain/runs/rich-ablation-posttrain-unimol/artifacts/shift_validation/c_epoch_0_step_13500.csv' is not in the subpath of 'results/ablation/rich_ablation_posttrain/runs/rich-ablation-posttrain-unimol' OR one path is relative and the other is absolute.,1034,e47df67aa09e4d86a4b81ad323198bba,rich-ablation-posttrain-unimol,already_present
shift_validation/c_epoch_0_step_14000.csv,'/mnt/filesystem-test/nmr/results/ablation/rich_ablation_posttrain/runs/rich-ablation-posttrain-unimol/artifacts/shift_validation/c_epoch_0_step_14000.csv' is not in the subpath of 'results/ablation/rich_ablation_posttrain/runs/rich-ablation-posttrain-unimol' OR one path is relative and the other is absolute.,1028,e47df67aa09e4d86a4b81ad323198bba,rich-ablation-posttrain-unimol,already_present
shift_validation/c_epoch_0_step_14500.csv,'/mnt/filesystem-test/nmr/results/ablation/rich_ablation_posttrain/runs/rich-ablation-posttrain-unimol/artifacts/shift_validation/c_epoch_0_step_14500.csv' is not in the subpath of 'results/ablation/rich_ablation_posttrain/runs/rich-ablation-posttrain-unimol' OR one path is relative and the other is absolute.,1036,e47df67aa09e4d86a4b81ad323198bba,rich-ablation-posttrain-unimol,already_present
shift_validation/c_epoch_0_step_1500.csv,'/mnt/filesystem-test/nmr/results/ablation/rich_ablation_posttrain/runs/rich-ablation-posttrain-unimol/artifacts/shift_validation/c_epoch_0_step_1500.csv' is not in the subpath of 'results/ablation/rich_ablation_posttrain/runs/rich-ablation-posttrain-unimol' OR one path is relative and the other is absolute.,1033,e47df67aa09e4d86a4b81ad323198bba,rich-ablation-posttrain-unimol,already_present
shift_validation/c_epoch_0_step_15000.csv,'/mnt/filesystem-test/nmr/results/ablation/rich_ablation_posttrain/runs/rich-ablation-posttrain-unimol/artifacts/shift_validation/c_epoch_0_step_15000.csv' is not in the subpath of 'results/ablation/rich_ablation_posttrain/runs/rich-ablation-posttrain-unimol' OR one path is relative and the other is absolute.,1035,e47df67aa09e4d86a4b81ad323198bba,rich-ablation-posttrain-unimol,already_present
shift_validation/c_epoch_0_step_2000.csv,'/mnt/filesystem-test/nmr/results/ablation/rich_ablation_posttrain/runs/rich-ablation-posttrain-unimol/artifacts/shift_validation/c_epoch_0_step_2000.csv' is not in the subpath of 'results/ablation/rich_ablation_posttrain/runs/rich-ablation-posttrain-unimol' OR one path is relative and the other is absolute.,1023,e47df67aa09e4d86a4b81ad323198bba,rich-ablation-posttrain-unimol,already_present
shift_validation/c_epoch_0_step_2500.csv,'/mnt/filesystem-test/nmr/results/ablation/rich_ablation_posttrain/runs/rich-ablation-posttrain-unimol/artifacts/shift_validation/c_epoch_0_step_2500.csv' is not in the subpath of 'results/ablation/rich_ablation_posttrain/runs/rich-ablation-posttrain-unimol' OR one path is relative and the other is absolute.,1034,e47df67aa09e4d86a4b81ad323198bba,rich-ablation-posttrain-unimol,already_present
shift_validation/c_epoch_0_step_3000.csv,'/mnt/filesystem-test/nmr/results/ablation/rich_ablation_posttrain/runs/rich-ablation-posttrain-unimol/artifacts/shift_validation/c_epoch_0_step_3000.csv' is not in the subpath of 'results/ablation/rich_ablation_posttrain/runs/rich-ablation-posttrain-unimol' OR one path is relative and the other is absolute.,1035,e47df67aa09e4d86a4b81ad323198bba,rich-ablation-posttrain-unimol,already_present
shift_validation/c_epoch_0_step_3500.csv,'/mnt/filesystem-test/nmr/results/ablation/rich_ablation_posttrain/runs/rich-ablation-posttrain-unimol/artifacts/shift_validation/c_epoch_0_step_3500.csv' is not in the subpath of 'results/ablation/rich_ablation_posttrain/runs/rich-ablation-posttrain-unimol' OR one path is relative and the other is absolute.,1026,e47df67aa09e4d86a4b81ad323198bba,rich-ablation-posttrain-unimol,already_present
shift_validation/c_epoch_0_step_4000.csv,'/mnt/filesystem-test/nmr/results/ablation/rich_ablation_posttrain/runs/rich-ablation-posttrain-unimol/artifacts/shift_validation/c_epoch_0_step_4000.csv' is not in the subpath of 'results/ablation/rich_ablation_posttrain/runs/rich-ablation-posttrain-unimol' OR one path is relative and the other is absolute.,1038,e47df67aa09e4d86a4b81ad323198bba,rich-ablation-posttrain-unimol,already_present
shift_validation/c_epoch_0_step_4500.csv,'/mnt/filesystem-test/nmr/results/ablation/rich_ablation_posttrain/runs/rich-ablation-posttrain-unimol/artifacts/shift_validation/c_epoch_0_step_4500.csv' is not in the subpath of 'results/ablation/rich_ablation_posttrain/runs/rich-ablation-posttrain-unimol' OR one path is relative and the other is absolute.,1033,e47df67aa09e4d86a4b81ad323198bba,rich-ablation-posttrain-unimol,already_present
shift_validation/c_epoch_0_step_500.csv,'/mnt/filesystem-test/nmr/results/ablation/rich_ablation_posttrain/runs/rich-ablation-posttrain-unimol/artifacts/shift_validation/c_epoch_0_step_500.csv' is not in the subpath of 'results/ablation/rich_ablation_posttrain/runs/rich-ablation-posttrain-unimol' OR one path is relative and the other is absolute.,1029,e47df67aa09e4d86a4b81ad323198bba,rich-ablation-posttrain-unimol,already_present
shift_validation/c_epoch_0_step_5000.csv,'/mnt/filesystem-test/nmr/results/ablation/rich_ablation_posttrain/runs/rich-ablation-posttrain-unimol/artifacts/shift_validation/c_epoch_0_step_5000.csv' is not in the subpath of 'results/ablation/rich_ablation_posttrain/runs/rich-ablation-posttrain-unimol' OR one path is relative and the other is absolute.,1031,e47df67aa09e4d86a4b81ad323198bba,rich-ablation-posttrain-unimol,already_present
shift_validation/c_epoch_0_step_5500.csv,'/mnt/filesystem-test/nmr/results/ablation/rich_ablation_posttrain/runs/rich-ablation-posttrain-unimol/artifacts/shift_validation/c_epoch_0_step_5500.csv' is not in the subpath of 'results/ablation/rich_ablation_posttrain/runs/rich-ablation-posttrain-unimol' OR one path is relative and the other is absolute.,1039,e47df67aa09e4d86a4b81ad323198bba,rich-ablation-posttrain-unimol,already_present
shift_validation/c_epoch_0_step_6000.csv,'/mnt/filesystem-test/nmr/results/ablation/rich_ablation_posttrain/runs/rich-ablation-posttrain-unimol/artifacts/shift_validation/c_epoch_0_step_6000.csv' is not in the subpath of 'results/ablation/rich_ablation_posttrain/runs/rich-ablation-posttrain-unimol' OR one path is relative and the other is absolute.,1034,e47df67aa09e4d86a4b81ad323198bba,rich-ablation-posttrain-unimol,already_present
shift_validation/c_epoch_0_step_6500.csv,'/mnt/filesystem-test/nmr/results/ablation/rich_ablation_posttrain/runs/rich-ablation-posttrain-unimol/artifacts/shift_validation/c_epoch_0_step_6500.csv' is not in the subpath of 'results/ablation/rich_ablation_posttrain/runs/rich-ablation-posttrain-unimol' OR one path is relative and the other is absolute.,1038,e47df67aa09e4d86a4b81ad323198bba,rich-ablation-posttrain-unimol,already_present
shift_validation/c_epoch_0_step_7000.csv,'/mnt/filesystem-test/nmr/results/ablation/rich_ablation_posttrain/runs/rich-ablation-posttrain-unimol/artifacts/shift_validation/c_epoch_0_step_7000.csv' is not in the subpath of 'results/ablation/rich_ablation_posttrain/runs/rich-ablation-posttrain-unimol' OR one path is relative and the other is absolute.,1034,e47df67aa09e4d86a4b81ad323198bba,rich-ablation-posttrain-unimol,already_present
shift_validation/c_epoch_0_step_7500.csv,'/mnt/filesystem-test/nmr/results/ablation/rich_ablation_posttrain/runs/rich-ablation-posttrain-unimol/artifacts/shift_validation/c_epoch_0_step_7500.csv' is not in the subpath of 'results/ablation/rich_ablation_posttrain/runs/rich-ablation-posttrain-unimol' OR one path is relative and the other is absolute.,1031,e47df67aa09e4d86a4b81ad323198bba,rich-ablation-posttrain-unimol,already_present
shift_validation/c_epoch_0_step_8000.csv,'/mnt/filesystem-test/nmr/results/ablation/rich_ablation_posttrain/runs/rich-ablation-posttrain-unimol/artifacts/shift_validation/c_epoch_0_step_8000.csv' is not in the subpath of 'results/ablation/rich_ablation_posttrain/runs/rich-ablation-posttrain-unimol' OR one path is relative and the other is absolute.,1039,e47df67aa09e4d86a4b81ad323198bba,rich-ablation-posttrain-unimol,already_present
shift_validation/c_epoch_0_step_8500.csv,'/mnt/filesystem-test/nmr/results/ablation/rich_ablation_posttrain/runs/rich-ablation-posttrain-unimol/artifacts/shift_validation/c_epoch_0_step_8500.csv' is not in the subpath of 'results/ablation/rich_ablation_posttrain/runs/rich-ablation-posttrain-unimol' OR one path is relative and the other is absolute.,1040,e47df67aa09e4d86a4b81ad323198bba,rich-ablation-posttrain-unimol,already_present
shift_validation/c_epoch_0_step_9000.csv,'/mnt/filesystem-test/nmr/results/ablation/rich_ablation_posttrain/runs/rich-ablation-posttrain-unimol/artifacts/shift_validation/c_epoch_0_step_9000.csv' is not in the subpath of 'results/ablation/rich_ablation_posttrain/runs/rich-ablation-posttrain-unimol' OR one path is relative and the other is absolute.,1029,e47df67aa09e4d86a4b81ad323198bba,rich-ablation-posttrain-unimol,already_present
shift_validation/c_epoch_0_step_9500.csv,'/mnt/filesystem-test/nmr/results/ablation/rich_ablation_posttrain/runs/rich-ablation-posttrain-unimol/artifacts/shift_validation/c_epoch_0_step_9500.csv' is not in the subpath of 'results/ablation/rich_ablation_posttrain/runs/rich-ablation-posttrain-unimol' OR one path is relative and the other is absolute.,1034,e47df67aa09e4d86a4b81ad323198bba,rich-ablation-posttrain-unimol,already_present
shift_validation/h_epoch_0_step_1000.csv,'/mnt/filesystem-test/nmr/results/ablation/rich_ablation_posttrain/runs/rich-ablation-posttrain-unimol/artifacts/shift_validation/h_epoch_0_step_1000.csv' is not in the subpath of 'results/ablation/rich_ablation_posttrain/runs/rich-ablation-posttrain-unimol' OR one path is relative and the other is absolute.,1015,e47df67aa09e4d86a4b81ad323198bba,rich-ablation-posttrain-unimol,already_present
shift_validation/h_epoch_0_step_10000.csv,'/mnt/filesystem-test/nmr/results/ablation/rich_ablation_posttrain/runs/rich-ablation-posttrain-unimol/artifacts/shift_validation/h_epoch_0_step_10000.csv' is not in the subpath of 'results/ablation/rich_ablation_posttrain/runs/rich-ablation-posttrain-unimol' OR one path is relative and the other is absolute.,1012,e47df67aa09e4d86a4b81ad323198bba,rich-ablation-posttrain-unimol,already_present
shift_validation/h_epoch_0_step_10500.csv,'/mnt/filesystem-test/nmr/results/ablation/rich_ablation_posttrain/runs/rich-ablation-posttrain-unimol/artifacts/shift_validation/h_epoch_0_step_10500.csv' is not in the subpath of 'results/ablation/rich_ablation_posttrain/runs/rich-ablation-posttrain-unimol' OR one path is relative and the other is absolute.,1009,e47df67aa09e4d86a4b81ad323198bba,rich-ablation-posttrain-unimol,already_present
shift_validation/h_epoch_0_step_11000.csv,'/mnt/filesystem-test/nmr/results/ablation/rich_ablation_posttrain/runs/rich-ablation-posttrain-unimol/artifacts/shift_validation/h_epoch_0_step_11000.csv' is not in the subpath of 'results/ablation/rich_ablation_posttrain/runs/rich-ablation-posttrain-unimol' OR one path is relative and the other is absolute.,1008,e47df67aa09e4d86a4b81ad323198bba,rich-ablation-posttrain-unimol,already_present
shift_validation/h_epoch_0_step_11500.csv,'/mnt/filesystem-test/nmr/results/ablation/rich_ablation_posttrain/runs/rich-ablation-posttrain-unimol/artifacts/shift_validation/h_epoch_0_step_11500.csv' is not in the subpath of 'results/ablation/rich_ablation_posttrain/runs/rich-ablation-posttrain-unimol' OR one path is relative and the other is absolute.,1001,e47df67aa09e4d86a4b81ad323198bba,rich-ablation-posttrain-unimol,already_present
shift_validation/h_epoch_0_step_12000.csv,'/mnt/filesystem-test/nmr/results/ablation/rich_ablation_posttrain/runs/rich-ablation-posttrain-unimol/artifacts/shift_validation/h_epoch_0_step_12000.csv' is not in the subpath of 'results/ablation/rich_ablation_posttrain/runs/rich-ablation-posttrain-unimol' OR one path is relative and the other is absolute.,1010,e47df67aa09e4d86a4b81ad323198bba,rich-ablation-posttrain-unimol,already_present
shift_validation/h_epoch_0_step_12500.csv,'/mnt/filesystem-test/nmr/results/ablation/rich_ablation_posttrain/runs/rich-ablation-posttrain-unimol/artifacts/shift_validation/h_epoch_0_step_12500.csv' is not in the subpath of 'results/ablation/rich_ablation_posttrain/runs/rich-ablation-posttrain-unimol' OR one path is relative and the other is absolute.,1014,e47df67aa09e4d86a4b81ad323198bba,rich-ablation-posttrain-unimol,already_present
shift_validation/h_epoch_0_step_13000.csv,'/mnt/filesystem-test/nmr/results/ablation/rich_ablation_posttrain/runs/rich-ablation-posttrain-unimol/artifacts/shift_validation/h_epoch_0_step_13000.csv' is not in the subpath of 'results/ablation/rich_ablation_posttrain/runs/rich-ablation-posttrain-unimol' OR one path is relative and the other is absolute.,1013,e47df67aa09e4d86a4b81ad323198bba,rich-ablation-posttrain-unimol,already_present
shift_validation/h_epoch_0_step_13500.csv,'/mnt/filesystem-test/nmr/results/ablation/rich_ablation_posttrain/runs/rich-ablation-posttrain-unimol/artifacts/shift_validation/h_epoch_0_step_13500.csv' is not in the subpath of 'results/ablation/rich_ablation_posttrain/runs/rich-ablation-posttrain-unimol' OR one path is relative and the other is absolute.,1015,e47df67aa09e4d86a4b81ad323198bba,rich-ablation-posttrain-unimol,already_present
shift_validation/h_epoch_0_step_14000.csv,'/mnt/filesystem-test/nmr/results/ablation/rich_ablation_posttrain/runs/rich-ablation-posttrain-unimol/artifacts/shift_validation/h_epoch_0_step_14000.csv' is not in the subpath of 'results/ablation/rich_ablation_posttrain/runs/rich-ablation-posttrain-unimol' OR one path is relative and the other is absolute.,1013,e47df67aa09e4d86a4b81ad323198bba,rich-ablation-posttrain-unimol,already_present
shift_validation/h_epoch_0_step_14500.csv,'/mnt/filesystem-test/nmr/results/ablation/rich_ablation_posttrain/runs/rich-ablation-posttrain-unimol/artifacts/shift_validation/h_epoch_0_step_14500.csv' is not in the subpath of 'results/ablation/rich_ablation_posttrain/runs/rich-ablation-posttrain-unimol' OR one path is relative and the other is absolute.,1014,e47df67aa09e4d86a4b81ad323198bba,rich-ablation-posttrain-unimol,already_present
shift_validation/h_epoch_0_step_1500.csv,'/mnt/filesystem-test/nmr/results/ablation/rich_ablation_posttrain/runs/rich-ablation-posttrain-unimol/artifacts/shift_validation/h_epoch_0_step_1500.csv' is not in the subpath of 'results/ablation/rich_ablation_posttrain/runs/rich-ablation-posttrain-unimol' OR one path is relative and the other is absolute.,1006,e47df67aa09e4d86a4b81ad323198bba,rich-ablation-posttrain-unimol,already_present
shift_validation/h_epoch_0_step_15000.csv,'/mnt/filesystem-test/nmr/results/ablation/rich_ablation_posttrain/runs/rich-ablation-posttrain-unimol/artifacts/shift_validation/h_epoch_0_step_15000.csv' is not in the subpath of 'results/ablation/rich_ablation_posttrain/runs/rich-ablation-posttrain-unimol' OR one path is relative and the other is absolute.,1010,e47df67aa09e4d86a4b81ad323198bba,rich-ablation-posttrain-unimol,already_present
shift_validation/h_epoch_0_step_2000.csv,'/mnt/filesystem-test/nmr/results/ablation/rich_ablation_posttrain/runs/rich-ablation-posttrain-unimol/artifacts/shift_validation/h_epoch_0_step_2000.csv' is not in the subpath of 'results/ablation/rich_ablation_posttrain/runs/rich-ablation-posttrain-unimol' OR one path is relative and the other is absolute.,1010,e47df67aa09e4d86a4b81ad323198bba,rich-ablation-posttrain-unimol,already_present
shift_validation/h_epoch_0_step_2500.csv,'/mnt/filesystem-test/nmr/results/ablation/rich_ablation_posttrain/runs/rich-ablation-posttrain-unimol/artifacts/shift_validation/h_epoch_0_step_2500.csv' is not in the subpath of 'results/ablation/rich_ablation_posttrain/runs/rich-ablation-posttrain-unimol' OR one path is relative and the other is absolute.,1009,e47df67aa09e4d86a4b81ad323198bba,rich-ablation-posttrain-unimol,already_present
shift_validation/h_epoch_0_step_3000.csv,'/mnt/filesystem-test/nmr/results/ablation/rich_ablation_posttrain/runs/rich-ablation-posttrain-unimol/artifacts/shift_validation/h_epoch_0_step_3000.csv' is not in the subpath of 'results/ablation/rich_ablation_posttrain/runs/rich-ablation-posttrain-unimol' OR one path is relative and the other is absolute.,1015,e47df67aa09e4d86a4b81ad323198bba,rich-ablation-posttrain-unimol,already_present
shift_validation/h_epoch_0_step_3500.csv,'/mnt/filesystem-test/nmr/results/ablation/rich_ablation_posttrain/runs/rich-ablation-posttrain-unimol/artifacts/shift_validation/h_epoch_0_step_3500.csv' is not in the subpath of 'results/ablation/rich_ablation_posttrain/runs/rich-ablation-posttrain-unimol' OR one path is relative and the other is absolute.,1009,e47df67aa09e4d86a4b81ad323198bba,rich-ablation-posttrain-unimol,already_present
shift_validation/h_epoch_0_step_4000.csv,'/mnt/filesystem-test/nmr/results/ablation/rich_ablation_posttrain/runs/rich-ablation-posttrain-unimol/artifacts/shift_validation/h_epoch_0_step_4000.csv' is not in the subpath of 'results/ablation/rich_ablation_posttrain/runs/rich-ablation-posttrain-unimol' OR one path is relative and the other is absolute.,1012,e47df67aa09e4d86a4b81ad323198bba,rich-ablation-posttrain-unimol,already_present
shift_validation/h_epoch_0_step_4500.csv,'/mnt/filesystem-test/nmr/results/ablation/rich_ablation_posttrain/runs/rich-ablation-posttrain-unimol/artifacts/shift_validation/h_epoch_0_step_4500.csv' is not in the subpath of 'results/ablation/rich_ablation_posttrain/runs/rich-ablation-posttrain-unimol' OR one path is relative and the other is absolute.,1015,e47df67aa09e4d86a4b81ad323198bba,rich-ablation-posttrain-unimol,already_present
shift_validation/h_epoch_0_step_500.csv,'/mnt/filesystem-test/nmr/results/ablation/rich_ablation_posttrain/runs/rich-ablation-posttrain-unimol/artifacts/shift_validation/h_epoch_0_step_500.csv' is not in the subpath of 'results/ablation/rich_ablation_posttrain/runs/rich-ablation-posttrain-unimol' OR one path is relative and the other is absolute.,1014,e47df67aa09e4d86a4b81ad323198bba,rich-ablation-posttrain-unimol,already_present
shift_validation/h_epoch_0_step_5000.csv,'/mnt/filesystem-test/nmr/results/ablation/rich_ablation_posttrain/runs/rich-ablation-posttrain-unimol/artifacts/shift_validation/h_epoch_0_step_5000.csv' is not in the subpath of 'results/ablation/rich_ablation_posttrain/runs/rich-ablation-posttrain-unimol' OR one path is relative and the other is absolute.,1011,e47df67aa09e4d86a4b81ad323198bba,rich-ablation-posttrain-unimol,already_present
shift_validation/h_epoch_0_step_5500.csv,'/mnt/filesystem-test/nmr/results/ablation/rich_ablation_posttrain/runs/rich-ablation-posttrain-unimol/artifacts/shift_validation/h_epoch_0_step_5500.csv' is not in the subpath of 'results/ablation/rich_ablation_posttrain/runs/rich-ablation-posttrain-unimol' OR one path is relative and the other is absolute.,1013,e47df67aa09e4d86a4b81ad323198bba,rich-ablation-posttrain-unimol,already_present
shift_validation/h_epoch_0_step_6000.csv,'/mnt/filesystem-test/nmr/results/ablation/rich_ablation_posttrain/runs/rich-ablation-posttrain-unimol/artifacts/shift_validation/h_epoch_0_step_6000.csv' is not in the subpath of 'results/ablation/rich_ablation_posttrain/runs/rich-ablation-posttrain-unimol' OR one path is relative and the other is absolute.,1015,e47df67aa09e4d86a4b81ad323198bba,rich-ablation-posttrain-unimol,already_present
shift_validation/h_epoch_0_step_6500.csv,'/mnt/filesystem-test/nmr/results/ablation/rich_ablation_posttrain/runs/rich-ablation-posttrain-unimol/artifacts/shift_validation/h_epoch_0_step_6500.csv' is not in the subpath of 'results/ablation/rich_ablation_posttrain/runs/rich-ablation-posttrain-unimol' OR one path is relative and the other is absolute.,1011,e47df67aa09e4d86a4b81ad323198bba,rich-ablation-posttrain-unimol,already_present
shift_validation/h_epoch_0_step_7000.csv,'/mnt/filesystem-test/nmr/results/ablation/rich_ablation_posttrain/runs/rich-ablation-posttrain-unimol/artifacts/shift_validation/h_epoch_0_step_7000.csv' is not in the subpath of 'results/ablation/rich_ablation_posttrain/runs/rich-ablation-posttrain-unimol' OR one path is relative and the other is absolute.,1015,e47df67aa09e4d86a4b81ad323198bba,rich-ablation-posttrain-unimol,already_present
shift_validation/h_epoch_0_step_7500.csv,'/mnt/filesystem-test/nmr/results/ablation/rich_ablation_posttrain/runs/rich-ablation-posttrain-unimol/artifacts/shift_validation/h_epoch_0_step_7500.csv' is not in the subpath of 'results/ablation/rich_ablation_posttrain/runs/rich-ablation-posttrain-unimol' OR one path is relative and the other is absolute.,1011,e47df67aa09e4d86a4b81ad323198bba,rich-ablation-posttrain-unimol,already_present
shift_validation/h_epoch_0_step_8000.csv,'/mnt/filesystem-test/nmr/results/ablation/rich_ablation_posttrain/runs/rich-ablation-posttrain-unimol/artifacts/shift_validation/h_epoch_0_step_8000.csv' is not in the subpath of 'results/ablation/rich_ablation_posttrain/runs/rich-ablation-posttrain-unimol' OR one path is relative and the other is absolute.,1012,e47df67aa09e4d86a4b81ad323198bba,rich-ablation-posttrain-unimol,already_present
shift_validation/h_epoch_0_step_8500.csv,'/mnt/filesystem-test/nmr/results/ablation/rich_ablation_posttrain/runs/rich-ablation-posttrain-unimol/artifacts/shift_validation/h_epoch_0_step_8500.csv' is not in the subpath of 'results/ablation/rich_ablation_posttrain/runs/rich-ablation-posttrain-unimol' OR one path is relative and the other is absolute.,1011,e47df67aa09e4d86a4b81ad323198bba,rich-ablation-posttrain-unimol,already_present
shift_validation/h_epoch_0_step_9000.csv,'/mnt/filesystem-test/nmr/results/ablation/rich_ablation_posttrain/runs/rich-ablation-posttrain-unimol/artifacts/shift_validation/h_epoch_0_step_9000.csv' is not in the subpath of 'results/ablation/rich_ablation_posttrain/runs/rich-ablation-posttrain-unimol' OR one path is relative and the other is absolute.,1015,e47df67aa09e4d86a4b81ad323198bba,rich-ablation-posttrain-unimol,already_present
shift_validation/h_epoch_0_step_9500.csv,'/mnt/filesystem-test/nmr/results/ablation/rich_ablation_posttrain/runs/rich-ablation-posttrain-unimol/artifacts/shift_validation/h_epoch_0_step_9500.csv' is not in the subpath of 'results/ablation/rich_ablation_posttrain/runs/rich-ablation-posttrain-unimol' OR one path is relative and the other is absolute.,1000,e47df67aa09e4d86a4b81ad323198bba,rich-ablation-posttrain-unimol,already_present
