artifact_path,error,file_size,run_id,run_name,status
shift_validation/c_epoch_0_step_1000.csv,'/mnt/filesystem-test/nmr/results/ablation/fp_ablation_pretrain/runs/fp-ablation-pretrain-no-fp/artifacts/shift_validation/c_epoch_0_step_1000.csv' is not in the subpath of 'results/ablation/fp_ablation_pretrain/runs/fp-ablation-pretrain-no-fp' OR one path is relative and the other is absolute.,1064,7b5afa7acd234fb4b66241aa591cbb60,fp-ablation-pretrain-no-fp,already_present
shift_validation/c_epoch_0_step_10000.csv,'/mnt/filesystem-test/nmr/results/ablation/fp_ablation_pretrain/runs/fp-ablation-pretrain-no-fp/artifacts/shift_validation/c_epoch_0_step_10000.csv' is not in the subpath of 'results/ablation/fp_ablation_pretrain/runs/fp-ablation-pretrain-no-fp' OR one path is relative and the other is absolute.,1070,7b5afa7acd234fb4b66241aa591cbb60,fp-ablation-pretrain-no-fp,already_present
shift_validation/c_epoch_0_step_11000.csv,'/mnt/filesystem-test/nmr/results/ablation/fp_ablation_pretrain/runs/fp-ablation-pretrain-no-fp/artifacts/shift_validation/c_epoch_0_step_11000.csv' is not in the subpath of 'results/ablation/fp_ablation_pretrain/runs/fp-ablation-pretrain-no-fp' OR one path is relative and the other is absolute.,1075,7b5afa7acd234fb4b66241aa591cbb60,fp-ablation-pretrain-no-fp,already_present
shift_validation/c_epoch_0_step_12000.csv,'/mnt/filesystem-test/nmr/results/ablation/fp_ablation_pretrain/runs/fp-ablation-pretrain-no-fp/artifacts/shift_validation/c_epoch_0_step_12000.csv' is not in the subpath of 'results/ablation/fp_ablation_pretrain/runs/fp-ablation-pretrain-no-fp' OR one path is relative and the other is absolute.,1063,7b5afa7acd234fb4b66241aa591cbb60,fp-ablation-pretrain-no-fp,already_present
shift_validation/c_epoch_0_step_13000.csv,'/mnt/filesystem-test/nmr/results/ablation/fp_ablation_pretrain/runs/fp-ablation-pretrain-no-fp/artifacts/shift_validation/c_epoch_0_step_13000.csv' is not in the subpath of 'results/ablation/fp_ablation_pretrain/runs/fp-ablation-pretrain-no-fp' OR one path is relative and the other is absolute.,1068,7b5afa7acd234fb4b66241aa591cbb60,fp-ablation-pretrain-no-fp,already_present
shift_validation/c_epoch_0_step_14000.csv,'/mnt/filesystem-test/nmr/results/ablation/fp_ablation_pretrain/runs/fp-ablation-pretrain-no-fp/artifacts/shift_validation/c_epoch_0_step_14000.csv' is not in the subpath of 'results/ablation/fp_ablation_pretrain/runs/fp-ablation-pretrain-no-fp' OR one path is relative and the other is absolute.,1073,7b5afa7acd234fb4b66241aa591cbb60,fp-ablation-pretrain-no-fp,already_present
shift_validation/c_epoch_0_step_15000.csv,'/mnt/filesystem-test/nmr/results/ablation/fp_ablation_pretrain/runs/fp-ablation-pretrain-no-fp/artifacts/shift_validation/c_epoch_0_step_15000.csv' is not in the subpath of 'results/ablation/fp_ablation_pretrain/runs/fp-ablation-pretrain-no-fp' OR one path is relative and the other is absolute.,1065,7b5afa7acd234fb4b66241aa591cbb60,fp-ablation-pretrain-no-fp,already_present
shift_validation/c_epoch_0_step_16000.csv,'/mnt/filesystem-test/nmr/results/ablation/fp_ablation_pretrain/runs/fp-ablation-pretrain-no-fp/artifacts/shift_validation/c_epoch_0_step_16000.csv' is not in the subpath of 'results/ablation/fp_ablation_pretrain/runs/fp-ablation-pretrain-no-fp' OR one path is relative and the other is absolute.,1075,7b5afa7acd234fb4b66241aa591cbb60,fp-ablation-pretrain-no-fp,already_present
shift_validation/c_epoch_0_step_17000.csv,'/mnt/filesystem-test/nmr/results/ablation/fp_ablation_pretrain/runs/fp-ablation-pretrain-no-fp/artifacts/shift_validation/c_epoch_0_step_17000.csv' is not in the subpath of 'results/ablation/fp_ablation_pretrain/runs/fp-ablation-pretrain-no-fp' OR one path is relative and the other is absolute.,1069,7b5afa7acd234fb4b66241aa591cbb60,fp-ablation-pretrain-no-fp,already_present
shift_validation/c_epoch_0_step_18000.csv,'/mnt/filesystem-test/nmr/results/ablation/fp_ablation_pretrain/runs/fp-ablation-pretrain-no-fp/artifacts/shift_validation/c_epoch_0_step_18000.csv' is not in the subpath of 'results/ablation/fp_ablation_pretrain/runs/fp-ablation-pretrain-no-fp' OR one path is relative and the other is absolute.,1069,7b5afa7acd234fb4b66241aa591cbb60,fp-ablation-pretrain-no-fp,already_present
shift_validation/c_epoch_0_step_19000.csv,'/mnt/filesystem-test/nmr/results/ablation/fp_ablation_pretrain/runs/fp-ablation-pretrain-no-fp/artifacts/shift_validation/c_epoch_0_step_19000.csv' is not in the subpath of 'results/ablation/fp_ablation_pretrain/runs/fp-ablation-pretrain-no-fp' OR one path is relative and the other is absolute.,1072,7b5afa7acd234fb4b66241aa591cbb60,fp-ablation-pretrain-no-fp,already_present
shift_validation/c_epoch_0_step_2000.csv,'/mnt/filesystem-test/nmr/results/ablation/fp_ablation_pretrain/runs/fp-ablation-pretrain-no-fp/artifacts/shift_validation/c_epoch_0_step_2000.csv' is not in the subpath of 'results/ablation/fp_ablation_pretrain/runs/fp-ablation-pretrain-no-fp' OR one path is relative and the other is absolute.,1070,7b5afa7acd234fb4b66241aa591cbb60,fp-ablation-pretrain-no-fp,already_present
shift_validation/c_epoch_0_step_20000.csv,'/mnt/filesystem-test/nmr/results/ablation/fp_ablation_pretrain/runs/fp-ablation-pretrain-no-fp/artifacts/shift_validation/c_epoch_0_step_20000.csv' is not in the subpath of 'results/ablation/fp_ablation_pretrain/runs/fp-ablation-pretrain-no-fp' OR one path is relative and the other is absolute.,1073,7b5afa7acd234fb4b66241aa591cbb60,fp-ablation-pretrain-no-fp,already_present
shift_validation/c_epoch_0_step_21000.csv,'/mnt/filesystem-test/nmr/results/ablation/fp_ablation_pretrain/runs/fp-ablation-pretrain-no-fp/artifacts/shift_validation/c_epoch_0_step_21000.csv' is not in the subpath of 'results/ablation/fp_ablation_pretrain/runs/fp-ablation-pretrain-no-fp' OR one path is relative and the other is absolute.,1072,7b5afa7acd234fb4b66241aa591cbb60,fp-ablation-pretrain-no-fp,already_present
shift_validation/c_epoch_0_step_22000.csv,'/mnt/filesystem-test/nmr/results/ablation/fp_ablation_pretrain/runs/fp-ablation-pretrain-no-fp/artifacts/shift_validation/c_epoch_0_step_22000.csv' is not in the subpath of 'results/ablation/fp_ablation_pretrain/runs/fp-ablation-pretrain-no-fp' OR one path is relative and the other is absolute.,1064,7b5afa7acd234fb4b66241aa591cbb60,fp-ablation-pretrain-no-fp,already_present
shift_validation/c_epoch_0_step_23000.csv,'/mnt/filesystem-test/nmr/results/ablation/fp_ablation_pretrain/runs/fp-ablation-pretrain-no-fp/artifacts/shift_validation/c_epoch_0_step_23000.csv' is not in the subpath of 'results/ablation/fp_ablation_pretrain/runs/fp-ablation-pretrain-no-fp' OR one path is relative and the other is absolute.,1073,7b5afa7acd234fb4b66241aa591cbb60,fp-ablation-pretrain-no-fp,already_present
shift_validation/c_epoch_0_step_24000.csv,'/mnt/filesystem-test/nmr/results/ablation/fp_ablation_pretrain/runs/fp-ablation-pretrain-no-fp/artifacts/shift_validation/c_epoch_0_step_24000.csv' is not in the subpath of 'results/ablation/fp_ablation_pretrain/runs/fp-ablation-pretrain-no-fp' OR one path is relative and the other is absolute.,1060,7b5afa7acd234fb4b66241aa591cbb60,fp-ablation-pretrain-no-fp,already_present
shift_validation/c_epoch_0_step_25000.csv,'/mnt/filesystem-test/nmr/results/ablation/fp_ablation_pretrain/runs/fp-ablation-pretrain-no-fp/artifacts/shift_validation/c_epoch_0_step_25000.csv' is not in the subpath of 'results/ablation/fp_ablation_pretrain/runs/fp-ablation-pretrain-no-fp' OR one path is relative and the other is absolute.,1072,7b5afa7acd234fb4b66241aa591cbb60,fp-ablation-pretrain-no-fp,already_present
shift_validation/c_epoch_0_step_26000.csv,'/mnt/filesystem-test/nmr/results/ablation/fp_ablation_pretrain/runs/fp-ablation-pretrain-no-fp/artifacts/shift_validation/c_epoch_0_step_26000.csv' is not in the subpath of 'results/ablation/fp_ablation_pretrain/runs/fp-ablation-pretrain-no-fp' OR one path is relative and the other is absolute.,1074,7b5afa7acd234fb4b66241aa591cbb60,fp-ablation-pretrain-no-fp,already_present
shift_validation/c_epoch_0_step_27000.csv,'/mnt/filesystem-test/nmr/results/ablation/fp_ablation_pretrain/runs/fp-ablation-pretrain-no-fp/artifacts/shift_validation/c_epoch_0_step_27000.csv' is not in the subpath of 'results/ablation/fp_ablation_pretrain/runs/fp-ablation-pretrain-no-fp' OR one path is relative and the other is absolute.,1069,7b5afa7acd234fb4b66241aa591cbb60,fp-ablation-pretrain-no-fp,already_present
shift_validation/c_epoch_0_step_28000.csv,'/mnt/filesystem-test/nmr/results/ablation/fp_ablation_pretrain/runs/fp-ablation-pretrain-no-fp/artifacts/shift_validation/c_epoch_0_step_28000.csv' is not in the subpath of 'results/ablation/fp_ablation_pretrain/runs/fp-ablation-pretrain-no-fp' OR one path is relative and the other is absolute.,1068,7b5afa7acd234fb4b66241aa591cbb60,fp-ablation-pretrain-no-fp,already_present
shift_validation/c_epoch_0_step_29000.csv,'/mnt/filesystem-test/nmr/results/ablation/fp_ablation_pretrain/runs/fp-ablation-pretrain-no-fp/artifacts/shift_validation/c_epoch_0_step_29000.csv' is not in the subpath of 'results/ablation/fp_ablation_pretrain/runs/fp-ablation-pretrain-no-fp' OR one path is relative and the other is absolute.,1065,7b5afa7acd234fb4b66241aa591cbb60,fp-ablation-pretrain-no-fp,already_present
shift_validation/c_epoch_0_step_3000.csv,'/mnt/filesystem-test/nmr/results/ablation/fp_ablation_pretrain/runs/fp-ablation-pretrain-no-fp/artifacts/shift_validation/c_epoch_0_step_3000.csv' is not in the subpath of 'results/ablation/fp_ablation_pretrain/runs/fp-ablation-pretrain-no-fp' OR one path is relative and the other is absolute.,1066,7b5afa7acd234fb4b66241aa591cbb60,fp-ablation-pretrain-no-fp,already_present
shift_validation/c_epoch_0_step_30000.csv,'/mnt/filesystem-test/nmr/results/ablation/fp_ablation_pretrain/runs/fp-ablation-pretrain-no-fp/artifacts/shift_validation/c_epoch_0_step_30000.csv' is not in the subpath of 'results/ablation/fp_ablation_pretrain/runs/fp-ablation-pretrain-no-fp' OR one path is relative and the other is absolute.,1069,7b5afa7acd234fb4b66241aa591cbb60,fp-ablation-pretrain-no-fp,already_present
shift_validation/c_epoch_0_step_4000.csv,'/mnt/filesystem-test/nmr/results/ablation/fp_ablation_pretrain/runs/fp-ablation-pretrain-no-fp/artifacts/shift_validation/c_epoch_0_step_4000.csv' is not in the subpath of 'results/ablation/fp_ablation_pretrain/runs/fp-ablation-pretrain-no-fp' OR one path is relative and the other is absolute.,1067,7b5afa7acd234fb4b66241aa591cbb60,fp-ablation-pretrain-no-fp,already_present
shift_validation/c_epoch_0_step_5000.csv,'/mnt/filesystem-test/nmr/results/ablation/fp_ablation_pretrain/runs/fp-ablation-pretrain-no-fp/artifacts/shift_validation/c_epoch_0_step_5000.csv' is not in the subpath of 'results/ablation/fp_ablation_pretrain/runs/fp-ablation-pretrain-no-fp' OR one path is relative and the other is absolute.,1071,7b5afa7acd234fb4b66241aa591cbb60,fp-ablation-pretrain-no-fp,already_present
shift_validation/c_epoch_0_step_6000.csv,'/mnt/filesystem-test/nmr/results/ablation/fp_ablation_pretrain/runs/fp-ablation-pretrain-no-fp/artifacts/shift_validation/c_epoch_0_step_6000.csv' is not in the subpath of 'results/ablation/fp_ablation_pretrain/runs/fp-ablation-pretrain-no-fp' OR one path is relative and the other is absolute.,1072,7b5afa7acd234fb4b66241aa591cbb60,fp-ablation-pretrain-no-fp,already_present
shift_validation/c_epoch_0_step_7000.csv,'/mnt/filesystem-test/nmr/results/ablation/fp_ablation_pretrain/runs/fp-ablation-pretrain-no-fp/artifacts/shift_validation/c_epoch_0_step_7000.csv' is not in the subpath of 'results/ablation/fp_ablation_pretrain/runs/fp-ablation-pretrain-no-fp' OR one path is relative and the other is absolute.,1073,7b5afa7acd234fb4b66241aa591cbb60,fp-ablation-pretrain-no-fp,already_present
shift_validation/c_epoch_0_step_8000.csv,'/mnt/filesystem-test/nmr/results/ablation/fp_ablation_pretrain/runs/fp-ablation-pretrain-no-fp/artifacts/shift_validation/c_epoch_0_step_8000.csv' is not in the subpath of 'results/ablation/fp_ablation_pretrain/runs/fp-ablation-pretrain-no-fp' OR one path is relative and the other is absolute.,1070,7b5afa7acd234fb4b66241aa591cbb60,fp-ablation-pretrain-no-fp,already_present
shift_validation/c_epoch_0_step_9000.csv,'/mnt/filesystem-test/nmr/results/ablation/fp_ablation_pretrain/runs/fp-ablation-pretrain-no-fp/artifacts/shift_validation/c_epoch_0_step_9000.csv' is not in the subpath of 'results/ablation/fp_ablation_pretrain/runs/fp-ablation-pretrain-no-fp' OR one path is relative and the other is absolute.,1074,7b5afa7acd234fb4b66241aa591cbb60,fp-ablation-pretrain-no-fp,already_present
shift_validation/h_epoch_0_step_1000.csv,'/mnt/filesystem-test/nmr/results/ablation/fp_ablation_pretrain/runs/fp-ablation-pretrain-no-fp/artifacts/shift_validation/h_epoch_0_step_1000.csv' is not in the subpath of 'results/ablation/fp_ablation_pretrain/runs/fp-ablation-pretrain-no-fp' OR one path is relative and the other is absolute.,1039,7b5afa7acd234fb4b66241aa591cbb60,fp-ablation-pretrain-no-fp,already_present
shift_validation/h_epoch_0_step_10000.csv,'/mnt/filesystem-test/nmr/results/ablation/fp_ablation_pretrain/runs/fp-ablation-pretrain-no-fp/artifacts/shift_validation/h_epoch_0_step_10000.csv' is not in the subpath of 'results/ablation/fp_ablation_pretrain/runs/fp-ablation-pretrain-no-fp' OR one path is relative and the other is absolute.,1045,7b5afa7acd234fb4b66241aa591cbb60,fp-ablation-pretrain-no-fp,already_present
shift_validation/h_epoch_0_step_11000.csv,'/mnt/filesystem-test/nmr/results/ablation/fp_ablation_pretrain/runs/fp-ablation-pretrain-no-fp/artifacts/shift_validation/h_epoch_0_step_11000.csv' is not in the subpath of 'results/ablation/fp_ablation_pretrain/runs/fp-ablation-pretrain-no-fp' OR one path is relative and the other is absolute.,1044,7b5afa7acd234fb4b66241aa591cbb60,fp-ablation-pretrain-no-fp,already_present
shift_validation/h_epoch_0_step_12000.csv,'/mnt/filesystem-test/nmr/results/ablation/fp_ablation_pretrain/runs/fp-ablation-pretrain-no-fp/artifacts/shift_validation/h_epoch_0_step_12000.csv' is not in the subpath of 'results/ablation/fp_ablation_pretrain/runs/fp-ablation-pretrain-no-fp' OR one path is relative and the other is absolute.,1045,7b5afa7acd234fb4b66241aa591cbb60,fp-ablation-pretrain-no-fp,already_present
shift_validation/h_epoch_0_step_13000.csv,'/mnt/filesystem-test/nmr/results/ablation/fp_ablation_pretrain/runs/fp-ablation-pretrain-no-fp/artifacts/shift_validation/h_epoch_0_step_13000.csv' is not in the subpath of 'results/ablation/fp_ablation_pretrain/runs/fp-ablation-pretrain-no-fp' OR one path is relative and the other is absolute.,1038,7b5afa7acd234fb4b66241aa591cbb60,fp-ablation-pretrain-no-fp,already_present
shift_validation/h_epoch_0_step_14000.csv,'/mnt/filesystem-test/nmr/results/ablation/fp_ablation_pretrain/runs/fp-ablation-pretrain-no-fp/artifacts/shift_validation/h_epoch_0_step_14000.csv' is not in the subpath of 'results/ablation/fp_ablation_pretrain/runs/fp-ablation-pretrain-no-fp' OR one path is relative and the other is absolute.,1045,7b5afa7acd234fb4b66241aa591cbb60,fp-ablation-pretrain-no-fp,already_present
shift_validation/h_epoch_0_step_15000.csv,'/mnt/filesystem-test/nmr/results/ablation/fp_ablation_pretrain/runs/fp-ablation-pretrain-no-fp/artifacts/shift_validation/h_epoch_0_step_15000.csv' is not in the subpath of 'results/ablation/fp_ablation_pretrain/runs/fp-ablation-pretrain-no-fp' OR one path is relative and the other is absolute.,1042,7b5afa7acd234fb4b66241aa591cbb60,fp-ablation-pretrain-no-fp,already_present
shift_validation/h_epoch_0_step_16000.csv,'/mnt/filesystem-test/nmr/results/ablation/fp_ablation_pretrain/runs/fp-ablation-pretrain-no-fp/artifacts/shift_validation/h_epoch_0_step_16000.csv' is not in the subpath of 'results/ablation/fp_ablation_pretrain/runs/fp-ablation-pretrain-no-fp' OR one path is relative and the other is absolute.,1043,7b5afa7acd234fb4b66241aa591cbb60,fp-ablation-pretrain-no-fp,already_present
shift_validation/h_epoch_0_step_17000.csv,'/mnt/filesystem-test/nmr/results/ablation/fp_ablation_pretrain/runs/fp-ablation-pretrain-no-fp/artifacts/shift_validation/h_epoch_0_step_17000.csv' is not in the subpath of 'results/ablation/fp_ablation_pretrain/runs/fp-ablation-pretrain-no-fp' OR one path is relative and the other is absolute.,1046,7b5afa7acd234fb4b66241aa591cbb60,fp-ablation-pretrain-no-fp,already_present
shift_validation/h_epoch_0_step_18000.csv,'/mnt/filesystem-test/nmr/results/ablation/fp_ablation_pretrain/runs/fp-ablation-pretrain-no-fp/artifacts/shift_validation/h_epoch_0_step_18000.csv' is not in the subpath of 'results/ablation/fp_ablation_pretrain/runs/fp-ablation-pretrain-no-fp' OR one path is relative and the other is absolute.,1047,7b5afa7acd234fb4b66241aa591cbb60,fp-ablation-pretrain-no-fp,already_present
shift_validation/h_epoch_0_step_19000.csv,'/mnt/filesystem-test/nmr/results/ablation/fp_ablation_pretrain/runs/fp-ablation-pretrain-no-fp/artifacts/shift_validation/h_epoch_0_step_19000.csv' is not in the subpath of 'results/ablation/fp_ablation_pretrain/runs/fp-ablation-pretrain-no-fp' OR one path is relative and the other is absolute.,1043,7b5afa7acd234fb4b66241aa591cbb60,fp-ablation-pretrain-no-fp,already_present
shift_validation/h_epoch_0_step_2000.csv,'/mnt/filesystem-test/nmr/results/ablation/fp_ablation_pretrain/runs/fp-ablation-pretrain-no-fp/artifacts/shift_validation/h_epoch_0_step_2000.csv' is not in the subpath of 'results/ablation/fp_ablation_pretrain/runs/fp-ablation-pretrain-no-fp' OR one path is relative and the other is absolute.,1041,7b5afa7acd234fb4b66241aa591cbb60,fp-ablation-pretrain-no-fp,already_present
shift_validation/h_epoch_0_step_20000.csv,'/mnt/filesystem-test/nmr/results/ablation/fp_ablation_pretrain/runs/fp-ablation-pretrain-no-fp/artifacts/shift_validation/h_epoch_0_step_20000.csv' is not in the subpath of 'results/ablation/fp_ablation_pretrain/runs/fp-ablation-pretrain-no-fp' OR one path is relative and the other is absolute.,1047,7b5afa7acd234fb4b66241aa591cbb60,fp-ablation-pretrain-no-fp,already_present
shift_validation/h_epoch_0_step_21000.csv,'/mnt/filesystem-test/nmr/results/ablation/fp_ablation_pretrain/runs/fp-ablation-pretrain-no-fp/artifacts/shift_validation/h_epoch_0_step_21000.csv' is not in the subpath of 'results/ablation/fp_ablation_pretrain/runs/fp-ablation-pretrain-no-fp' OR one path is relative and the other is absolute.,1050,7b5afa7acd234fb4b66241aa591cbb60,fp-ablation-pretrain-no-fp,already_present
shift_validation/h_epoch_0_step_22000.csv,'/mnt/filesystem-test/nmr/results/ablation/fp_ablation_pretrain/runs/fp-ablation-pretrain-no-fp/artifacts/shift_validation/h_epoch_0_step_22000.csv' is not in the subpath of 'results/ablation/fp_ablation_pretrain/runs/fp-ablation-pretrain-no-fp' OR one path is relative and the other is absolute.,1047,7b5afa7acd234fb4b66241aa591cbb60,fp-ablation-pretrain-no-fp,already_present
shift_validation/h_epoch_0_step_23000.csv,'/mnt/filesystem-test/nmr/results/ablation/fp_ablation_pretrain/runs/fp-ablation-pretrain-no-fp/artifacts/shift_validation/h_epoch_0_step_23000.csv' is not in the subpath of 'results/ablation/fp_ablation_pretrain/runs/fp-ablation-pretrain-no-fp' OR one path is relative and the other is absolute.,1044,7b5afa7acd234fb4b66241aa591cbb60,fp-ablation-pretrain-no-fp,already_present
shift_validation/h_epoch_0_step_24000.csv,'/mnt/filesystem-test/nmr/results/ablation/fp_ablation_pretrain/runs/fp-ablation-pretrain-no-fp/artifacts/shift_validation/h_epoch_0_step_24000.csv' is not in the subpath of 'results/ablation/fp_ablation_pretrain/runs/fp-ablation-pretrain-no-fp' OR one path is relative and the other is absolute.,1043,7b5afa7acd234fb4b66241aa591cbb60,fp-ablation-pretrain-no-fp,already_present
shift_validation/h_epoch_0_step_25000.csv,'/mnt/filesystem-test/nmr/results/ablation/fp_ablation_pretrain/runs/fp-ablation-pretrain-no-fp/artifacts/shift_validation/h_epoch_0_step_25000.csv' is not in the subpath of 'results/ablation/fp_ablation_pretrain/runs/fp-ablation-pretrain-no-fp' OR one path is relative and the other is absolute.,1042,7b5afa7acd234fb4b66241aa591cbb60,fp-ablation-pretrain-no-fp,already_present
shift_validation/h_epoch_0_step_26000.csv,'/mnt/filesystem-test/nmr/results/ablation/fp_ablation_pretrain/runs/fp-ablation-pretrain-no-fp/artifacts/shift_validation/h_epoch_0_step_26000.csv' is not in the subpath of 'results/ablation/fp_ablation_pretrain/runs/fp-ablation-pretrain-no-fp' OR one path is relative and the other is absolute.,1035,7b5afa7acd234fb4b66241aa591cbb60,fp-ablation-pretrain-no-fp,already_present
shift_validation/h_epoch_0_step_27000.csv,'/mnt/filesystem-test/nmr/results/ablation/fp_ablation_pretrain/runs/fp-ablation-pretrain-no-fp/artifacts/shift_validation/h_epoch_0_step_27000.csv' is not in the subpath of 'results/ablation/fp_ablation_pretrain/runs/fp-ablation-pretrain-no-fp' OR one path is relative and the other is absolute.,1046,7b5afa7acd234fb4b66241aa591cbb60,fp-ablation-pretrain-no-fp,already_present
shift_validation/h_epoch_0_step_28000.csv,'/mnt/filesystem-test/nmr/results/ablation/fp_ablation_pretrain/runs/fp-ablation-pretrain-no-fp/artifacts/shift_validation/h_epoch_0_step_28000.csv' is not in the subpath of 'results/ablation/fp_ablation_pretrain/runs/fp-ablation-pretrain-no-fp' OR one path is relative and the other is absolute.,1050,7b5afa7acd234fb4b66241aa591cbb60,fp-ablation-pretrain-no-fp,already_present
shift_validation/h_epoch_0_step_29000.csv,'/mnt/filesystem-test/nmr/results/ablation/fp_ablation_pretrain/runs/fp-ablation-pretrain-no-fp/artifacts/shift_validation/h_epoch_0_step_29000.csv' is not in the subpath of 'results/ablation/fp_ablation_pretrain/runs/fp-ablation-pretrain-no-fp' OR one path is relative and the other is absolute.,1045,7b5afa7acd234fb4b66241aa591cbb60,fp-ablation-pretrain-no-fp,already_present
shift_validation/h_epoch_0_step_3000.csv,'/mnt/filesystem-test/nmr/results/ablation/fp_ablation_pretrain/runs/fp-ablation-pretrain-no-fp/artifacts/shift_validation/h_epoch_0_step_3000.csv' is not in the subpath of 'results/ablation/fp_ablation_pretrain/runs/fp-ablation-pretrain-no-fp' OR one path is relative and the other is absolute.,1044,7b5afa7acd234fb4b66241aa591cbb60,fp-ablation-pretrain-no-fp,already_present
shift_validation/h_epoch_0_step_30000.csv,'/mnt/filesystem-test/nmr/results/ablation/fp_ablation_pretrain/runs/fp-ablation-pretrain-no-fp/artifacts/shift_validation/h_epoch_0_step_30000.csv' is not in the subpath of 'results/ablation/fp_ablation_pretrain/runs/fp-ablation-pretrain-no-fp' OR one path is relative and the other is absolute.,1043,7b5afa7acd234fb4b66241aa591cbb60,fp-ablation-pretrain-no-fp,already_present
shift_validation/h_epoch_0_step_4000.csv,'/mnt/filesystem-test/nmr/results/ablation/fp_ablation_pretrain/runs/fp-ablation-pretrain-no-fp/artifacts/shift_validation/h_epoch_0_step_4000.csv' is not in the subpath of 'results/ablation/fp_ablation_pretrain/runs/fp-ablation-pretrain-no-fp' OR one path is relative and the other is absolute.,1044,7b5afa7acd234fb4b66241aa591cbb60,fp-ablation-pretrain-no-fp,already_present
shift_validation/h_epoch_0_step_5000.csv,'/mnt/filesystem-test/nmr/results/ablation/fp_ablation_pretrain/runs/fp-ablation-pretrain-no-fp/artifacts/shift_validation/h_epoch_0_step_5000.csv' is not in the subpath of 'results/ablation/fp_ablation_pretrain/runs/fp-ablation-pretrain-no-fp' OR one path is relative and the other is absolute.,1039,7b5afa7acd234fb4b66241aa591cbb60,fp-ablation-pretrain-no-fp,already_present
shift_validation/h_epoch_0_step_6000.csv,'/mnt/filesystem-test/nmr/results/ablation/fp_ablation_pretrain/runs/fp-ablation-pretrain-no-fp/artifacts/shift_validation/h_epoch_0_step_6000.csv' is not in the subpath of 'results/ablation/fp_ablation_pretrain/runs/fp-ablation-pretrain-no-fp' OR one path is relative and the other is absolute.,1042,7b5afa7acd234fb4b66241aa591cbb60,fp-ablation-pretrain-no-fp,already_present
shift_validation/h_epoch_0_step_7000.csv,'/mnt/filesystem-test/nmr/results/ablation/fp_ablation_pretrain/runs/fp-ablation-pretrain-no-fp/artifacts/shift_validation/h_epoch_0_step_7000.csv' is not in the subpath of 'results/ablation/fp_ablation_pretrain/runs/fp-ablation-pretrain-no-fp' OR one path is relative and the other is absolute.,1042,7b5afa7acd234fb4b66241aa591cbb60,fp-ablation-pretrain-no-fp,already_present
shift_validation/h_epoch_0_step_8000.csv,'/mnt/filesystem-test/nmr/results/ablation/fp_ablation_pretrain/runs/fp-ablation-pretrain-no-fp/artifacts/shift_validation/h_epoch_0_step_8000.csv' is not in the subpath of 'results/ablation/fp_ablation_pretrain/runs/fp-ablation-pretrain-no-fp' OR one path is relative and the other is absolute.,1048,7b5afa7acd234fb4b66241aa591cbb60,fp-ablation-pretrain-no-fp,already_present
shift_validation/h_epoch_0_step_9000.csv,'/mnt/filesystem-test/nmr/results/ablation/fp_ablation_pretrain/runs/fp-ablation-pretrain-no-fp/artifacts/shift_validation/h_epoch_0_step_9000.csv' is not in the subpath of 'results/ablation/fp_ablation_pretrain/runs/fp-ablation-pretrain-no-fp' OR one path is relative and the other is absolute.,1046,7b5afa7acd234fb4b66241aa591cbb60,fp-ablation-pretrain-no-fp,already_present
fingerprint_validation/epoch_0_step_1000.csv,'/mnt/filesystem-test/nmr/results/ablation/fp_ablation_pretrain/runs/fp-ablation-pretrain-no-fp/artifacts/fingerprint_validation/epoch_0_step_1000.csv' is not in the subpath of 'results/ablation/fp_ablation_pretrain/runs/fp-ablation-pretrain-no-fp' OR one path is relative and the other is absolute.,316,7b5afa7acd234fb4b66241aa591cbb60,fp-ablation-pretrain-no-fp,already_present
fingerprint_validation/epoch_0_step_10000.csv,'/mnt/filesystem-test/nmr/results/ablation/fp_ablation_pretrain/runs/fp-ablation-pretrain-no-fp/artifacts/fingerprint_validation/epoch_0_step_10000.csv' is not in the subpath of 'results/ablation/fp_ablation_pretrain/runs/fp-ablation-pretrain-no-fp' OR one path is relative and the other is absolute.,315,7b5afa7acd234fb4b66241aa591cbb60,fp-ablation-pretrain-no-fp,already_present
fingerprint_validation/epoch_0_step_11000.csv,'/mnt/filesystem-test/nmr/results/ablation/fp_ablation_pretrain/runs/fp-ablation-pretrain-no-fp/artifacts/fingerprint_validation/epoch_0_step_11000.csv' is not in the subpath of 'results/ablation/fp_ablation_pretrain/runs/fp-ablation-pretrain-no-fp' OR one path is relative and the other is absolute.,314,7b5afa7acd234fb4b66241aa591cbb60,fp-ablation-pretrain-no-fp,already_present
fingerprint_validation/epoch_0_step_12000.csv,'/mnt/filesystem-test/nmr/results/ablation/fp_ablation_pretrain/runs/fp-ablation-pretrain-no-fp/artifacts/fingerprint_validation/epoch_0_step_12000.csv' is not in the subpath of 'results/ablation/fp_ablation_pretrain/runs/fp-ablation-pretrain-no-fp' OR one path is relative and the other is absolute.,314,7b5afa7acd234fb4b66241aa591cbb60,fp-ablation-pretrain-no-fp,already_present
fingerprint_validation/epoch_0_step_13000.csv,'/mnt/filesystem-test/nmr/results/ablation/fp_ablation_pretrain/runs/fp-ablation-pretrain-no-fp/artifacts/fingerprint_validation/epoch_0_step_13000.csv' is not in the subpath of 'results/ablation/fp_ablation_pretrain/runs/fp-ablation-pretrain-no-fp' OR one path is relative and the other is absolute.,311,7b5afa7acd234fb4b66241aa591cbb60,fp-ablation-pretrain-no-fp,already_present
fingerprint_validation/epoch_0_step_14000.csv,'/mnt/filesystem-test/nmr/results/ablation/fp_ablation_pretrain/runs/fp-ablation-pretrain-no-fp/artifacts/fingerprint_validation/epoch_0_step_14000.csv' is not in the subpath of 'results/ablation/fp_ablation_pretrain/runs/fp-ablation-pretrain-no-fp' OR one path is relative and the other is absolute.,314,7b5afa7acd234fb4b66241aa591cbb60,fp-ablation-pretrain-no-fp,already_present
fingerprint_validation/epoch_0_step_15000.csv,'/mnt/filesystem-test/nmr/results/ablation/fp_ablation_pretrain/runs/fp-ablation-pretrain-no-fp/artifacts/fingerprint_validation/epoch_0_step_15000.csv' is not in the subpath of 'results/ablation/fp_ablation_pretrain/runs/fp-ablation-pretrain-no-fp' OR one path is relative and the other is absolute.,315,7b5afa7acd234fb4b66241aa591cbb60,fp-ablation-pretrain-no-fp,already_present
fingerprint_validation/epoch_0_step_16000.csv,'/mnt/filesystem-test/nmr/results/ablation/fp_ablation_pretrain/runs/fp-ablation-pretrain-no-fp/artifacts/fingerprint_validation/epoch_0_step_16000.csv' is not in the subpath of 'results/ablation/fp_ablation_pretrain/runs/fp-ablation-pretrain-no-fp' OR one path is relative and the other is absolute.,317,7b5afa7acd234fb4b66241aa591cbb60,fp-ablation-pretrain-no-fp,already_present
fingerprint_validation/epoch_0_step_17000.csv,'/mnt/filesystem-test/nmr/results/ablation/fp_ablation_pretrain/runs/fp-ablation-pretrain-no-fp/artifacts/fingerprint_validation/epoch_0_step_17000.csv' is not in the subpath of 'results/ablation/fp_ablation_pretrain/runs/fp-ablation-pretrain-no-fp' OR one path is relative and the other is absolute.,312,7b5afa7acd234fb4b66241aa591cbb60,fp-ablation-pretrain-no-fp,already_present
fingerprint_validation/epoch_0_step_18000.csv,'/mnt/filesystem-test/nmr/results/ablation/fp_ablation_pretrain/runs/fp-ablation-pretrain-no-fp/artifacts/fingerprint_validation/epoch_0_step_18000.csv' is not in the subpath of 'results/ablation/fp_ablation_pretrain/runs/fp-ablation-pretrain-no-fp' OR one path is relative and the other is absolute.,316,7b5afa7acd234fb4b66241aa591cbb60,fp-ablation-pretrain-no-fp,already_present
fingerprint_validation/epoch_0_step_19000.csv,'/mnt/filesystem-test/nmr/results/ablation/fp_ablation_pretrain/runs/fp-ablation-pretrain-no-fp/artifacts/fingerprint_validation/epoch_0_step_19000.csv' is not in the subpath of 'results/ablation/fp_ablation_pretrain/runs/fp-ablation-pretrain-no-fp' OR one path is relative and the other is absolute.,313,7b5afa7acd234fb4b66241aa591cbb60,fp-ablation-pretrain-no-fp,already_present
fingerprint_validation/epoch_0_step_2000.csv,'/mnt/filesystem-test/nmr/results/ablation/fp_ablation_pretrain/runs/fp-ablation-pretrain-no-fp/artifacts/fingerprint_validation/epoch_0_step_2000.csv' is not in the subpath of 'results/ablation/fp_ablation_pretrain/runs/fp-ablation-pretrain-no-fp' OR one path is relative and the other is absolute.,317,7b5afa7acd234fb4b66241aa591cbb60,fp-ablation-pretrain-no-fp,already_present
fingerprint_validation/epoch_0_step_20000.csv,'/mnt/filesystem-test/nmr/results/ablation/fp_ablation_pretrain/runs/fp-ablation-pretrain-no-fp/artifacts/fingerprint_validation/epoch_0_step_20000.csv' is not in the subpath of 'results/ablation/fp_ablation_pretrain/runs/fp-ablation-pretrain-no-fp' OR one path is relative and the other is absolute.,314,7b5afa7acd234fb4b66241aa591cbb60,fp-ablation-pretrain-no-fp,already_present
fingerprint_validation/epoch_0_step_21000.csv,'/mnt/filesystem-test/nmr/results/ablation/fp_ablation_pretrain/runs/fp-ablation-pretrain-no-fp/artifacts/fingerprint_validation/epoch_0_step_21000.csv' is not in the subpath of 'results/ablation/fp_ablation_pretrain/runs/fp-ablation-pretrain-no-fp' OR one path is relative and the other is absolute.,315,7b5afa7acd234fb4b66241aa591cbb60,fp-ablation-pretrain-no-fp,already_present
fingerprint_validation/epoch_0_step_22000.csv,'/mnt/filesystem-test/nmr/results/ablation/fp_ablation_pretrain/runs/fp-ablation-pretrain-no-fp/artifacts/fingerprint_validation/epoch_0_step_22000.csv' is not in the subpath of 'results/ablation/fp_ablation_pretrain/runs/fp-ablation-pretrain-no-fp' OR one path is relative and the other is absolute.,310,7b5afa7acd234fb4b66241aa591cbb60,fp-ablation-pretrain-no-fp,already_present
fingerprint_validation/epoch_0_step_23000.csv,'/mnt/filesystem-test/nmr/results/ablation/fp_ablation_pretrain/runs/fp-ablation-pretrain-no-fp/artifacts/fingerprint_validation/epoch_0_step_23000.csv' is not in the subpath of 'results/ablation/fp_ablation_pretrain/runs/fp-ablation-pretrain-no-fp' OR one path is relative and the other is absolute.,314,7b5afa7acd234fb4b66241aa591cbb60,fp-ablation-pretrain-no-fp,already_present
fingerprint_validation/epoch_0_step_24000.csv,'/mnt/filesystem-test/nmr/results/ablation/fp_ablation_pretrain/runs/fp-ablation-pretrain-no-fp/artifacts/fingerprint_validation/epoch_0_step_24000.csv' is not in the subpath of 'results/ablation/fp_ablation_pretrain/runs/fp-ablation-pretrain-no-fp' OR one path is relative and the other is absolute.,315,7b5afa7acd234fb4b66241aa591cbb60,fp-ablation-pretrain-no-fp,already_present
fingerprint_validation/epoch_0_step_25000.csv,'/mnt/filesystem-test/nmr/results/ablation/fp_ablation_pretrain/runs/fp-ablation-pretrain-no-fp/artifacts/fingerprint_validation/epoch_0_step_25000.csv' is not in the subpath of 'results/ablation/fp_ablation_pretrain/runs/fp-ablation-pretrain-no-fp' OR one path is relative and the other is absolute.,316,7b5afa7acd234fb4b66241aa591cbb60,fp-ablation-pretrain-no-fp,already_present
fingerprint_validation/epoch_0_step_26000.csv,'/mnt/filesystem-test/nmr/results/ablation/fp_ablation_pretrain/runs/fp-ablation-pretrain-no-fp/artifacts/fingerprint_validation/epoch_0_step_26000.csv' is not in the subpath of 'results/ablation/fp_ablation_pretrain/runs/fp-ablation-pretrain-no-fp' OR one path is relative and the other is absolute.,313,7b5afa7acd234fb4b66241aa591cbb60,fp-ablation-pretrain-no-fp,already_present
fingerprint_validation/epoch_0_step_27000.csv,'/mnt/filesystem-test/nmr/results/ablation/fp_ablation_pretrain/runs/fp-ablation-pretrain-no-fp/artifacts/fingerprint_validation/epoch_0_step_27000.csv' is not in the subpath of 'results/ablation/fp_ablation_pretrain/runs/fp-ablation-pretrain-no-fp' OR one path is relative and the other is absolute.,313,7b5afa7acd234fb4b66241aa591cbb60,fp-ablation-pretrain-no-fp,already_present
fingerprint_validation/epoch_0_step_28000.csv,'/mnt/filesystem-test/nmr/results/ablation/fp_ablation_pretrain/runs/fp-ablation-pretrain-no-fp/artifacts/fingerprint_validation/epoch_0_step_28000.csv' is not in the subpath of 'results/ablation/fp_ablation_pretrain/runs/fp-ablation-pretrain-no-fp' OR one path is relative and the other is absolute.,315,7b5afa7acd234fb4b66241aa591cbb60,fp-ablation-pretrain-no-fp,already_present
fingerprint_validation/epoch_0_step_29000.csv,'/mnt/filesystem-test/nmr/results/ablation/fp_ablation_pretrain/runs/fp-ablation-pretrain-no-fp/artifacts/fingerprint_validation/epoch_0_step_29000.csv' is not in the subpath of 'results/ablation/fp_ablation_pretrain/runs/fp-ablation-pretrain-no-fp' OR one path is relative and the other is absolute.,315,7b5afa7acd234fb4b66241aa591cbb60,fp-ablation-pretrain-no-fp,already_present
fingerprint_validation/epoch_0_step_3000.csv,'/mnt/filesystem-test/nmr/results/ablation/fp_ablation_pretrain/runs/fp-ablation-pretrain-no-fp/artifacts/fingerprint_validation/epoch_0_step_3000.csv' is not in the subpath of 'results/ablation/fp_ablation_pretrain/runs/fp-ablation-pretrain-no-fp' OR one path is relative and the other is absolute.,314,7b5afa7acd234fb4b66241aa591cbb60,fp-ablation-pretrain-no-fp,already_present
fingerprint_validation/epoch_0_step_30000.csv,'/mnt/filesystem-test/nmr/results/ablation/fp_ablation_pretrain/runs/fp-ablation-pretrain-no-fp/artifacts/fingerprint_validation/epoch_0_step_30000.csv' is not in the subpath of 'results/ablation/fp_ablation_pretrain/runs/fp-ablation-pretrain-no-fp' OR one path is relative and the other is absolute.,314,7b5afa7acd234fb4b66241aa591cbb60,fp-ablation-pretrain-no-fp,already_present
fingerprint_validation/epoch_0_step_4000.csv,'/mnt/filesystem-test/nmr/results/ablation/fp_ablation_pretrain/runs/fp-ablation-pretrain-no-fp/artifacts/fingerprint_validation/epoch_0_step_4000.csv' is not in the subpath of 'results/ablation/fp_ablation_pretrain/runs/fp-ablation-pretrain-no-fp' OR one path is relative and the other is absolute.,315,7b5afa7acd234fb4b66241aa591cbb60,fp-ablation-pretrain-no-fp,already_present
fingerprint_validation/epoch_0_step_5000.csv,'/mnt/filesystem-test/nmr/results/ablation/fp_ablation_pretrain/runs/fp-ablation-pretrain-no-fp/artifacts/fingerprint_validation/epoch_0_step_5000.csv' is not in the subpath of 'results/ablation/fp_ablation_pretrain/runs/fp-ablation-pretrain-no-fp' OR one path is relative and the other is absolute.,314,7b5afa7acd234fb4b66241aa591cbb60,fp-ablation-pretrain-no-fp,already_present
fingerprint_validation/epoch_0_step_6000.csv,'/mnt/filesystem-test/nmr/results/ablation/fp_ablation_pretrain/runs/fp-ablation-pretrain-no-fp/artifacts/fingerprint_validation/epoch_0_step_6000.csv' is not in the subpath of 'results/ablation/fp_ablation_pretrain/runs/fp-ablation-pretrain-no-fp' OR one path is relative and the other is absolute.,314,7b5afa7acd234fb4b66241aa591cbb60,fp-ablation-pretrain-no-fp,already_present
fingerprint_validation/epoch_0_step_7000.csv,'/mnt/filesystem-test/nmr/results/ablation/fp_ablation_pretrain/runs/fp-ablation-pretrain-no-fp/artifacts/fingerprint_validation/epoch_0_step_7000.csv' is not in the subpath of 'results/ablation/fp_ablation_pretrain/runs/fp-ablation-pretrain-no-fp' OR one path is relative and the other is absolute.,314,7b5afa7acd234fb4b66241aa591cbb60,fp-ablation-pretrain-no-fp,already_present
fingerprint_validation/epoch_0_step_8000.csv,'/mnt/filesystem-test/nmr/results/ablation/fp_ablation_pretrain/runs/fp-ablation-pretrain-no-fp/artifacts/fingerprint_validation/epoch_0_step_8000.csv' is not in the subpath of 'results/ablation/fp_ablation_pretrain/runs/fp-ablation-pretrain-no-fp' OR one path is relative and the other is absolute.,315,7b5afa7acd234fb4b66241aa591cbb60,fp-ablation-pretrain-no-fp,already_present
fingerprint_validation/epoch_0_step_9000.csv,'/mnt/filesystem-test/nmr/results/ablation/fp_ablation_pretrain/runs/fp-ablation-pretrain-no-fp/artifacts/fingerprint_validation/epoch_0_step_9000.csv' is not in the subpath of 'results/ablation/fp_ablation_pretrain/runs/fp-ablation-pretrain-no-fp' OR one path is relative and the other is absolute.,311,7b5afa7acd234fb4b66241aa591cbb60,fp-ablation-pretrain-no-fp,already_present
shift_validation/c_epoch_0_step_1000.csv,'/mnt/filesystem-test/nmr/results/ablation/fp_ablation_pretrain/runs/fp-ablation-pretrain-weighted-fp/artifacts/shift_validation/c_epoch_0_step_1000.csv' is not in the subpath of 'results/ablation/fp_ablation_pretrain/runs/fp-ablation-pretrain-weighted-fp' OR one path is relative and the other is absolute.,1063,9e5f8bfba48f4dc3813de5b1596402e4,fp-ablation-pretrain-weighted-fp,already_present
shift_validation/c_epoch_0_step_10000.csv,'/mnt/filesystem-test/nmr/results/ablation/fp_ablation_pretrain/runs/fp-ablation-pretrain-weighted-fp/artifacts/shift_validation/c_epoch_0_step_10000.csv' is not in the subpath of 'results/ablation/fp_ablation_pretrain/runs/fp-ablation-pretrain-weighted-fp' OR one path is relative and the other is absolute.,1067,9e5f8bfba48f4dc3813de5b1596402e4,fp-ablation-pretrain-weighted-fp,already_present
shift_validation/c_epoch_0_step_11000.csv,'/mnt/filesystem-test/nmr/results/ablation/fp_ablation_pretrain/runs/fp-ablation-pretrain-weighted-fp/artifacts/shift_validation/c_epoch_0_step_11000.csv' is not in the subpath of 'results/ablation/fp_ablation_pretrain/runs/fp-ablation-pretrain-weighted-fp' OR one path is relative and the other is absolute.,1063,9e5f8bfba48f4dc3813de5b1596402e4,fp-ablation-pretrain-weighted-fp,already_present
shift_validation/c_epoch_0_step_12000.csv,'/mnt/filesystem-test/nmr/results/ablation/fp_ablation_pretrain/runs/fp-ablation-pretrain-weighted-fp/artifacts/shift_validation/c_epoch_0_step_12000.csv' is not in the subpath of 'results/ablation/fp_ablation_pretrain/runs/fp-ablation-pretrain-weighted-fp' OR one path is relative and the other is absolute.,1065,9e5f8bfba48f4dc3813de5b1596402e4,fp-ablation-pretrain-weighted-fp,already_present
shift_validation/c_epoch_0_step_13000.csv,'/mnt/filesystem-test/nmr/results/ablation/fp_ablation_pretrain/runs/fp-ablation-pretrain-weighted-fp/artifacts/shift_validation/c_epoch_0_step_13000.csv' is not in the subpath of 'results/ablation/fp_ablation_pretrain/runs/fp-ablation-pretrain-weighted-fp' OR one path is relative and the other is absolute.,1070,9e5f8bfba48f4dc3813de5b1596402e4,fp-ablation-pretrain-weighted-fp,already_present
shift_validation/c_epoch_0_step_14000.csv,'/mnt/filesystem-test/nmr/results/ablation/fp_ablation_pretrain/runs/fp-ablation-pretrain-weighted-fp/artifacts/shift_validation/c_epoch_0_step_14000.csv' is not in the subpath of 'results/ablation/fp_ablation_pretrain/runs/fp-ablation-pretrain-weighted-fp' OR one path is relative and the other is absolute.,1072,9e5f8bfba48f4dc3813de5b1596402e4,fp-ablation-pretrain-weighted-fp,already_present
shift_validation/c_epoch_0_step_15000.csv,'/mnt/filesystem-test/nmr/results/ablation/fp_ablation_pretrain/runs/fp-ablation-pretrain-weighted-fp/artifacts/shift_validation/c_epoch_0_step_15000.csv' is not in the subpath of 'results/ablation/fp_ablation_pretrain/runs/fp-ablation-pretrain-weighted-fp' OR one path is relative and the other is absolute.,1067,9e5f8bfba48f4dc3813de5b1596402e4,fp-ablation-pretrain-weighted-fp,already_present
shift_validation/c_epoch_0_step_16000.csv,'/mnt/filesystem-test/nmr/results/ablation/fp_ablation_pretrain/runs/fp-ablation-pretrain-weighted-fp/artifacts/shift_validation/c_epoch_0_step_16000.csv' is not in the subpath of 'results/ablation/fp_ablation_pretrain/runs/fp-ablation-pretrain-weighted-fp' OR one path is relative and the other is absolute.,1067,9e5f8bfba48f4dc3813de5b1596402e4,fp-ablation-pretrain-weighted-fp,already_present
shift_validation/c_epoch_0_step_17000.csv,'/mnt/filesystem-test/nmr/results/ablation/fp_ablation_pretrain/runs/fp-ablation-pretrain-weighted-fp/artifacts/shift_validation/c_epoch_0_step_17000.csv' is not in the subpath of 'results/ablation/fp_ablation_pretrain/runs/fp-ablation-pretrain-weighted-fp' OR one path is relative and the other is absolute.,1069,9e5f8bfba48f4dc3813de5b1596402e4,fp-ablation-pretrain-weighted-fp,already_present
shift_validation/c_epoch_0_step_18000.csv,'/mnt/filesystem-test/nmr/results/ablation/fp_ablation_pretrain/runs/fp-ablation-pretrain-weighted-fp/artifacts/shift_validation/c_epoch_0_step_18000.csv' is not in the subpath of 'results/ablation/fp_ablation_pretrain/runs/fp-ablation-pretrain-weighted-fp' OR one path is relative and the other is absolute.,1068,9e5f8bfba48f4dc3813de5b1596402e4,fp-ablation-pretrain-weighted-fp,already_present
shift_validation/c_epoch_0_step_19000.csv,'/mnt/filesystem-test/nmr/results/ablation/fp_ablation_pretrain/runs/fp-ablation-pretrain-weighted-fp/artifacts/shift_validation/c_epoch_0_step_19000.csv' is not in the subpath of 'results/ablation/fp_ablation_pretrain/runs/fp-ablation-pretrain-weighted-fp' OR one path is relative and the other is absolute.,1064,9e5f8bfba48f4dc3813de5b1596402e4,fp-ablation-pretrain-weighted-fp,already_present
shift_validation/c_epoch_0_step_2000.csv,'/mnt/filesystem-test/nmr/results/ablation/fp_ablation_pretrain/runs/fp-ablation-pretrain-weighted-fp/artifacts/shift_validation/c_epoch_0_step_2000.csv' is not in the subpath of 'results/ablation/fp_ablation_pretrain/runs/fp-ablation-pretrain-weighted-fp' OR one path is relative and the other is absolute.,1064,9e5f8bfba48f4dc3813de5b1596402e4,fp-ablation-pretrain-weighted-fp,already_present
shift_validation/c_epoch_0_step_20000.csv,'/mnt/filesystem-test/nmr/results/ablation/fp_ablation_pretrain/runs/fp-ablation-pretrain-weighted-fp/artifacts/shift_validation/c_epoch_0_step_20000.csv' is not in the subpath of 'results/ablation/fp_ablation_pretrain/runs/fp-ablation-pretrain-weighted-fp' OR one path is relative and the other is absolute.,1072,9e5f8bfba48f4dc3813de5b1596402e4,fp-ablation-pretrain-weighted-fp,already_present
shift_validation/c_epoch_0_step_21000.csv,'/mnt/filesystem-test/nmr/results/ablation/fp_ablation_pretrain/runs/fp-ablation-pretrain-weighted-fp/artifacts/shift_validation/c_epoch_0_step_21000.csv' is not in the subpath of 'results/ablation/fp_ablation_pretrain/runs/fp-ablation-pretrain-weighted-fp' OR one path is relative and the other is absolute.,1075,9e5f8bfba48f4dc3813de5b1596402e4,fp-ablation-pretrain-weighted-fp,already_present
shift_validation/c_epoch_0_step_22000.csv,'/mnt/filesystem-test/nmr/results/ablation/fp_ablation_pretrain/runs/fp-ablation-pretrain-weighted-fp/artifacts/shift_validation/c_epoch_0_step_22000.csv' is not in the subpath of 'results/ablation/fp_ablation_pretrain/runs/fp-ablation-pretrain-weighted-fp' OR one path is relative and the other is absolute.,1073,9e5f8bfba48f4dc3813de5b1596402e4,fp-ablation-pretrain-weighted-fp,already_present
shift_validation/c_epoch_0_step_23000.csv,'/mnt/filesystem-test/nmr/results/ablation/fp_ablation_pretrain/runs/fp-ablation-pretrain-weighted-fp/artifacts/shift_validation/c_epoch_0_step_23000.csv' is not in the subpath of 'results/ablation/fp_ablation_pretrain/runs/fp-ablation-pretrain-weighted-fp' OR one path is relative and the other is absolute.,1073,9e5f8bfba48f4dc3813de5b1596402e4,fp-ablation-pretrain-weighted-fp,already_present
shift_validation/c_epoch_0_step_24000.csv,'/mnt/filesystem-test/nmr/results/ablation/fp_ablation_pretrain/runs/fp-ablation-pretrain-weighted-fp/artifacts/shift_validation/c_epoch_0_step_24000.csv' is not in the subpath of 'results/ablation/fp_ablation_pretrain/runs/fp-ablation-pretrain-weighted-fp' OR one path is relative and the other is absolute.,1070,9e5f8bfba48f4dc3813de5b1596402e4,fp-ablation-pretrain-weighted-fp,already_present
shift_validation/c_epoch_0_step_25000.csv,'/mnt/filesystem-test/nmr/results/ablation/fp_ablation_pretrain/runs/fp-ablation-pretrain-weighted-fp/artifacts/shift_validation/c_epoch_0_step_25000.csv' is not in the subpath of 'results/ablation/fp_ablation_pretrain/runs/fp-ablation-pretrain-weighted-fp' OR one path is relative and the other is absolute.,1066,9e5f8bfba48f4dc3813de5b1596402e4,fp-ablation-pretrain-weighted-fp,already_present
shift_validation/c_epoch_0_step_26000.csv,'/mnt/filesystem-test/nmr/results/ablation/fp_ablation_pretrain/runs/fp-ablation-pretrain-weighted-fp/artifacts/shift_validation/c_epoch_0_step_26000.csv' is not in the subpath of 'results/ablation/fp_ablation_pretrain/runs/fp-ablation-pretrain-weighted-fp' OR one path is relative and the other is absolute.,1071,9e5f8bfba48f4dc3813de5b1596402e4,fp-ablation-pretrain-weighted-fp,already_present
shift_validation/c_epoch_0_step_27000.csv,'/mnt/filesystem-test/nmr/results/ablation/fp_ablation_pretrain/runs/fp-ablation-pretrain-weighted-fp/artifacts/shift_validation/c_epoch_0_step_27000.csv' is not in the subpath of 'results/ablation/fp_ablation_pretrain/runs/fp-ablation-pretrain-weighted-fp' OR one path is relative and the other is absolute.,1065,9e5f8bfba48f4dc3813de5b1596402e4,fp-ablation-pretrain-weighted-fp,already_present
shift_validation/c_epoch_0_step_28000.csv,'/mnt/filesystem-test/nmr/results/ablation/fp_ablation_pretrain/runs/fp-ablation-pretrain-weighted-fp/artifacts/shift_validation/c_epoch_0_step_28000.csv' is not in the subpath of 'results/ablation/fp_ablation_pretrain/runs/fp-ablation-pretrain-weighted-fp' OR one path is relative and the other is absolute.,1069,9e5f8bfba48f4dc3813de5b1596402e4,fp-ablation-pretrain-weighted-fp,already_present
shift_validation/c_epoch_0_step_29000.csv,'/mnt/filesystem-test/nmr/results/ablation/fp_ablation_pretrain/runs/fp-ablation-pretrain-weighted-fp/artifacts/shift_validation/c_epoch_0_step_29000.csv' is not in the subpath of 'results/ablation/fp_ablation_pretrain/runs/fp-ablation-pretrain-weighted-fp' OR one path is relative and the other is absolute.,1071,9e5f8bfba48f4dc3813de5b1596402e4,fp-ablation-pretrain-weighted-fp,already_present
shift_validation/c_epoch_0_step_3000.csv,'/mnt/filesystem-test/nmr/results/ablation/fp_ablation_pretrain/runs/fp-ablation-pretrain-weighted-fp/artifacts/shift_validation/c_epoch_0_step_3000.csv' is not in the subpath of 'results/ablation/fp_ablation_pretrain/runs/fp-ablation-pretrain-weighted-fp' OR one path is relative and the other is absolute.,1069,9e5f8bfba48f4dc3813de5b1596402e4,fp-ablation-pretrain-weighted-fp,already_present
shift_validation/c_epoch_0_step_30000.csv,'/mnt/filesystem-test/nmr/results/ablation/fp_ablation_pretrain/runs/fp-ablation-pretrain-weighted-fp/artifacts/shift_validation/c_epoch_0_step_30000.csv' is not in the subpath of 'results/ablation/fp_ablation_pretrain/runs/fp-ablation-pretrain-weighted-fp' OR one path is relative and the other is absolute.,1069,9e5f8bfba48f4dc3813de5b1596402e4,fp-ablation-pretrain-weighted-fp,already_present
shift_validation/c_epoch_0_step_4000.csv,'/mnt/filesystem-test/nmr/results/ablation/fp_ablation_pretrain/runs/fp-ablation-pretrain-weighted-fp/artifacts/shift_validation/c_epoch_0_step_4000.csv' is not in the subpath of 'results/ablation/fp_ablation_pretrain/runs/fp-ablation-pretrain-weighted-fp' OR one path is relative and the other is absolute.,1067,9e5f8bfba48f4dc3813de5b1596402e4,fp-ablation-pretrain-weighted-fp,already_present
shift_validation/c_epoch_0_step_5000.csv,'/mnt/filesystem-test/nmr/results/ablation/fp_ablation_pretrain/runs/fp-ablation-pretrain-weighted-fp/artifacts/shift_validation/c_epoch_0_step_5000.csv' is not in the subpath of 'results/ablation/fp_ablation_pretrain/runs/fp-ablation-pretrain-weighted-fp' OR one path is relative and the other is absolute.,1067,9e5f8bfba48f4dc3813de5b1596402e4,fp-ablation-pretrain-weighted-fp,already_present
shift_validation/c_epoch_0_step_6000.csv,'/mnt/filesystem-test/nmr/results/ablation/fp_ablation_pretrain/runs/fp-ablation-pretrain-weighted-fp/artifacts/shift_validation/c_epoch_0_step_6000.csv' is not in the subpath of 'results/ablation/fp_ablation_pretrain/runs/fp-ablation-pretrain-weighted-fp' OR one path is relative and the other is absolute.,1073,9e5f8bfba48f4dc3813de5b1596402e4,fp-ablation-pretrain-weighted-fp,already_present
shift_validation/c_epoch_0_step_7000.csv,'/mnt/filesystem-test/nmr/results/ablation/fp_ablation_pretrain/runs/fp-ablation-pretrain-weighted-fp/artifacts/shift_validation/c_epoch_0_step_7000.csv' is not in the subpath of 'results/ablation/fp_ablation_pretrain/runs/fp-ablation-pretrain-weighted-fp' OR one path is relative and the other is absolute.,1060,9e5f8bfba48f4dc3813de5b1596402e4,fp-ablation-pretrain-weighted-fp,already_present
shift_validation/c_epoch_0_step_8000.csv,'/mnt/filesystem-test/nmr/results/ablation/fp_ablation_pretrain/runs/fp-ablation-pretrain-weighted-fp/artifacts/shift_validation/c_epoch_0_step_8000.csv' is not in the subpath of 'results/ablation/fp_ablation_pretrain/runs/fp-ablation-pretrain-weighted-fp' OR one path is relative and the other is absolute.,1072,9e5f8bfba48f4dc3813de5b1596402e4,fp-ablation-pretrain-weighted-fp,already_present
shift_validation/c_epoch_0_step_9000.csv,'/mnt/filesystem-test/nmr/results/ablation/fp_ablation_pretrain/runs/fp-ablation-pretrain-weighted-fp/artifacts/shift_validation/c_epoch_0_step_9000.csv' is not in the subpath of 'results/ablation/fp_ablation_pretrain/runs/fp-ablation-pretrain-weighted-fp' OR one path is relative and the other is absolute.,1068,9e5f8bfba48f4dc3813de5b1596402e4,fp-ablation-pretrain-weighted-fp,already_present
shift_validation/h_epoch_0_step_1000.csv,'/mnt/filesystem-test/nmr/results/ablation/fp_ablation_pretrain/runs/fp-ablation-pretrain-weighted-fp/artifacts/shift_validation/h_epoch_0_step_1000.csv' is not in the subpath of 'results/ablation/fp_ablation_pretrain/runs/fp-ablation-pretrain-weighted-fp' OR one path is relative and the other is absolute.,1037,9e5f8bfba48f4dc3813de5b1596402e4,fp-ablation-pretrain-weighted-fp,already_present
shift_validation/h_epoch_0_step_10000.csv,'/mnt/filesystem-test/nmr/results/ablation/fp_ablation_pretrain/runs/fp-ablation-pretrain-weighted-fp/artifacts/shift_validation/h_epoch_0_step_10000.csv' is not in the subpath of 'results/ablation/fp_ablation_pretrain/runs/fp-ablation-pretrain-weighted-fp' OR one path is relative and the other is absolute.,1044,9e5f8bfba48f4dc3813de5b1596402e4,fp-ablation-pretrain-weighted-fp,already_present
shift_validation/h_epoch_0_step_11000.csv,'/mnt/filesystem-test/nmr/results/ablation/fp_ablation_pretrain/runs/fp-ablation-pretrain-weighted-fp/artifacts/shift_validation/h_epoch_0_step_11000.csv' is not in the subpath of 'results/ablation/fp_ablation_pretrain/runs/fp-ablation-pretrain-weighted-fp' OR one path is relative and the other is absolute.,1047,9e5f8bfba48f4dc3813de5b1596402e4,fp-ablation-pretrain-weighted-fp,already_present
shift_validation/h_epoch_0_step_12000.csv,'/mnt/filesystem-test/nmr/results/ablation/fp_ablation_pretrain/runs/fp-ablation-pretrain-weighted-fp/artifacts/shift_validation/h_epoch_0_step_12000.csv' is not in the subpath of 'results/ablation/fp_ablation_pretrain/runs/fp-ablation-pretrain-weighted-fp' OR one path is relative and the other is absolute.,1035,9e5f8bfba48f4dc3813de5b1596402e4,fp-ablation-pretrain-weighted-fp,already_present
shift_validation/h_epoch_0_step_13000.csv,'/mnt/filesystem-test/nmr/results/ablation/fp_ablation_pretrain/runs/fp-ablation-pretrain-weighted-fp/artifacts/shift_validation/h_epoch_0_step_13000.csv' is not in the subpath of 'results/ablation/fp_ablation_pretrain/runs/fp-ablation-pretrain-weighted-fp' OR one path is relative and the other is absolute.,1041,9e5f8bfba48f4dc3813de5b1596402e4,fp-ablation-pretrain-weighted-fp,already_present
shift_validation/h_epoch_0_step_14000.csv,'/mnt/filesystem-test/nmr/results/ablation/fp_ablation_pretrain/runs/fp-ablation-pretrain-weighted-fp/artifacts/shift_validation/h_epoch_0_step_14000.csv' is not in the subpath of 'results/ablation/fp_ablation_pretrain/runs/fp-ablation-pretrain-weighted-fp' OR one path is relative and the other is absolute.,1049,9e5f8bfba48f4dc3813de5b1596402e4,fp-ablation-pretrain-weighted-fp,already_present
shift_validation/h_epoch_0_step_15000.csv,'/mnt/filesystem-test/nmr/results/ablation/fp_ablation_pretrain/runs/fp-ablation-pretrain-weighted-fp/artifacts/shift_validation/h_epoch_0_step_15000.csv' is not in the subpath of 'results/ablation/fp_ablation_pretrain/runs/fp-ablation-pretrain-weighted-fp' OR one path is relative and the other is absolute.,1047,9e5f8bfba48f4dc3813de5b1596402e4,fp-ablation-pretrain-weighted-fp,already_present
shift_validation/h_epoch_0_step_16000.csv,'/mnt/filesystem-test/nmr/results/ablation/fp_ablation_pretrain/runs/fp-ablation-pretrain-weighted-fp/artifacts/shift_validation/h_epoch_0_step_16000.csv' is not in the subpath of 'results/ablation/fp_ablation_pretrain/runs/fp-ablation-pretrain-weighted-fp' OR one path is relative and the other is absolute.,1047,9e5f8bfba48f4dc3813de5b1596402e4,fp-ablation-pretrain-weighted-fp,already_present
shift_validation/h_epoch_0_step_17000.csv,'/mnt/filesystem-test/nmr/results/ablation/fp_ablation_pretrain/runs/fp-ablation-pretrain-weighted-fp/artifacts/shift_validation/h_epoch_0_step_17000.csv' is not in the subpath of 'results/ablation/fp_ablation_pretrain/runs/fp-ablation-pretrain-weighted-fp' OR one path is relative and the other is absolute.,1045,9e5f8bfba48f4dc3813de5b1596402e4,fp-ablation-pretrain-weighted-fp,already_present
shift_validation/h_epoch_0_step_18000.csv,'/mnt/filesystem-test/nmr/results/ablation/fp_ablation_pretrain/runs/fp-ablation-pretrain-weighted-fp/artifacts/shift_validation/h_epoch_0_step_18000.csv' is not in the subpath of 'results/ablation/fp_ablation_pretrain/runs/fp-ablation-pretrain-weighted-fp' OR one path is relative and the other is absolute.,1044,9e5f8bfba48f4dc3813de5b1596402e4,fp-ablation-pretrain-weighted-fp,already_present
shift_validation/h_epoch_0_step_19000.csv,'/mnt/filesystem-test/nmr/results/ablation/fp_ablation_pretrain/runs/fp-ablation-pretrain-weighted-fp/artifacts/shift_validation/h_epoch_0_step_19000.csv' is not in the subpath of 'results/ablation/fp_ablation_pretrain/runs/fp-ablation-pretrain-weighted-fp' OR one path is relative and the other is absolute.,1042,9e5f8bfba48f4dc3813de5b1596402e4,fp-ablation-pretrain-weighted-fp,already_present
shift_validation/h_epoch_0_step_2000.csv,'/mnt/filesystem-test/nmr/results/ablation/fp_ablation_pretrain/runs/fp-ablation-pretrain-weighted-fp/artifacts/shift_validation/h_epoch_0_step_2000.csv' is not in the subpath of 'results/ablation/fp_ablation_pretrain/runs/fp-ablation-pretrain-weighted-fp' OR one path is relative and the other is absolute.,1044,9e5f8bfba48f4dc3813de5b1596402e4,fp-ablation-pretrain-weighted-fp,already_present
shift_validation/h_epoch_0_step_20000.csv,'/mnt/filesystem-test/nmr/results/ablation/fp_ablation_pretrain/runs/fp-ablation-pretrain-weighted-fp/artifacts/shift_validation/h_epoch_0_step_20000.csv' is not in the subpath of 'results/ablation/fp_ablation_pretrain/runs/fp-ablation-pretrain-weighted-fp' OR one path is relative and the other is absolute.,1046,9e5f8bfba48f4dc3813de5b1596402e4,fp-ablation-pretrain-weighted-fp,already_present
shift_validation/h_epoch_0_step_21000.csv,'/mnt/filesystem-test/nmr/results/ablation/fp_ablation_pretrain/runs/fp-ablation-pretrain-weighted-fp/artifacts/shift_validation/h_epoch_0_step_21000.csv' is not in the subpath of 'results/ablation/fp_ablation_pretrain/runs/fp-ablation-pretrain-weighted-fp' OR one path is relative and the other is absolute.,1044,9e5f8bfba48f4dc3813de5b1596402e4,fp-ablation-pretrain-weighted-fp,already_present
shift_validation/h_epoch_0_step_22000.csv,'/mnt/filesystem-test/nmr/results/ablation/fp_ablation_pretrain/runs/fp-ablation-pretrain-weighted-fp/artifacts/shift_validation/h_epoch_0_step_22000.csv' is not in the subpath of 'results/ablation/fp_ablation_pretrain/runs/fp-ablation-pretrain-weighted-fp' OR one path is relative and the other is absolute.,1045,9e5f8bfba48f4dc3813de5b1596402e4,fp-ablation-pretrain-weighted-fp,already_present
shift_validation/h_epoch_0_step_23000.csv,'/mnt/filesystem-test/nmr/results/ablation/fp_ablation_pretrain/runs/fp-ablation-pretrain-weighted-fp/artifacts/shift_validation/h_epoch_0_step_23000.csv' is not in the subpath of 'results/ablation/fp_ablation_pretrain/runs/fp-ablation-pretrain-weighted-fp' OR one path is relative and the other is absolute.,1040,9e5f8bfba48f4dc3813de5b1596402e4,fp-ablation-pretrain-weighted-fp,already_present
shift_validation/h_epoch_0_step_24000.csv,'/mnt/filesystem-test/nmr/results/ablation/fp_ablation_pretrain/runs/fp-ablation-pretrain-weighted-fp/artifacts/shift_validation/h_epoch_0_step_24000.csv' is not in the subpath of 'results/ablation/fp_ablation_pretrain/runs/fp-ablation-pretrain-weighted-fp' OR one path is relative and the other is absolute.,1045,9e5f8bfba48f4dc3813de5b1596402e4,fp-ablation-pretrain-weighted-fp,already_present
shift_validation/h_epoch_0_step_25000.csv,'/mnt/filesystem-test/nmr/results/ablation/fp_ablation_pretrain/runs/fp-ablation-pretrain-weighted-fp/artifacts/shift_validation/h_epoch_0_step_25000.csv' is not in the subpath of 'results/ablation/fp_ablation_pretrain/runs/fp-ablation-pretrain-weighted-fp' OR one path is relative and the other is absolute.,1048,9e5f8bfba48f4dc3813de5b1596402e4,fp-ablation-pretrain-weighted-fp,already_present
shift_validation/h_epoch_0_step_26000.csv,'/mnt/filesystem-test/nmr/results/ablation/fp_ablation_pretrain/runs/fp-ablation-pretrain-weighted-fp/artifacts/shift_validation/h_epoch_0_step_26000.csv' is not in the subpath of 'results/ablation/fp_ablation_pretrain/runs/fp-ablation-pretrain-weighted-fp' OR one path is relative and the other is absolute.,1045,9e5f8bfba48f4dc3813de5b1596402e4,fp-ablation-pretrain-weighted-fp,already_present
shift_validation/h_epoch_0_step_27000.csv,'/mnt/filesystem-test/nmr/results/ablation/fp_ablation_pretrain/runs/fp-ablation-pretrain-weighted-fp/artifacts/shift_validation/h_epoch_0_step_27000.csv' is not in the subpath of 'results/ablation/fp_ablation_pretrain/runs/fp-ablation-pretrain-weighted-fp' OR one path is relative and the other is absolute.,1046,9e5f8bfba48f4dc3813de5b1596402e4,fp-ablation-pretrain-weighted-fp,already_present
shift_validation/h_epoch_0_step_28000.csv,'/mnt/filesystem-test/nmr/results/ablation/fp_ablation_pretrain/runs/fp-ablation-pretrain-weighted-fp/artifacts/shift_validation/h_epoch_0_step_28000.csv' is not in the subpath of 'results/ablation/fp_ablation_pretrain/runs/fp-ablation-pretrain-weighted-fp' OR one path is relative and the other is absolute.,1047,9e5f8bfba48f4dc3813de5b1596402e4,fp-ablation-pretrain-weighted-fp,already_present
shift_validation/h_epoch_0_step_29000.csv,'/mnt/filesystem-test/nmr/results/ablation/fp_ablation_pretrain/runs/fp-ablation-pretrain-weighted-fp/artifacts/shift_validation/h_epoch_0_step_29000.csv' is not in the subpath of 'results/ablation/fp_ablation_pretrain/runs/fp-ablation-pretrain-weighted-fp' OR one path is relative and the other is absolute.,1041,9e5f8bfba48f4dc3813de5b1596402e4,fp-ablation-pretrain-weighted-fp,already_present
shift_validation/h_epoch_0_step_3000.csv,'/mnt/filesystem-test/nmr/results/ablation/fp_ablation_pretrain/runs/fp-ablation-pretrain-weighted-fp/artifacts/shift_validation/h_epoch_0_step_3000.csv' is not in the subpath of 'results/ablation/fp_ablation_pretrain/runs/fp-ablation-pretrain-weighted-fp' OR one path is relative and the other is absolute.,1043,9e5f8bfba48f4dc3813de5b1596402e4,fp-ablation-pretrain-weighted-fp,already_present
shift_validation/h_epoch_0_step_30000.csv,'/mnt/filesystem-test/nmr/results/ablation/fp_ablation_pretrain/runs/fp-ablation-pretrain-weighted-fp/artifacts/shift_validation/h_epoch_0_step_30000.csv' is not in the subpath of 'results/ablation/fp_ablation_pretrain/runs/fp-ablation-pretrain-weighted-fp' OR one path is relative and the other is absolute.,1040,9e5f8bfba48f4dc3813de5b1596402e4,fp-ablation-pretrain-weighted-fp,already_present
shift_validation/h_epoch_0_step_4000.csv,'/mnt/filesystem-test/nmr/results/ablation/fp_ablation_pretrain/runs/fp-ablation-pretrain-weighted-fp/artifacts/shift_validation/h_epoch_0_step_4000.csv' is not in the subpath of 'results/ablation/fp_ablation_pretrain/runs/fp-ablation-pretrain-weighted-fp' OR one path is relative and the other is absolute.,1043,9e5f8bfba48f4dc3813de5b1596402e4,fp-ablation-pretrain-weighted-fp,already_present
shift_validation/h_epoch_0_step_5000.csv,'/mnt/filesystem-test/nmr/results/ablation/fp_ablation_pretrain/runs/fp-ablation-pretrain-weighted-fp/artifacts/shift_validation/h_epoch_0_step_5000.csv' is not in the subpath of 'results/ablation/fp_ablation_pretrain/runs/fp-ablation-pretrain-weighted-fp' OR one path is relative and the other is absolute.,1033,9e5f8bfba48f4dc3813de5b1596402e4,fp-ablation-pretrain-weighted-fp,already_present
shift_validation/h_epoch_0_step_6000.csv,'/mnt/filesystem-test/nmr/results/ablation/fp_ablation_pretrain/runs/fp-ablation-pretrain-weighted-fp/artifacts/shift_validation/h_epoch_0_step_6000.csv' is not in the subpath of 'results/ablation/fp_ablation_pretrain/runs/fp-ablation-pretrain-weighted-fp' OR one path is relative and the other is absolute.,1044,9e5f8bfba48f4dc3813de5b1596402e4,fp-ablation-pretrain-weighted-fp,already_present
shift_validation/h_epoch_0_step_7000.csv,'/mnt/filesystem-test/nmr/results/ablation/fp_ablation_pretrain/runs/fp-ablation-pretrain-weighted-fp/artifacts/shift_validation/h_epoch_0_step_7000.csv' is not in the subpath of 'results/ablation/fp_ablation_pretrain/runs/fp-ablation-pretrain-weighted-fp' OR one path is relative and the other is absolute.,1040,9e5f8bfba48f4dc3813de5b1596402e4,fp-ablation-pretrain-weighted-fp,already_present
shift_validation/h_epoch_0_step_8000.csv,'/mnt/filesystem-test/nmr/results/ablation/fp_ablation_pretrain/runs/fp-ablation-pretrain-weighted-fp/artifacts/shift_validation/h_epoch_0_step_8000.csv' is not in the subpath of 'results/ablation/fp_ablation_pretrain/runs/fp-ablation-pretrain-weighted-fp' OR one path is relative and the other is absolute.,1041,9e5f8bfba48f4dc3813de5b1596402e4,fp-ablation-pretrain-weighted-fp,already_present
shift_validation/h_epoch_0_step_9000.csv,'/mnt/filesystem-test/nmr/results/ablation/fp_ablation_pretrain/runs/fp-ablation-pretrain-weighted-fp/artifacts/shift_validation/h_epoch_0_step_9000.csv' is not in the subpath of 'results/ablation/fp_ablation_pretrain/runs/fp-ablation-pretrain-weighted-fp' OR one path is relative and the other is absolute.,1044,9e5f8bfba48f4dc3813de5b1596402e4,fp-ablation-pretrain-weighted-fp,already_present
fingerprint_validation/epoch_0_step_1000.csv,'/mnt/filesystem-test/nmr/results/ablation/fp_ablation_pretrain/runs/fp-ablation-pretrain-weighted-fp/artifacts/fingerprint_validation/epoch_0_step_1000.csv' is not in the subpath of 'results/ablation/fp_ablation_pretrain/runs/fp-ablation-pretrain-weighted-fp' OR one path is relative and the other is absolute.,315,9e5f8bfba48f4dc3813de5b1596402e4,fp-ablation-pretrain-weighted-fp,already_present
fingerprint_validation/epoch_0_step_10000.csv,'/mnt/filesystem-test/nmr/results/ablation/fp_ablation_pretrain/runs/fp-ablation-pretrain-weighted-fp/artifacts/fingerprint_validation/epoch_0_step_10000.csv' is not in the subpath of 'results/ablation/fp_ablation_pretrain/runs/fp-ablation-pretrain-weighted-fp' OR one path is relative and the other is absolute.,317,9e5f8bfba48f4dc3813de5b1596402e4,fp-ablation-pretrain-weighted-fp,already_present
fingerprint_validation/epoch_0_step_11000.csv,'/mnt/filesystem-test/nmr/results/ablation/fp_ablation_pretrain/runs/fp-ablation-pretrain-weighted-fp/artifacts/fingerprint_validation/epoch_0_step_11000.csv' is not in the subpath of 'results/ablation/fp_ablation_pretrain/runs/fp-ablation-pretrain-weighted-fp' OR one path is relative and the other is absolute.,317,9e5f8bfba48f4dc3813de5b1596402e4,fp-ablation-pretrain-weighted-fp,already_present
fingerprint_validation/epoch_0_step_12000.csv,'/mnt/filesystem-test/nmr/results/ablation/fp_ablation_pretrain/runs/fp-ablation-pretrain-weighted-fp/artifacts/fingerprint_validation/epoch_0_step_12000.csv' is not in the subpath of 'results/ablation/fp_ablation_pretrain/runs/fp-ablation-pretrain-weighted-fp' OR one path is relative and the other is absolute.,318,9e5f8bfba48f4dc3813de5b1596402e4,fp-ablation-pretrain-weighted-fp,already_present
fingerprint_validation/epoch_0_step_13000.csv,'/mnt/filesystem-test/nmr/results/ablation/fp_ablation_pretrain/runs/fp-ablation-pretrain-weighted-fp/artifacts/fingerprint_validation/epoch_0_step_13000.csv' is not in the subpath of 'results/ablation/fp_ablation_pretrain/runs/fp-ablation-pretrain-weighted-fp' OR one path is relative and the other is absolute.,319,9e5f8bfba48f4dc3813de5b1596402e4,fp-ablation-pretrain-weighted-fp,already_present
fingerprint_validation/epoch_0_step_14000.csv,'/mnt/filesystem-test/nmr/results/ablation/fp_ablation_pretrain/runs/fp-ablation-pretrain-weighted-fp/artifacts/fingerprint_validation/epoch_0_step_14000.csv' is not in the subpath of 'results/ablation/fp_ablation_pretrain/runs/fp-ablation-pretrain-weighted-fp' OR one path is relative and the other is absolute.,319,9e5f8bfba48f4dc3813de5b1596402e4,fp-ablation-pretrain-weighted-fp,already_present
fingerprint_validation/epoch_0_step_15000.csv,'/mnt/filesystem-test/nmr/results/ablation/fp_ablation_pretrain/runs/fp-ablation-pretrain-weighted-fp/artifacts/fingerprint_validation/epoch_0_step_15000.csv' is not in the subpath of 'results/ablation/fp_ablation_pretrain/runs/fp-ablation-pretrain-weighted-fp' OR one path is relative and the other is absolute.,318,9e5f8bfba48f4dc3813de5b1596402e4,fp-ablation-pretrain-weighted-fp,already_present
fingerprint_validation/epoch_0_step_16000.csv,'/mnt/filesystem-test/nmr/results/ablation/fp_ablation_pretrain/runs/fp-ablation-pretrain-weighted-fp/artifacts/fingerprint_validation/epoch_0_step_16000.csv' is not in the subpath of 'results/ablation/fp_ablation_pretrain/runs/fp-ablation-pretrain-weighted-fp' OR one path is relative and the other is absolute.,318,9e5f8bfba48f4dc3813de5b1596402e4,fp-ablation-pretrain-weighted-fp,already_present
fingerprint_validation/epoch_0_step_17000.csv,'/mnt/filesystem-test/nmr/results/ablation/fp_ablation_pretrain/runs/fp-ablation-pretrain-weighted-fp/artifacts/fingerprint_validation/epoch_0_step_17000.csv' is not in the subpath of 'results/ablation/fp_ablation_pretrain/runs/fp-ablation-pretrain-weighted-fp' OR one path is relative and the other is absolute.,314,9e5f8bfba48f4dc3813de5b1596402e4,fp-ablation-pretrain-weighted-fp,already_present
fingerprint_validation/epoch_0_step_18000.csv,'/mnt/filesystem-test/nmr/results/ablation/fp_ablation_pretrain/runs/fp-ablation-pretrain-weighted-fp/artifacts/fingerprint_validation/epoch_0_step_18000.csv' is not in the subpath of 'results/ablation/fp_ablation_pretrain/runs/fp-ablation-pretrain-weighted-fp' OR one path is relative and the other is absolute.,318,9e5f8bfba48f4dc3813de5b1596402e4,fp-ablation-pretrain-weighted-fp,already_present
fingerprint_validation/epoch_0_step_19000.csv,'/mnt/filesystem-test/nmr/results/ablation/fp_ablation_pretrain/runs/fp-ablation-pretrain-weighted-fp/artifacts/fingerprint_validation/epoch_0_step_19000.csv' is not in the subpath of 'results/ablation/fp_ablation_pretrain/runs/fp-ablation-pretrain-weighted-fp' OR one path is relative and the other is absolute.,315,9e5f8bfba48f4dc3813de5b1596402e4,fp-ablation-pretrain-weighted-fp,already_present
fingerprint_validation/epoch_0_step_2000.csv,'/mnt/filesystem-test/nmr/results/ablation/fp_ablation_pretrain/runs/fp-ablation-pretrain-weighted-fp/artifacts/fingerprint_validation/epoch_0_step_2000.csv' is not in the subpath of 'results/ablation/fp_ablation_pretrain/runs/fp-ablation-pretrain-weighted-fp' OR one path is relative and the other is absolute.,320,9e5f8bfba48f4dc3813de5b1596402e4,fp-ablation-pretrain-weighted-fp,already_present
fingerprint_validation/epoch_0_step_20000.csv,'/mnt/filesystem-test/nmr/results/ablation/fp_ablation_pretrain/runs/fp-ablation-pretrain-weighted-fp/artifacts/fingerprint_validation/epoch_0_step_20000.csv' is not in the subpath of 'results/ablation/fp_ablation_pretrain/runs/fp-ablation-pretrain-weighted-fp' OR one path is relative and the other is absolute.,317,9e5f8bfba48f4dc3813de5b1596402e4,fp-ablation-pretrain-weighted-fp,already_present
fingerprint_validation/epoch_0_step_21000.csv,'/mnt/filesystem-test/nmr/results/ablation/fp_ablation_pretrain/runs/fp-ablation-pretrain-weighted-fp/artifacts/fingerprint_validation/epoch_0_step_21000.csv' is not in the subpath of 'results/ablation/fp_ablation_pretrain/runs/fp-ablation-pretrain-weighted-fp' OR one path is relative and the other is absolute.,318,9e5f8bfba48f4dc3813de5b1596402e4,fp-ablation-pretrain-weighted-fp,already_present
fingerprint_validation/epoch_0_step_22000.csv,'/mnt/filesystem-test/nmr/results/ablation/fp_ablation_pretrain/runs/fp-ablation-pretrain-weighted-fp/artifacts/fingerprint_validation/epoch_0_step_22000.csv' is not in the subpath of 'results/ablation/fp_ablation_pretrain/runs/fp-ablation-pretrain-weighted-fp' OR one path is relative and the other is absolute.,319,9e5f8bfba48f4dc3813de5b1596402e4,fp-ablation-pretrain-weighted-fp,already_present
fingerprint_validation/epoch_0_step_23000.csv,'/mnt/filesystem-test/nmr/results/ablation/fp_ablation_pretrain/runs/fp-ablation-pretrain-weighted-fp/artifacts/fingerprint_validation/epoch_0_step_23000.csv' is not in the subpath of 'results/ablation/fp_ablation_pretrain/runs/fp-ablation-pretrain-weighted-fp' OR one path is relative and the other is absolute.,317,9e5f8bfba48f4dc3813de5b1596402e4,fp-ablation-pretrain-weighted-fp,already_present
fingerprint_validation/epoch_0_step_24000.csv,'/mnt/filesystem-test/nmr/results/ablation/fp_ablation_pretrain/runs/fp-ablation-pretrain-weighted-fp/artifacts/fingerprint_validation/epoch_0_step_24000.csv' is not in the subpath of 'results/ablation/fp_ablation_pretrain/runs/fp-ablation-pretrain-weighted-fp' OR one path is relative and the other is absolute.,317,9e5f8bfba48f4dc3813de5b1596402e4,fp-ablation-pretrain-weighted-fp,already_present
fingerprint_validation/epoch_0_step_25000.csv,'/mnt/filesystem-test/nmr/results/ablation/fp_ablation_pretrain/runs/fp-ablation-pretrain-weighted-fp/artifacts/fingerprint_validation/epoch_0_step_25000.csv' is not in the subpath of 'results/ablation/fp_ablation_pretrain/runs/fp-ablation-pretrain-weighted-fp' OR one path is relative and the other is absolute.,316,9e5f8bfba48f4dc3813de5b1596402e4,fp-ablation-pretrain-weighted-fp,already_present
fingerprint_validation/epoch_0_step_26000.csv,'/mnt/filesystem-test/nmr/results/ablation/fp_ablation_pretrain/runs/fp-ablation-pretrain-weighted-fp/artifacts/fingerprint_validation/epoch_0_step_26000.csv' is not in the subpath of 'results/ablation/fp_ablation_pretrain/runs/fp-ablation-pretrain-weighted-fp' OR one path is relative and the other is absolute.,316,9e5f8bfba48f4dc3813de5b1596402e4,fp-ablation-pretrain-weighted-fp,already_present
fingerprint_validation/epoch_0_step_27000.csv,'/mnt/filesystem-test/nmr/results/ablation/fp_ablation_pretrain/runs/fp-ablation-pretrain-weighted-fp/artifacts/fingerprint_validation/epoch_0_step_27000.csv' is not in the subpath of 'results/ablation/fp_ablation_pretrain/runs/fp-ablation-pretrain-weighted-fp' OR one path is relative and the other is absolute.,319,9e5f8bfba48f4dc3813de5b1596402e4,fp-ablation-pretrain-weighted-fp,already_present
fingerprint_validation/epoch_0_step_28000.csv,'/mnt/filesystem-test/nmr/results/ablation/fp_ablation_pretrain/runs/fp-ablation-pretrain-weighted-fp/artifacts/fingerprint_validation/epoch_0_step_28000.csv' is not in the subpath of 'results/ablation/fp_ablation_pretrain/runs/fp-ablation-pretrain-weighted-fp' OR one path is relative and the other is absolute.,318,9e5f8bfba48f4dc3813de5b1596402e4,fp-ablation-pretrain-weighted-fp,already_present
fingerprint_validation/epoch_0_step_29000.csv,'/mnt/filesystem-test/nmr/results/ablation/fp_ablation_pretrain/runs/fp-ablation-pretrain-weighted-fp/artifacts/fingerprint_validation/epoch_0_step_29000.csv' is not in the subpath of 'results/ablation/fp_ablation_pretrain/runs/fp-ablation-pretrain-weighted-fp' OR one path is relative and the other is absolute.,317,9e5f8bfba48f4dc3813de5b1596402e4,fp-ablation-pretrain-weighted-fp,already_present
fingerprint_validation/epoch_0_step_3000.csv,'/mnt/filesystem-test/nmr/results/ablation/fp_ablation_pretrain/runs/fp-ablation-pretrain-weighted-fp/artifacts/fingerprint_validation/epoch_0_step_3000.csv' is not in the subpath of 'results/ablation/fp_ablation_pretrain/runs/fp-ablation-pretrain-weighted-fp' OR one path is relative and the other is absolute.,318,9e5f8bfba48f4dc3813de5b1596402e4,fp-ablation-pretrain-weighted-fp,already_present
fingerprint_validation/epoch_0_step_30000.csv,'/mnt/filesystem-test/nmr/results/ablation/fp_ablation_pretrain/runs/fp-ablation-pretrain-weighted-fp/artifacts/fingerprint_validation/epoch_0_step_30000.csv' is not in the subpath of 'results/ablation/fp_ablation_pretrain/runs/fp-ablation-pretrain-weighted-fp' OR one path is relative and the other is absolute.,318,9e5f8bfba48f4dc3813de5b1596402e4,fp-ablation-pretrain-weighted-fp,already_present
fingerprint_validation/epoch_0_step_4000.csv,'/mnt/filesystem-test/nmr/results/ablation/fp_ablation_pretrain/runs/fp-ablation-pretrain-weighted-fp/artifacts/fingerprint_validation/epoch_0_step_4000.csv' is not in the subpath of 'results/ablation/fp_ablation_pretrain/runs/fp-ablation-pretrain-weighted-fp' OR one path is relative and the other is absolute.,317,9e5f8bfba48f4dc3813de5b1596402e4,fp-ablation-pretrain-weighted-fp,already_present
fingerprint_validation/epoch_0_step_5000.csv,'/mnt/filesystem-test/nmr/results/ablation/fp_ablation_pretrain/runs/fp-ablation-pretrain-weighted-fp/artifacts/fingerprint_validation/epoch_0_step_5000.csv' is not in the subpath of 'results/ablation/fp_ablation_pretrain/runs/fp-ablation-pretrain-weighted-fp' OR one path is relative and the other is absolute.,319,9e5f8bfba48f4dc3813de5b1596402e4,fp-ablation-pretrain-weighted-fp,already_present
fingerprint_validation/epoch_0_step_6000.csv,'/mnt/filesystem-test/nmr/results/ablation/fp_ablation_pretrain/runs/fp-ablation-pretrain-weighted-fp/artifacts/fingerprint_validation/epoch_0_step_6000.csv' is not in the subpath of 'results/ablation/fp_ablation_pretrain/runs/fp-ablation-pretrain-weighted-fp' OR one path is relative and the other is absolute.,317,9e5f8bfba48f4dc3813de5b1596402e4,fp-ablation-pretrain-weighted-fp,already_present
fingerprint_validation/epoch_0_step_7000.csv,'/mnt/filesystem-test/nmr/results/ablation/fp_ablation_pretrain/runs/fp-ablation-pretrain-weighted-fp/artifacts/fingerprint_validation/epoch_0_step_7000.csv' is not in the subpath of 'results/ablation/fp_ablation_pretrain/runs/fp-ablation-pretrain-weighted-fp' OR one path is relative and the other is absolute.,316,9e5f8bfba48f4dc3813de5b1596402e4,fp-ablation-pretrain-weighted-fp,already_present
fingerprint_validation/epoch_0_step_8000.csv,'/mnt/filesystem-test/nmr/results/ablation/fp_ablation_pretrain/runs/fp-ablation-pretrain-weighted-fp/artifacts/fingerprint_validation/epoch_0_step_8000.csv' is not in the subpath of 'results/ablation/fp_ablation_pretrain/runs/fp-ablation-pretrain-weighted-fp' OR one path is relative and the other is absolute.,319,9e5f8bfba48f4dc3813de5b1596402e4,fp-ablation-pretrain-weighted-fp,already_present
fingerprint_validation/epoch_0_step_9000.csv,'/mnt/filesystem-test/nmr/results/ablation/fp_ablation_pretrain/runs/fp-ablation-pretrain-weighted-fp/artifacts/fingerprint_validation/epoch_0_step_9000.csv' is not in the subpath of 'results/ablation/fp_ablation_pretrain/runs/fp-ablation-pretrain-weighted-fp' OR one path is relative and the other is absolute.,316,9e5f8bfba48f4dc3813de5b1596402e4,fp-ablation-pretrain-weighted-fp,already_present
shift_validation/c_epoch_0_step_1000.csv,'/mnt/filesystem-test/nmr/results/ablation/fp_ablation_pretrain/runs/fp-ablation-pretrain-balanced-fp/artifacts/shift_validation/c_epoch_0_step_1000.csv' is not in the subpath of 'results/ablation/fp_ablation_pretrain/runs/fp-ablation-pretrain-balanced-fp' OR one path is relative and the other is absolute.,1068,a2640c1832c045499c94fe03dd63021c,fp-ablation-pretrain-balanced-fp,already_present
shift_validation/c_epoch_0_step_10000.csv,'/mnt/filesystem-test/nmr/results/ablation/fp_ablation_pretrain/runs/fp-ablation-pretrain-balanced-fp/artifacts/shift_validation/c_epoch_0_step_10000.csv' is not in the subpath of 'results/ablation/fp_ablation_pretrain/runs/fp-ablation-pretrain-balanced-fp' OR one path is relative and the other is absolute.,1075,a2640c1832c045499c94fe03dd63021c,fp-ablation-pretrain-balanced-fp,already_present
shift_validation/c_epoch_0_step_11000.csv,'/mnt/filesystem-test/nmr/results/ablation/fp_ablation_pretrain/runs/fp-ablation-pretrain-balanced-fp/artifacts/shift_validation/c_epoch_0_step_11000.csv' is not in the subpath of 'results/ablation/fp_ablation_pretrain/runs/fp-ablation-pretrain-balanced-fp' OR one path is relative and the other is absolute.,1068,a2640c1832c045499c94fe03dd63021c,fp-ablation-pretrain-balanced-fp,already_present
shift_validation/c_epoch_0_step_12000.csv,'/mnt/filesystem-test/nmr/results/ablation/fp_ablation_pretrain/runs/fp-ablation-pretrain-balanced-fp/artifacts/shift_validation/c_epoch_0_step_12000.csv' is not in the subpath of 'results/ablation/fp_ablation_pretrain/runs/fp-ablation-pretrain-balanced-fp' OR one path is relative and the other is absolute.,1069,a2640c1832c045499c94fe03dd63021c,fp-ablation-pretrain-balanced-fp,already_present
shift_validation/c_epoch_0_step_13000.csv,'/mnt/filesystem-test/nmr/results/ablation/fp_ablation_pretrain/runs/fp-ablation-pretrain-balanced-fp/artifacts/shift_validation/c_epoch_0_step_13000.csv' is not in the subpath of 'results/ablation/fp_ablation_pretrain/runs/fp-ablation-pretrain-balanced-fp' OR one path is relative and the other is absolute.,1071,a2640c1832c045499c94fe03dd63021c,fp-ablation-pretrain-balanced-fp,already_present
shift_validation/c_epoch_0_step_14000.csv,'/mnt/filesystem-test/nmr/results/ablation/fp_ablation_pretrain/runs/fp-ablation-pretrain-balanced-fp/artifacts/shift_validation/c_epoch_0_step_14000.csv' is not in the subpath of 'results/ablation/fp_ablation_pretrain/runs/fp-ablation-pretrain-balanced-fp' OR one path is relative and the other is absolute.,1073,a2640c1832c045499c94fe03dd63021c,fp-ablation-pretrain-balanced-fp,already_present
shift_validation/c_epoch_0_step_15000.csv,'/mnt/filesystem-test/nmr/results/ablation/fp_ablation_pretrain/runs/fp-ablation-pretrain-balanced-fp/artifacts/shift_validation/c_epoch_0_step_15000.csv' is not in the subpath of 'results/ablation/fp_ablation_pretrain/runs/fp-ablation-pretrain-balanced-fp' OR one path is relative and the other is absolute.,1069,a2640c1832c045499c94fe03dd63021c,fp-ablation-pretrain-balanced-fp,already_present
shift_validation/c_epoch_0_step_16000.csv,'/mnt/filesystem-test/nmr/results/ablation/fp_ablation_pretrain/runs/fp-ablation-pretrain-balanced-fp/artifacts/shift_validation/c_epoch_0_step_16000.csv' is not in the subpath of 'results/ablation/fp_ablation_pretrain/runs/fp-ablation-pretrain-balanced-fp' OR one path is relative and the other is absolute.,1070,a2640c1832c045499c94fe03dd63021c,fp-ablation-pretrain-balanced-fp,already_present
shift_validation/c_epoch_0_step_17000.csv,'/mnt/filesystem-test/nmr/results/ablation/fp_ablation_pretrain/runs/fp-ablation-pretrain-balanced-fp/artifacts/shift_validation/c_epoch_0_step_17000.csv' is not in the subpath of 'results/ablation/fp_ablation_pretrain/runs/fp-ablation-pretrain-balanced-fp' OR one path is relative and the other is absolute.,1061,a2640c1832c045499c94fe03dd63021c,fp-ablation-pretrain-balanced-fp,already_present
shift_validation/c_epoch_0_step_18000.csv,'/mnt/filesystem-test/nmr/results/ablation/fp_ablation_pretrain/runs/fp-ablation-pretrain-balanced-fp/artifacts/shift_validation/c_epoch_0_step_18000.csv' is not in the subpath of 'results/ablation/fp_ablation_pretrain/runs/fp-ablation-pretrain-balanced-fp' OR one path is relative and the other is absolute.,1070,a2640c1832c045499c94fe03dd63021c,fp-ablation-pretrain-balanced-fp,already_present
shift_validation/c_epoch_0_step_19000.csv,'/mnt/filesystem-test/nmr/results/ablation/fp_ablation_pretrain/runs/fp-ablation-pretrain-balanced-fp/artifacts/shift_validation/c_epoch_0_step_19000.csv' is not in the subpath of 'results/ablation/fp_ablation_pretrain/runs/fp-ablation-pretrain-balanced-fp' OR one path is relative and the other is absolute.,1070,a2640c1832c045499c94fe03dd63021c,fp-ablation-pretrain-balanced-fp,already_present
shift_validation/c_epoch_0_step_2000.csv,'/mnt/filesystem-test/nmr/results/ablation/fp_ablation_pretrain/runs/fp-ablation-pretrain-balanced-fp/artifacts/shift_validation/c_epoch_0_step_2000.csv' is not in the subpath of 'results/ablation/fp_ablation_pretrain/runs/fp-ablation-pretrain-balanced-fp' OR one path is relative and the other is absolute.,1064,a2640c1832c045499c94fe03dd63021c,fp-ablation-pretrain-balanced-fp,already_present
shift_validation/c_epoch_0_step_20000.csv,'/mnt/filesystem-test/nmr/results/ablation/fp_ablation_pretrain/runs/fp-ablation-pretrain-balanced-fp/artifacts/shift_validation/c_epoch_0_step_20000.csv' is not in the subpath of 'results/ablation/fp_ablation_pretrain/runs/fp-ablation-pretrain-balanced-fp' OR one path is relative and the other is absolute.,1075,a2640c1832c045499c94fe03dd63021c,fp-ablation-pretrain-balanced-fp,already_present
shift_validation/c_epoch_0_step_21000.csv,'/mnt/filesystem-test/nmr/results/ablation/fp_ablation_pretrain/runs/fp-ablation-pretrain-balanced-fp/artifacts/shift_validation/c_epoch_0_step_21000.csv' is not in the subpath of 'results/ablation/fp_ablation_pretrain/runs/fp-ablation-pretrain-balanced-fp' OR one path is relative and the other is absolute.,1070,a2640c1832c045499c94fe03dd63021c,fp-ablation-pretrain-balanced-fp,already_present
shift_validation/c_epoch_0_step_22000.csv,'/mnt/filesystem-test/nmr/results/ablation/fp_ablation_pretrain/runs/fp-ablation-pretrain-balanced-fp/artifacts/shift_validation/c_epoch_0_step_22000.csv' is not in the subpath of 'results/ablation/fp_ablation_pretrain/runs/fp-ablation-pretrain-balanced-fp' OR one path is relative and the other is absolute.,1072,a2640c1832c045499c94fe03dd63021c,fp-ablation-pretrain-balanced-fp,already_present
shift_validation/c_epoch_0_step_23000.csv,'/mnt/filesystem-test/nmr/results/ablation/fp_ablation_pretrain/runs/fp-ablation-pretrain-balanced-fp/artifacts/shift_validation/c_epoch_0_step_23000.csv' is not in the subpath of 'results/ablation/fp_ablation_pretrain/runs/fp-ablation-pretrain-balanced-fp' OR one path is relative and the other is absolute.,1069,a2640c1832c045499c94fe03dd63021c,fp-ablation-pretrain-balanced-fp,already_present
shift_validation/c_epoch_0_step_24000.csv,'/mnt/filesystem-test/nmr/results/ablation/fp_ablation_pretrain/runs/fp-ablation-pretrain-balanced-fp/artifacts/shift_validation/c_epoch_0_step_24000.csv' is not in the subpath of 'results/ablation/fp_ablation_pretrain/runs/fp-ablation-pretrain-balanced-fp' OR one path is relative and the other is absolute.,1065,a2640c1832c045499c94fe03dd63021c,fp-ablation-pretrain-balanced-fp,already_present
shift_validation/c_epoch_0_step_25000.csv,'/mnt/filesystem-test/nmr/results/ablation/fp_ablation_pretrain/runs/fp-ablation-pretrain-balanced-fp/artifacts/shift_validation/c_epoch_0_step_25000.csv' is not in the subpath of 'results/ablation/fp_ablation_pretrain/runs/fp-ablation-pretrain-balanced-fp' OR one path is relative and the other is absolute.,1066,a2640c1832c045499c94fe03dd63021c,fp-ablation-pretrain-balanced-fp,already_present
shift_validation/c_epoch_0_step_26000.csv,'/mnt/filesystem-test/nmr/results/ablation/fp_ablation_pretrain/runs/fp-ablation-pretrain-balanced-fp/artifacts/shift_validation/c_epoch_0_step_26000.csv' is not in the subpath of 'results/ablation/fp_ablation_pretrain/runs/fp-ablation-pretrain-balanced-fp' OR one path is relative and the other is absolute.,1068,a2640c1832c045499c94fe03dd63021c,fp-ablation-pretrain-balanced-fp,already_present
shift_validation/c_epoch_0_step_27000.csv,'/mnt/filesystem-test/nmr/results/ablation/fp_ablation_pretrain/runs/fp-ablation-pretrain-balanced-fp/artifacts/shift_validation/c_epoch_0_step_27000.csv' is not in the subpath of 'results/ablation/fp_ablation_pretrain/runs/fp-ablation-pretrain-balanced-fp' OR one path is relative and the other is absolute.,1072,a2640c1832c045499c94fe03dd63021c,fp-ablation-pretrain-balanced-fp,already_present
shift_validation/c_epoch_0_step_28000.csv,'/mnt/filesystem-test/nmr/results/ablation/fp_ablation_pretrain/runs/fp-ablation-pretrain-balanced-fp/artifacts/shift_validation/c_epoch_0_step_28000.csv' is not in the subpath of 'results/ablation/fp_ablation_pretrain/runs/fp-ablation-pretrain-balanced-fp' OR one path is relative and the other is absolute.,1069,a2640c1832c045499c94fe03dd63021c,fp-ablation-pretrain-balanced-fp,already_present
shift_validation/c_epoch_0_step_29000.csv,'/mnt/filesystem-test/nmr/results/ablation/fp_ablation_pretrain/runs/fp-ablation-pretrain-balanced-fp/artifacts/shift_validation/c_epoch_0_step_29000.csv' is not in the subpath of 'results/ablation/fp_ablation_pretrain/runs/fp-ablation-pretrain-balanced-fp' OR one path is relative and the other is absolute.,1077,a2640c1832c045499c94fe03dd63021c,fp-ablation-pretrain-balanced-fp,already_present
shift_validation/c_epoch_0_step_3000.csv,'/mnt/filesystem-test/nmr/results/ablation/fp_ablation_pretrain/runs/fp-ablation-pretrain-balanced-fp/artifacts/shift_validation/c_epoch_0_step_3000.csv' is not in the subpath of 'results/ablation/fp_ablation_pretrain/runs/fp-ablation-pretrain-balanced-fp' OR one path is relative and the other is absolute.,1072,a2640c1832c045499c94fe03dd63021c,fp-ablation-pretrain-balanced-fp,already_present
shift_validation/c_epoch_0_step_30000.csv,'/mnt/filesystem-test/nmr/results/ablation/fp_ablation_pretrain/runs/fp-ablation-pretrain-balanced-fp/artifacts/shift_validation/c_epoch_0_step_30000.csv' is not in the subpath of 'results/ablation/fp_ablation_pretrain/runs/fp-ablation-pretrain-balanced-fp' OR one path is relative and the other is absolute.,1069,a2640c1832c045499c94fe03dd63021c,fp-ablation-pretrain-balanced-fp,already_present
shift_validation/c_epoch_0_step_4000.csv,'/mnt/filesystem-test/nmr/results/ablation/fp_ablation_pretrain/runs/fp-ablation-pretrain-balanced-fp/artifacts/shift_validation/c_epoch_0_step_4000.csv' is not in the subpath of 'results/ablation/fp_ablation_pretrain/runs/fp-ablation-pretrain-balanced-fp' OR one path is relative and the other is absolute.,1069,a2640c1832c045499c94fe03dd63021c,fp-ablation-pretrain-balanced-fp,already_present
shift_validation/c_epoch_0_step_5000.csv,'/mnt/filesystem-test/nmr/results/ablation/fp_ablation_pretrain/runs/fp-ablation-pretrain-balanced-fp/artifacts/shift_validation/c_epoch_0_step_5000.csv' is not in the subpath of 'results/ablation/fp_ablation_pretrain/runs/fp-ablation-pretrain-balanced-fp' OR one path is relative and the other is absolute.,1070,a2640c1832c045499c94fe03dd63021c,fp-ablation-pretrain-balanced-fp,already_present
shift_validation/c_epoch_0_step_6000.csv,'/mnt/filesystem-test/nmr/results/ablation/fp_ablation_pretrain/runs/fp-ablation-pretrain-balanced-fp/artifacts/shift_validation/c_epoch_0_step_6000.csv' is not in the subpath of 'results/ablation/fp_ablation_pretrain/runs/fp-ablation-pretrain-balanced-fp' OR one path is relative and the other is absolute.,1069,a2640c1832c045499c94fe03dd63021c,fp-ablation-pretrain-balanced-fp,already_present
shift_validation/c_epoch_0_step_7000.csv,'/mnt/filesystem-test/nmr/results/ablation/fp_ablation_pretrain/runs/fp-ablation-pretrain-balanced-fp/artifacts/shift_validation/c_epoch_0_step_7000.csv' is not in the subpath of 'results/ablation/fp_ablation_pretrain/runs/fp-ablation-pretrain-balanced-fp' OR one path is relative and the other is absolute.,1071,a2640c1832c045499c94fe03dd63021c,fp-ablation-pretrain-balanced-fp,already_present
shift_validation/c_epoch_0_step_8000.csv,'/mnt/filesystem-test/nmr/results/ablation/fp_ablation_pretrain/runs/fp-ablation-pretrain-balanced-fp/artifacts/shift_validation/c_epoch_0_step_8000.csv' is not in the subpath of 'results/ablation/fp_ablation_pretrain/runs/fp-ablation-pretrain-balanced-fp' OR one path is relative and the other is absolute.,1072,a2640c1832c045499c94fe03dd63021c,fp-ablation-pretrain-balanced-fp,already_present
shift_validation/c_epoch_0_step_9000.csv,'/mnt/filesystem-test/nmr/results/ablation/fp_ablation_pretrain/runs/fp-ablation-pretrain-balanced-fp/artifacts/shift_validation/c_epoch_0_step_9000.csv' is not in the subpath of 'results/ablation/fp_ablation_pretrain/runs/fp-ablation-pretrain-balanced-fp' OR one path is relative and the other is absolute.,1073,a2640c1832c045499c94fe03dd63021c,fp-ablation-pretrain-balanced-fp,already_present
shift_validation/h_epoch_0_step_1000.csv,'/mnt/filesystem-test/nmr/results/ablation/fp_ablation_pretrain/runs/fp-ablation-pretrain-balanced-fp/artifacts/shift_validation/h_epoch_0_step_1000.csv' is not in the subpath of 'results/ablation/fp_ablation_pretrain/runs/fp-ablation-pretrain-balanced-fp' OR one path is relative and the other is absolute.,1048,a2640c1832c045499c94fe03dd63021c,fp-ablation-pretrain-balanced-fp,already_present
shift_validation/h_epoch_0_step_10000.csv,'/mnt/filesystem-test/nmr/results/ablation/fp_ablation_pretrain/runs/fp-ablation-pretrain-balanced-fp/artifacts/shift_validation/h_epoch_0_step_10000.csv' is not in the subpath of 'results/ablation/fp_ablation_pretrain/runs/fp-ablation-pretrain-balanced-fp' OR one path is relative and the other is absolute.,1050,a2640c1832c045499c94fe03dd63021c,fp-ablation-pretrain-balanced-fp,already_present
shift_validation/h_epoch_0_step_11000.csv,'/mnt/filesystem-test/nmr/results/ablation/fp_ablation_pretrain/runs/fp-ablation-pretrain-balanced-fp/artifacts/shift_validation/h_epoch_0_step_11000.csv' is not in the subpath of 'results/ablation/fp_ablation_pretrain/runs/fp-ablation-pretrain-balanced-fp' OR one path is relative and the other is absolute.,1041,a2640c1832c045499c94fe03dd63021c,fp-ablation-pretrain-balanced-fp,already_present
shift_validation/h_epoch_0_step_12000.csv,'/mnt/filesystem-test/nmr/results/ablation/fp_ablation_pretrain/runs/fp-ablation-pretrain-balanced-fp/artifacts/shift_validation/h_epoch_0_step_12000.csv' is not in the subpath of 'results/ablation/fp_ablation_pretrain/runs/fp-ablation-pretrain-balanced-fp' OR one path is relative and the other is absolute.,1047,a2640c1832c045499c94fe03dd63021c,fp-ablation-pretrain-balanced-fp,already_present
shift_validation/h_epoch_0_step_13000.csv,'/mnt/filesystem-test/nmr/results/ablation/fp_ablation_pretrain/runs/fp-ablation-pretrain-balanced-fp/artifacts/shift_validation/h_epoch_0_step_13000.csv' is not in the subpath of 'results/ablation/fp_ablation_pretrain/runs/fp-ablation-pretrain-balanced-fp' OR one path is relative and the other is absolute.,1049,a2640c1832c045499c94fe03dd63021c,fp-ablation-pretrain-balanced-fp,already_present
shift_validation/h_epoch_0_step_14000.csv,'/mnt/filesystem-test/nmr/results/ablation/fp_ablation_pretrain/runs/fp-ablation-pretrain-balanced-fp/artifacts/shift_validation/h_epoch_0_step_14000.csv' is not in the subpath of 'results/ablation/fp_ablation_pretrain/runs/fp-ablation-pretrain-balanced-fp' OR one path is relative and the other is absolute.,1046,a2640c1832c045499c94fe03dd63021c,fp-ablation-pretrain-balanced-fp,already_present
shift_validation/h_epoch_0_step_15000.csv,'/mnt/filesystem-test/nmr/results/ablation/fp_ablation_pretrain/runs/fp-ablation-pretrain-balanced-fp/artifacts/shift_validation/h_epoch_0_step_15000.csv' is not in the subpath of 'results/ablation/fp_ablation_pretrain/runs/fp-ablation-pretrain-balanced-fp' OR one path is relative and the other is absolute.,1037,a2640c1832c045499c94fe03dd63021c,fp-ablation-pretrain-balanced-fp,already_present
shift_validation/h_epoch_0_step_16000.csv,'/mnt/filesystem-test/nmr/results/ablation/fp_ablation_pretrain/runs/fp-ablation-pretrain-balanced-fp/artifacts/shift_validation/h_epoch_0_step_16000.csv' is not in the subpath of 'results/ablation/fp_ablation_pretrain/runs/fp-ablation-pretrain-balanced-fp' OR one path is relative and the other is absolute.,1039,a2640c1832c045499c94fe03dd63021c,fp-ablation-pretrain-balanced-fp,already_present
shift_validation/h_epoch_0_step_17000.csv,'/mnt/filesystem-test/nmr/results/ablation/fp_ablation_pretrain/runs/fp-ablation-pretrain-balanced-fp/artifacts/shift_validation/h_epoch_0_step_17000.csv' is not in the subpath of 'results/ablation/fp_ablation_pretrain/runs/fp-ablation-pretrain-balanced-fp' OR one path is relative and the other is absolute.,1050,a2640c1832c045499c94fe03dd63021c,fp-ablation-pretrain-balanced-fp,already_present
shift_validation/h_epoch_0_step_18000.csv,'/mnt/filesystem-test/nmr/results/ablation/fp_ablation_pretrain/runs/fp-ablation-pretrain-balanced-fp/artifacts/shift_validation/h_epoch_0_step_18000.csv' is not in the subpath of 'results/ablation/fp_ablation_pretrain/runs/fp-ablation-pretrain-balanced-fp' OR one path is relative and the other is absolute.,1046,a2640c1832c045499c94fe03dd63021c,fp-ablation-pretrain-balanced-fp,already_present
shift_validation/h_epoch_0_step_19000.csv,'/mnt/filesystem-test/nmr/results/ablation/fp_ablation_pretrain/runs/fp-ablation-pretrain-balanced-fp/artifacts/shift_validation/h_epoch_0_step_19000.csv' is not in the subpath of 'results/ablation/fp_ablation_pretrain/runs/fp-ablation-pretrain-balanced-fp' OR one path is relative and the other is absolute.,1039,a2640c1832c045499c94fe03dd63021c,fp-ablation-pretrain-balanced-fp,already_present
shift_validation/h_epoch_0_step_2000.csv,'/mnt/filesystem-test/nmr/results/ablation/fp_ablation_pretrain/runs/fp-ablation-pretrain-balanced-fp/artifacts/shift_validation/h_epoch_0_step_2000.csv' is not in the subpath of 'results/ablation/fp_ablation_pretrain/runs/fp-ablation-pretrain-balanced-fp' OR one path is relative and the other is absolute.,1038,a2640c1832c045499c94fe03dd63021c,fp-ablation-pretrain-balanced-fp,already_present
shift_validation/h_epoch_0_step_20000.csv,'/mnt/filesystem-test/nmr/results/ablation/fp_ablation_pretrain/runs/fp-ablation-pretrain-balanced-fp/artifacts/shift_validation/h_epoch_0_step_20000.csv' is not in the subpath of 'results/ablation/fp_ablation_pretrain/runs/fp-ablation-pretrain-balanced-fp' OR one path is relative and the other is absolute.,1041,a2640c1832c045499c94fe03dd63021c,fp-ablation-pretrain-balanced-fp,already_present
shift_validation/h_epoch_0_step_21000.csv,'/mnt/filesystem-test/nmr/results/ablation/fp_ablation_pretrain/runs/fp-ablation-pretrain-balanced-fp/artifacts/shift_validation/h_epoch_0_step_21000.csv' is not in the subpath of 'results/ablation/fp_ablation_pretrain/runs/fp-ablation-pretrain-balanced-fp' OR one path is relative and the other is absolute.,1044,a2640c1832c045499c94fe03dd63021c,fp-ablation-pretrain-balanced-fp,already_present
shift_validation/h_epoch_0_step_22000.csv,'/mnt/filesystem-test/nmr/results/ablation/fp_ablation_pretrain/runs/fp-ablation-pretrain-balanced-fp/artifacts/shift_validation/h_epoch_0_step_22000.csv' is not in the subpath of 'results/ablation/fp_ablation_pretrain/runs/fp-ablation-pretrain-balanced-fp' OR one path is relative and the other is absolute.,1038,a2640c1832c045499c94fe03dd63021c,fp-ablation-pretrain-balanced-fp,already_present
shift_validation/h_epoch_0_step_23000.csv,'/mnt/filesystem-test/nmr/results/ablation/fp_ablation_pretrain/runs/fp-ablation-pretrain-balanced-fp/artifacts/shift_validation/h_epoch_0_step_23000.csv' is not in the subpath of 'results/ablation/fp_ablation_pretrain/runs/fp-ablation-pretrain-balanced-fp' OR one path is relative and the other is absolute.,1049,a2640c1832c045499c94fe03dd63021c,fp-ablation-pretrain-balanced-fp,already_present
shift_validation/h_epoch_0_step_24000.csv,'/mnt/filesystem-test/nmr/results/ablation/fp_ablation_pretrain/runs/fp-ablation-pretrain-balanced-fp/artifacts/shift_validation/h_epoch_0_step_24000.csv' is not in the subpath of 'results/ablation/fp_ablation_pretrain/runs/fp-ablation-pretrain-balanced-fp' OR one path is relative and the other is absolute.,1045,a2640c1832c045499c94fe03dd63021c,fp-ablation-pretrain-balanced-fp,already_present
shift_validation/h_epoch_0_step_25000.csv,'/mnt/filesystem-test/nmr/results/ablation/fp_ablation_pretrain/runs/fp-ablation-pretrain-balanced-fp/artifacts/shift_validation/h_epoch_0_step_25000.csv' is not in the subpath of 'results/ablation/fp_ablation_pretrain/runs/fp-ablation-pretrain-balanced-fp' OR one path is relative and the other is absolute.,1046,a2640c1832c045499c94fe03dd63021c,fp-ablation-pretrain-balanced-fp,already_present
shift_validation/h_epoch_0_step_26000.csv,'/mnt/filesystem-test/nmr/results/ablation/fp_ablation_pretrain/runs/fp-ablation-pretrain-balanced-fp/artifacts/shift_validation/h_epoch_0_step_26000.csv' is not in the subpath of 'results/ablation/fp_ablation_pretrain/runs/fp-ablation-pretrain-balanced-fp' OR one path is relative and the other is absolute.,1040,a2640c1832c045499c94fe03dd63021c,fp-ablation-pretrain-balanced-fp,already_present
shift_validation/h_epoch_0_step_27000.csv,'/mnt/filesystem-test/nmr/results/ablation/fp_ablation_pretrain/runs/fp-ablation-pretrain-balanced-fp/artifacts/shift_validation/h_epoch_0_step_27000.csv' is not in the subpath of 'results/ablation/fp_ablation_pretrain/runs/fp-ablation-pretrain-balanced-fp' OR one path is relative and the other is absolute.,1043,a2640c1832c045499c94fe03dd63021c,fp-ablation-pretrain-balanced-fp,already_present
shift_validation/h_epoch_0_step_28000.csv,'/mnt/filesystem-test/nmr/results/ablation/fp_ablation_pretrain/runs/fp-ablation-pretrain-balanced-fp/artifacts/shift_validation/h_epoch_0_step_28000.csv' is not in the subpath of 'results/ablation/fp_ablation_pretrain/runs/fp-ablation-pretrain-balanced-fp' OR one path is relative and the other is absolute.,1043,a2640c1832c045499c94fe03dd63021c,fp-ablation-pretrain-balanced-fp,already_present
shift_validation/h_epoch_0_step_29000.csv,'/mnt/filesystem-test/nmr/results/ablation/fp_ablation_pretrain/runs/fp-ablation-pretrain-balanced-fp/artifacts/shift_validation/h_epoch_0_step_29000.csv' is not in the subpath of 'results/ablation/fp_ablation_pretrain/runs/fp-ablation-pretrain-balanced-fp' OR one path is relative and the other is absolute.,1041,a2640c1832c045499c94fe03dd63021c,fp-ablation-pretrain-balanced-fp,already_present
shift_validation/h_epoch_0_step_3000.csv,'/mnt/filesystem-test/nmr/results/ablation/fp_ablation_pretrain/runs/fp-ablation-pretrain-balanced-fp/artifacts/shift_validation/h_epoch_0_step_3000.csv' is not in the subpath of 'results/ablation/fp_ablation_pretrain/runs/fp-ablation-pretrain-balanced-fp' OR one path is relative and the other is absolute.,1041,a2640c1832c045499c94fe03dd63021c,fp-ablation-pretrain-balanced-fp,already_present
shift_validation/h_epoch_0_step_30000.csv,'/mnt/filesystem-test/nmr/results/ablation/fp_ablation_pretrain/runs/fp-ablation-pretrain-balanced-fp/artifacts/shift_validation/h_epoch_0_step_30000.csv' is not in the subpath of 'results/ablation/fp_ablation_pretrain/runs/fp-ablation-pretrain-balanced-fp' OR one path is relative and the other is absolute.,1042,a2640c1832c045499c94fe03dd63021c,fp-ablation-pretrain-balanced-fp,already_present
shift_validation/h_epoch_0_step_4000.csv,'/mnt/filesystem-test/nmr/results/ablation/fp_ablation_pretrain/runs/fp-ablation-pretrain-balanced-fp/artifacts/shift_validation/h_epoch_0_step_4000.csv' is not in the subpath of 'results/ablation/fp_ablation_pretrain/runs/fp-ablation-pretrain-balanced-fp' OR one path is relative and the other is absolute.,1043,a2640c1832c045499c94fe03dd63021c,fp-ablation-pretrain-balanced-fp,already_present
shift_validation/h_epoch_0_step_5000.csv,'/mnt/filesystem-test/nmr/results/ablation/fp_ablation_pretrain/runs/fp-ablation-pretrain-balanced-fp/artifacts/shift_validation/h_epoch_0_step_5000.csv' is not in the subpath of 'results/ablation/fp_ablation_pretrain/runs/fp-ablation-pretrain-balanced-fp' OR one path is relative and the other is absolute.,1044,a2640c1832c045499c94fe03dd63021c,fp-ablation-pretrain-balanced-fp,already_present
shift_validation/h_epoch_0_step_6000.csv,'/mnt/filesystem-test/nmr/results/ablation/fp_ablation_pretrain/runs/fp-ablation-pretrain-balanced-fp/artifacts/shift_validation/h_epoch_0_step_6000.csv' is not in the subpath of 'results/ablation/fp_ablation_pretrain/runs/fp-ablation-pretrain-balanced-fp' OR one path is relative and the other is absolute.,1038,a2640c1832c045499c94fe03dd63021c,fp-ablation-pretrain-balanced-fp,already_present
shift_validation/h_epoch_0_step_7000.csv,'/mnt/filesystem-test/nmr/results/ablation/fp_ablation_pretrain/runs/fp-ablation-pretrain-balanced-fp/artifacts/shift_validation/h_epoch_0_step_7000.csv' is not in the subpath of 'results/ablation/fp_ablation_pretrain/runs/fp-ablation-pretrain-balanced-fp' OR one path is relative and the other is absolute.,1040,a2640c1832c045499c94fe03dd63021c,fp-ablation-pretrain-balanced-fp,already_present
shift_validation/h_epoch_0_step_8000.csv,'/mnt/filesystem-test/nmr/results/ablation/fp_ablation_pretrain/runs/fp-ablation-pretrain-balanced-fp/artifacts/shift_validation/h_epoch_0_step_8000.csv' is not in the subpath of 'results/ablation/fp_ablation_pretrain/runs/fp-ablation-pretrain-balanced-fp' OR one path is relative and the other is absolute.,1044,a2640c1832c045499c94fe03dd63021c,fp-ablation-pretrain-balanced-fp,already_present
shift_validation/h_epoch_0_step_9000.csv,'/mnt/filesystem-test/nmr/results/ablation/fp_ablation_pretrain/runs/fp-ablation-pretrain-balanced-fp/artifacts/shift_validation/h_epoch_0_step_9000.csv' is not in the subpath of 'results/ablation/fp_ablation_pretrain/runs/fp-ablation-pretrain-balanced-fp' OR one path is relative and the other is absolute.,1042,a2640c1832c045499c94fe03dd63021c,fp-ablation-pretrain-balanced-fp,already_present
fingerprint_validation/epoch_0_step_1000.csv,'/mnt/filesystem-test/nmr/results/ablation/fp_ablation_pretrain/runs/fp-ablation-pretrain-balanced-fp/artifacts/fingerprint_validation/epoch_0_step_1000.csv' is not in the subpath of 'results/ablation/fp_ablation_pretrain/runs/fp-ablation-pretrain-balanced-fp' OR one path is relative and the other is absolute.,320,a2640c1832c045499c94fe03dd63021c,fp-ablation-pretrain-balanced-fp,already_present
fingerprint_validation/epoch_0_step_10000.csv,'/mnt/filesystem-test/nmr/results/ablation/fp_ablation_pretrain/runs/fp-ablation-pretrain-balanced-fp/artifacts/fingerprint_validation/epoch_0_step_10000.csv' is not in the subpath of 'results/ablation/fp_ablation_pretrain/runs/fp-ablation-pretrain-balanced-fp' OR one path is relative and the other is absolute.,320,a2640c1832c045499c94fe03dd63021c,fp-ablation-pretrain-balanced-fp,already_present
fingerprint_validation/epoch_0_step_11000.csv,'/mnt/filesystem-test/nmr/results/ablation/fp_ablation_pretrain/runs/fp-ablation-pretrain-balanced-fp/artifacts/fingerprint_validation/epoch_0_step_11000.csv' is not in the subpath of 'results/ablation/fp_ablation_pretrain/runs/fp-ablation-pretrain-balanced-fp' OR one path is relative and the other is absolute.,318,a2640c1832c045499c94fe03dd63021c,fp-ablation-pretrain-balanced-fp,already_present
fingerprint_validation/epoch_0_step_12000.csv,'/mnt/filesystem-test/nmr/results/ablation/fp_ablation_pretrain/runs/fp-ablation-pretrain-balanced-fp/artifacts/fingerprint_validation/epoch_0_step_12000.csv' is not in the subpath of 'results/ablation/fp_ablation_pretrain/runs/fp-ablation-pretrain-balanced-fp' OR one path is relative and the other is absolute.,315,a2640c1832c045499c94fe03dd63021c,fp-ablation-pretrain-balanced-fp,already_present
fingerprint_validation/epoch_0_step_13000.csv,'/mnt/filesystem-test/nmr/results/ablation/fp_ablation_pretrain/runs/fp-ablation-pretrain-balanced-fp/artifacts/fingerprint_validation/epoch_0_step_13000.csv' is not in the subpath of 'results/ablation/fp_ablation_pretrain/runs/fp-ablation-pretrain-balanced-fp' OR one path is relative and the other is absolute.,317,a2640c1832c045499c94fe03dd63021c,fp-ablation-pretrain-balanced-fp,already_present
fingerprint_validation/epoch_0_step_14000.csv,'/mnt/filesystem-test/nmr/results/ablation/fp_ablation_pretrain/runs/fp-ablation-pretrain-balanced-fp/artifacts/fingerprint_validation/epoch_0_step_14000.csv' is not in the subpath of 'results/ablation/fp_ablation_pretrain/runs/fp-ablation-pretrain-balanced-fp' OR one path is relative and the other is absolute.,318,a2640c1832c045499c94fe03dd63021c,fp-ablation-pretrain-balanced-fp,already_present
fingerprint_validation/epoch_0_step_15000.csv,'/mnt/filesystem-test/nmr/results/ablation/fp_ablation_pretrain/runs/fp-ablation-pretrain-balanced-fp/artifacts/fingerprint_validation/epoch_0_step_15000.csv' is not in the subpath of 'results/ablation/fp_ablation_pretrain/runs/fp-ablation-pretrain-balanced-fp' OR one path is relative and the other is absolute.,319,a2640c1832c045499c94fe03dd63021c,fp-ablation-pretrain-balanced-fp,already_present
fingerprint_validation/epoch_0_step_16000.csv,'/mnt/filesystem-test/nmr/results/ablation/fp_ablation_pretrain/runs/fp-ablation-pretrain-balanced-fp/artifacts/fingerprint_validation/epoch_0_step_16000.csv' is not in the subpath of 'results/ablation/fp_ablation_pretrain/runs/fp-ablation-pretrain-balanced-fp' OR one path is relative and the other is absolute.,317,a2640c1832c045499c94fe03dd63021c,fp-ablation-pretrain-balanced-fp,already_present
fingerprint_validation/epoch_0_step_17000.csv,'/mnt/filesystem-test/nmr/results/ablation/fp_ablation_pretrain/runs/fp-ablation-pretrain-balanced-fp/artifacts/fingerprint_validation/epoch_0_step_17000.csv' is not in the subpath of 'results/ablation/fp_ablation_pretrain/runs/fp-ablation-pretrain-balanced-fp' OR one path is relative and the other is absolute.,317,a2640c1832c045499c94fe03dd63021c,fp-ablation-pretrain-balanced-fp,already_present
fingerprint_validation/epoch_0_step_18000.csv,'/mnt/filesystem-test/nmr/results/ablation/fp_ablation_pretrain/runs/fp-ablation-pretrain-balanced-fp/artifacts/fingerprint_validation/epoch_0_step_18000.csv' is not in the subpath of 'results/ablation/fp_ablation_pretrain/runs/fp-ablation-pretrain-balanced-fp' OR one path is relative and the other is absolute.,318,a2640c1832c045499c94fe03dd63021c,fp-ablation-pretrain-balanced-fp,already_present
fingerprint_validation/epoch_0_step_19000.csv,'/mnt/filesystem-test/nmr/results/ablation/fp_ablation_pretrain/runs/fp-ablation-pretrain-balanced-fp/artifacts/fingerprint_validation/epoch_0_step_19000.csv' is not in the subpath of 'results/ablation/fp_ablation_pretrain/runs/fp-ablation-pretrain-balanced-fp' OR one path is relative and the other is absolute.,318,a2640c1832c045499c94fe03dd63021c,fp-ablation-pretrain-balanced-fp,already_present
fingerprint_validation/epoch_0_step_2000.csv,'/mnt/filesystem-test/nmr/results/ablation/fp_ablation_pretrain/runs/fp-ablation-pretrain-balanced-fp/artifacts/fingerprint_validation/epoch_0_step_2000.csv' is not in the subpath of 'results/ablation/fp_ablation_pretrain/runs/fp-ablation-pretrain-balanced-fp' OR one path is relative and the other is absolute.,316,a2640c1832c045499c94fe03dd63021c,fp-ablation-pretrain-balanced-fp,already_present
fingerprint_validation/epoch_0_step_20000.csv,'/mnt/filesystem-test/nmr/results/ablation/fp_ablation_pretrain/runs/fp-ablation-pretrain-balanced-fp/artifacts/fingerprint_validation/epoch_0_step_20000.csv' is not in the subpath of 'results/ablation/fp_ablation_pretrain/runs/fp-ablation-pretrain-balanced-fp' OR one path is relative and the other is absolute.,317,a2640c1832c045499c94fe03dd63021c,fp-ablation-pretrain-balanced-fp,already_present
fingerprint_validation/epoch_0_step_21000.csv,'/mnt/filesystem-test/nmr/results/ablation/fp_ablation_pretrain/runs/fp-ablation-pretrain-balanced-fp/artifacts/fingerprint_validation/epoch_0_step_21000.csv' is not in the subpath of 'results/ablation/fp_ablation_pretrain/runs/fp-ablation-pretrain-balanced-fp' OR one path is relative and the other is absolute.,317,a2640c1832c045499c94fe03dd63021c,fp-ablation-pretrain-balanced-fp,already_present
fingerprint_validation/epoch_0_step_22000.csv,'/mnt/filesystem-test/nmr/results/ablation/fp_ablation_pretrain/runs/fp-ablation-pretrain-balanced-fp/artifacts/fingerprint_validation/epoch_0_step_22000.csv' is not in the subpath of 'results/ablation/fp_ablation_pretrain/runs/fp-ablation-pretrain-balanced-fp' OR one path is relative and the other is absolute.,314,a2640c1832c045499c94fe03dd63021c,fp-ablation-pretrain-balanced-fp,already_present
fingerprint_validation/epoch_0_step_23000.csv,'/mnt/filesystem-test/nmr/results/ablation/fp_ablation_pretrain/runs/fp-ablation-pretrain-balanced-fp/artifacts/fingerprint_validation/epoch_0_step_23000.csv' is not in the subpath of 'results/ablation/fp_ablation_pretrain/runs/fp-ablation-pretrain-balanced-fp' OR one path is relative and the other is absolute.,315,a2640c1832c045499c94fe03dd63021c,fp-ablation-pretrain-balanced-fp,already_present
fingerprint_validation/epoch_0_step_24000.csv,'/mnt/filesystem-test/nmr/results/ablation/fp_ablation_pretrain/runs/fp-ablation-pretrain-balanced-fp/artifacts/fingerprint_validation/epoch_0_step_24000.csv' is not in the subpath of 'results/ablation/fp_ablation_pretrain/runs/fp-ablation-pretrain-balanced-fp' OR one path is relative and the other is absolute.,317,a2640c1832c045499c94fe03dd63021c,fp-ablation-pretrain-balanced-fp,already_present
fingerprint_validation/epoch_0_step_25000.csv,'/mnt/filesystem-test/nmr/results/ablation/fp_ablation_pretrain/runs/fp-ablation-pretrain-balanced-fp/artifacts/fingerprint_validation/epoch_0_step_25000.csv' is not in the subpath of 'results/ablation/fp_ablation_pretrain/runs/fp-ablation-pretrain-balanced-fp' OR one path is relative and the other is absolute.,320,a2640c1832c045499c94fe03dd63021c,fp-ablation-pretrain-balanced-fp,already_present
fingerprint_validation/epoch_0_step_26000.csv,'/mnt/filesystem-test/nmr/results/ablation/fp_ablation_pretrain/runs/fp-ablation-pretrain-balanced-fp/artifacts/fingerprint_validation/epoch_0_step_26000.csv' is not in the subpath of 'results/ablation/fp_ablation_pretrain/runs/fp-ablation-pretrain-balanced-fp' OR one path is relative and the other is absolute.,319,a2640c1832c045499c94fe03dd63021c,fp-ablation-pretrain-balanced-fp,already_present
fingerprint_validation/epoch_0_step_27000.csv,'/mnt/filesystem-test/nmr/results/ablation/fp_ablation_pretrain/runs/fp-ablation-pretrain-balanced-fp/artifacts/fingerprint_validation/epoch_0_step_27000.csv' is not in the subpath of 'results/ablation/fp_ablation_pretrain/runs/fp-ablation-pretrain-balanced-fp' OR one path is relative and the other is absolute.,317,a2640c1832c045499c94fe03dd63021c,fp-ablation-pretrain-balanced-fp,already_present
fingerprint_validation/epoch_0_step_28000.csv,'/mnt/filesystem-test/nmr/results/ablation/fp_ablation_pretrain/runs/fp-ablation-pretrain-balanced-fp/artifacts/fingerprint_validation/epoch_0_step_28000.csv' is not in the subpath of 'results/ablation/fp_ablation_pretrain/runs/fp-ablation-pretrain-balanced-fp' OR one path is relative and the other is absolute.,319,a2640c1832c045499c94fe03dd63021c,fp-ablation-pretrain-balanced-fp,already_present
fingerprint_validation/epoch_0_step_29000.csv,'/mnt/filesystem-test/nmr/results/ablation/fp_ablation_pretrain/runs/fp-ablation-pretrain-balanced-fp/artifacts/fingerprint_validation/epoch_0_step_29000.csv' is not in the subpath of 'results/ablation/fp_ablation_pretrain/runs/fp-ablation-pretrain-balanced-fp' OR one path is relative and the other is absolute.,319,a2640c1832c045499c94fe03dd63021c,fp-ablation-pretrain-balanced-fp,already_present
fingerprint_validation/epoch_0_step_3000.csv,'/mnt/filesystem-test/nmr/results/ablation/fp_ablation_pretrain/runs/fp-ablation-pretrain-balanced-fp/artifacts/fingerprint_validation/epoch_0_step_3000.csv' is not in the subpath of 'results/ablation/fp_ablation_pretrain/runs/fp-ablation-pretrain-balanced-fp' OR one path is relative and the other is absolute.,320,a2640c1832c045499c94fe03dd63021c,fp-ablation-pretrain-balanced-fp,already_present
fingerprint_validation/epoch_0_step_30000.csv,'/mnt/filesystem-test/nmr/results/ablation/fp_ablation_pretrain/runs/fp-ablation-pretrain-balanced-fp/artifacts/fingerprint_validation/epoch_0_step_30000.csv' is not in the subpath of 'results/ablation/fp_ablation_pretrain/runs/fp-ablation-pretrain-balanced-fp' OR one path is relative and the other is absolute.,317,a2640c1832c045499c94fe03dd63021c,fp-ablation-pretrain-balanced-fp,already_present
fingerprint_validation/epoch_0_step_4000.csv,'/mnt/filesystem-test/nmr/results/ablation/fp_ablation_pretrain/runs/fp-ablation-pretrain-balanced-fp/artifacts/fingerprint_validation/epoch_0_step_4000.csv' is not in the subpath of 'results/ablation/fp_ablation_pretrain/runs/fp-ablation-pretrain-balanced-fp' OR one path is relative and the other is absolute.,313,a2640c1832c045499c94fe03dd63021c,fp-ablation-pretrain-balanced-fp,already_present
fingerprint_validation/epoch_0_step_5000.csv,'/mnt/filesystem-test/nmr/results/ablation/fp_ablation_pretrain/runs/fp-ablation-pretrain-balanced-fp/artifacts/fingerprint_validation/epoch_0_step_5000.csv' is not in the subpath of 'results/ablation/fp_ablation_pretrain/runs/fp-ablation-pretrain-balanced-fp' OR one path is relative and the other is absolute.,315,a2640c1832c045499c94fe03dd63021c,fp-ablation-pretrain-balanced-fp,already_present
fingerprint_validation/epoch_0_step_6000.csv,'/mnt/filesystem-test/nmr/results/ablation/fp_ablation_pretrain/runs/fp-ablation-pretrain-balanced-fp/artifacts/fingerprint_validation/epoch_0_step_6000.csv' is not in the subpath of 'results/ablation/fp_ablation_pretrain/runs/fp-ablation-pretrain-balanced-fp' OR one path is relative and the other is absolute.,317,a2640c1832c045499c94fe03dd63021c,fp-ablation-pretrain-balanced-fp,already_present
fingerprint_validation/epoch_0_step_7000.csv,'/mnt/filesystem-test/nmr/results/ablation/fp_ablation_pretrain/runs/fp-ablation-pretrain-balanced-fp/artifacts/fingerprint_validation/epoch_0_step_7000.csv' is not in the subpath of 'results/ablation/fp_ablation_pretrain/runs/fp-ablation-pretrain-balanced-fp' OR one path is relative and the other is absolute.,316,a2640c1832c045499c94fe03dd63021c,fp-ablation-pretrain-balanced-fp,already_present
fingerprint_validation/epoch_0_step_8000.csv,'/mnt/filesystem-test/nmr/results/ablation/fp_ablation_pretrain/runs/fp-ablation-pretrain-balanced-fp/artifacts/fingerprint_validation/epoch_0_step_8000.csv' is not in the subpath of 'results/ablation/fp_ablation_pretrain/runs/fp-ablation-pretrain-balanced-fp' OR one path is relative and the other is absolute.,316,a2640c1832c045499c94fe03dd63021c,fp-ablation-pretrain-balanced-fp,already_present
fingerprint_validation/epoch_0_step_9000.csv,'/mnt/filesystem-test/nmr/results/ablation/fp_ablation_pretrain/runs/fp-ablation-pretrain-balanced-fp/artifacts/fingerprint_validation/epoch_0_step_9000.csv' is not in the subpath of 'results/ablation/fp_ablation_pretrain/runs/fp-ablation-pretrain-balanced-fp' OR one path is relative and the other is absolute.,319,a2640c1832c045499c94fe03dd63021c,fp-ablation-pretrain-balanced-fp,already_present
shift_validation/c_epoch_0_step_1000.csv,'/mnt/filesystem-test/nmr/results/ablation/fp_ablation_pretrain/runs/fp-ablation-pretrain-balanced-fp-0.2-lambda/artifacts/shift_validation/c_epoch_0_step_1000.csv' is not in the subpath of 'results/ablation/fp_ablation_pretrain/runs/fp-ablation-pretrain-balanced-fp-0.2-lambda' OR one path is relative and the other is absolute.,1036,548dad4efd2d44bdb1ab7b048dcde920,fp-ablation-pretrain-balanced-fp-0.2-lambda,already_present
shift_validation/c_epoch_0_step_10000.csv,'/mnt/filesystem-test/nmr/results/ablation/fp_ablation_pretrain/runs/fp-ablation-pretrain-balanced-fp-0.2-lambda/artifacts/shift_validation/c_epoch_0_step_10000.csv' is not in the subpath of 'results/ablation/fp_ablation_pretrain/runs/fp-ablation-pretrain-balanced-fp-0.2-lambda' OR one path is relative and the other is absolute.,1041,548dad4efd2d44bdb1ab7b048dcde920,fp-ablation-pretrain-balanced-fp-0.2-lambda,already_present
shift_validation/c_epoch_0_step_11000.csv,'/mnt/filesystem-test/nmr/results/ablation/fp_ablation_pretrain/runs/fp-ablation-pretrain-balanced-fp-0.2-lambda/artifacts/shift_validation/c_epoch_0_step_11000.csv' is not in the subpath of 'results/ablation/fp_ablation_pretrain/runs/fp-ablation-pretrain-balanced-fp-0.2-lambda' OR one path is relative and the other is absolute.,1036,548dad4efd2d44bdb1ab7b048dcde920,fp-ablation-pretrain-balanced-fp-0.2-lambda,already_present
shift_validation/c_epoch_0_step_12000.csv,'/mnt/filesystem-test/nmr/results/ablation/fp_ablation_pretrain/runs/fp-ablation-pretrain-balanced-fp-0.2-lambda/artifacts/shift_validation/c_epoch_0_step_12000.csv' is not in the subpath of 'results/ablation/fp_ablation_pretrain/runs/fp-ablation-pretrain-balanced-fp-0.2-lambda' OR one path is relative and the other is absolute.,1036,548dad4efd2d44bdb1ab7b048dcde920,fp-ablation-pretrain-balanced-fp-0.2-lambda,already_present
shift_validation/c_epoch_0_step_13000.csv,'/mnt/filesystem-test/nmr/results/ablation/fp_ablation_pretrain/runs/fp-ablation-pretrain-balanced-fp-0.2-lambda/artifacts/shift_validation/c_epoch_0_step_13000.csv' is not in the subpath of 'results/ablation/fp_ablation_pretrain/runs/fp-ablation-pretrain-balanced-fp-0.2-lambda' OR one path is relative and the other is absolute.,1040,548dad4efd2d44bdb1ab7b048dcde920,fp-ablation-pretrain-balanced-fp-0.2-lambda,already_present
shift_validation/c_epoch_0_step_14000.csv,'/mnt/filesystem-test/nmr/results/ablation/fp_ablation_pretrain/runs/fp-ablation-pretrain-balanced-fp-0.2-lambda/artifacts/shift_validation/c_epoch_0_step_14000.csv' is not in the subpath of 'results/ablation/fp_ablation_pretrain/runs/fp-ablation-pretrain-balanced-fp-0.2-lambda' OR one path is relative and the other is absolute.,1038,548dad4efd2d44bdb1ab7b048dcde920,fp-ablation-pretrain-balanced-fp-0.2-lambda,already_present
shift_validation/c_epoch_0_step_15000.csv,'/mnt/filesystem-test/nmr/results/ablation/fp_ablation_pretrain/runs/fp-ablation-pretrain-balanced-fp-0.2-lambda/artifacts/shift_validation/c_epoch_0_step_15000.csv' is not in the subpath of 'results/ablation/fp_ablation_pretrain/runs/fp-ablation-pretrain-balanced-fp-0.2-lambda' OR one path is relative and the other is absolute.,1038,548dad4efd2d44bdb1ab7b048dcde920,fp-ablation-pretrain-balanced-fp-0.2-lambda,already_present
shift_validation/c_epoch_0_step_16000.csv,'/mnt/filesystem-test/nmr/results/ablation/fp_ablation_pretrain/runs/fp-ablation-pretrain-balanced-fp-0.2-lambda/artifacts/shift_validation/c_epoch_0_step_16000.csv' is not in the subpath of 'results/ablation/fp_ablation_pretrain/runs/fp-ablation-pretrain-balanced-fp-0.2-lambda' OR one path is relative and the other is absolute.,1038,548dad4efd2d44bdb1ab7b048dcde920,fp-ablation-pretrain-balanced-fp-0.2-lambda,already_present
shift_validation/c_epoch_0_step_17000.csv,'/mnt/filesystem-test/nmr/results/ablation/fp_ablation_pretrain/runs/fp-ablation-pretrain-balanced-fp-0.2-lambda/artifacts/shift_validation/c_epoch_0_step_17000.csv' is not in the subpath of 'results/ablation/fp_ablation_pretrain/runs/fp-ablation-pretrain-balanced-fp-0.2-lambda' OR one path is relative and the other is absolute.,1040,548dad4efd2d44bdb1ab7b048dcde920,fp-ablation-pretrain-balanced-fp-0.2-lambda,already_present
shift_validation/c_epoch_0_step_18000.csv,'/mnt/filesystem-test/nmr/results/ablation/fp_ablation_pretrain/runs/fp-ablation-pretrain-balanced-fp-0.2-lambda/artifacts/shift_validation/c_epoch_0_step_18000.csv' is not in the subpath of 'results/ablation/fp_ablation_pretrain/runs/fp-ablation-pretrain-balanced-fp-0.2-lambda' OR one path is relative and the other is absolute.,1037,548dad4efd2d44bdb1ab7b048dcde920,fp-ablation-pretrain-balanced-fp-0.2-lambda,already_present
shift_validation/c_epoch_0_step_19000.csv,'/mnt/filesystem-test/nmr/results/ablation/fp_ablation_pretrain/runs/fp-ablation-pretrain-balanced-fp-0.2-lambda/artifacts/shift_validation/c_epoch_0_step_19000.csv' is not in the subpath of 'results/ablation/fp_ablation_pretrain/runs/fp-ablation-pretrain-balanced-fp-0.2-lambda' OR one path is relative and the other is absolute.,1042,548dad4efd2d44bdb1ab7b048dcde920,fp-ablation-pretrain-balanced-fp-0.2-lambda,already_present
shift_validation/c_epoch_0_step_2000.csv,'/mnt/filesystem-test/nmr/results/ablation/fp_ablation_pretrain/runs/fp-ablation-pretrain-balanced-fp-0.2-lambda/artifacts/shift_validation/c_epoch_0_step_2000.csv' is not in the subpath of 'results/ablation/fp_ablation_pretrain/runs/fp-ablation-pretrain-balanced-fp-0.2-lambda' OR one path is relative and the other is absolute.,1037,548dad4efd2d44bdb1ab7b048dcde920,fp-ablation-pretrain-balanced-fp-0.2-lambda,already_present
shift_validation/c_epoch_0_step_20000.csv,'/mnt/filesystem-test/nmr/results/ablation/fp_ablation_pretrain/runs/fp-ablation-pretrain-balanced-fp-0.2-lambda/artifacts/shift_validation/c_epoch_0_step_20000.csv' is not in the subpath of 'results/ablation/fp_ablation_pretrain/runs/fp-ablation-pretrain-balanced-fp-0.2-lambda' OR one path is relative and the other is absolute.,1035,548dad4efd2d44bdb1ab7b048dcde920,fp-ablation-pretrain-balanced-fp-0.2-lambda,already_present
shift_validation/c_epoch_0_step_21000.csv,'/mnt/filesystem-test/nmr/results/ablation/fp_ablation_pretrain/runs/fp-ablation-pretrain-balanced-fp-0.2-lambda/artifacts/shift_validation/c_epoch_0_step_21000.csv' is not in the subpath of 'results/ablation/fp_ablation_pretrain/runs/fp-ablation-pretrain-balanced-fp-0.2-lambda' OR one path is relative and the other is absolute.,1041,548dad4efd2d44bdb1ab7b048dcde920,fp-ablation-pretrain-balanced-fp-0.2-lambda,already_present
shift_validation/c_epoch_0_step_22000.csv,'/mnt/filesystem-test/nmr/results/ablation/fp_ablation_pretrain/runs/fp-ablation-pretrain-balanced-fp-0.2-lambda/artifacts/shift_validation/c_epoch_0_step_22000.csv' is not in the subpath of 'results/ablation/fp_ablation_pretrain/runs/fp-ablation-pretrain-balanced-fp-0.2-lambda' OR one path is relative and the other is absolute.,1048,548dad4efd2d44bdb1ab7b048dcde920,fp-ablation-pretrain-balanced-fp-0.2-lambda,already_present
shift_validation/c_epoch_0_step_23000.csv,'/mnt/filesystem-test/nmr/results/ablation/fp_ablation_pretrain/runs/fp-ablation-pretrain-balanced-fp-0.2-lambda/artifacts/shift_validation/c_epoch_0_step_23000.csv' is not in the subpath of 'results/ablation/fp_ablation_pretrain/runs/fp-ablation-pretrain-balanced-fp-0.2-lambda' OR one path is relative and the other is absolute.,1036,548dad4efd2d44bdb1ab7b048dcde920,fp-ablation-pretrain-balanced-fp-0.2-lambda,already_present
shift_validation/c_epoch_0_step_24000.csv,'/mnt/filesystem-test/nmr/results/ablation/fp_ablation_pretrain/runs/fp-ablation-pretrain-balanced-fp-0.2-lambda/artifacts/shift_validation/c_epoch_0_step_24000.csv' is not in the subpath of 'results/ablation/fp_ablation_pretrain/runs/fp-ablation-pretrain-balanced-fp-0.2-lambda' OR one path is relative and the other is absolute.,1035,548dad4efd2d44bdb1ab7b048dcde920,fp-ablation-pretrain-balanced-fp-0.2-lambda,already_present
shift_validation/c_epoch_0_step_25000.csv,'/mnt/filesystem-test/nmr/results/ablation/fp_ablation_pretrain/runs/fp-ablation-pretrain-balanced-fp-0.2-lambda/artifacts/shift_validation/c_epoch_0_step_25000.csv' is not in the subpath of 'results/ablation/fp_ablation_pretrain/runs/fp-ablation-pretrain-balanced-fp-0.2-lambda' OR one path is relative and the other is absolute.,1040,548dad4efd2d44bdb1ab7b048dcde920,fp-ablation-pretrain-balanced-fp-0.2-lambda,already_present
shift_validation/c_epoch_0_step_26000.csv,'/mnt/filesystem-test/nmr/results/ablation/fp_ablation_pretrain/runs/fp-ablation-pretrain-balanced-fp-0.2-lambda/artifacts/shift_validation/c_epoch_0_step_26000.csv' is not in the subpath of 'results/ablation/fp_ablation_pretrain/runs/fp-ablation-pretrain-balanced-fp-0.2-lambda' OR one path is relative and the other is absolute.,1042,548dad4efd2d44bdb1ab7b048dcde920,fp-ablation-pretrain-balanced-fp-0.2-lambda,already_present
shift_validation/c_epoch_0_step_27000.csv,'/mnt/filesystem-test/nmr/results/ablation/fp_ablation_pretrain/runs/fp-ablation-pretrain-balanced-fp-0.2-lambda/artifacts/shift_validation/c_epoch_0_step_27000.csv' is not in the subpath of 'results/ablation/fp_ablation_pretrain/runs/fp-ablation-pretrain-balanced-fp-0.2-lambda' OR one path is relative and the other is absolute.,1039,548dad4efd2d44bdb1ab7b048dcde920,fp-ablation-pretrain-balanced-fp-0.2-lambda,already_present
shift_validation/c_epoch_0_step_28000.csv,'/mnt/filesystem-test/nmr/results/ablation/fp_ablation_pretrain/runs/fp-ablation-pretrain-balanced-fp-0.2-lambda/artifacts/shift_validation/c_epoch_0_step_28000.csv' is not in the subpath of 'results/ablation/fp_ablation_pretrain/runs/fp-ablation-pretrain-balanced-fp-0.2-lambda' OR one path is relative and the other is absolute.,1043,548dad4efd2d44bdb1ab7b048dcde920,fp-ablation-pretrain-balanced-fp-0.2-lambda,already_present
shift_validation/c_epoch_0_step_29000.csv,'/mnt/filesystem-test/nmr/results/ablation/fp_ablation_pretrain/runs/fp-ablation-pretrain-balanced-fp-0.2-lambda/artifacts/shift_validation/c_epoch_0_step_29000.csv' is not in the subpath of 'results/ablation/fp_ablation_pretrain/runs/fp-ablation-pretrain-balanced-fp-0.2-lambda' OR one path is relative and the other is absolute.,1036,548dad4efd2d44bdb1ab7b048dcde920,fp-ablation-pretrain-balanced-fp-0.2-lambda,already_present
shift_validation/c_epoch_0_step_3000.csv,'/mnt/filesystem-test/nmr/results/ablation/fp_ablation_pretrain/runs/fp-ablation-pretrain-balanced-fp-0.2-lambda/artifacts/shift_validation/c_epoch_0_step_3000.csv' is not in the subpath of 'results/ablation/fp_ablation_pretrain/runs/fp-ablation-pretrain-balanced-fp-0.2-lambda' OR one path is relative and the other is absolute.,1042,548dad4efd2d44bdb1ab7b048dcde920,fp-ablation-pretrain-balanced-fp-0.2-lambda,already_present
shift_validation/c_epoch_0_step_30000.csv,'/mnt/filesystem-test/nmr/results/ablation/fp_ablation_pretrain/runs/fp-ablation-pretrain-balanced-fp-0.2-lambda/artifacts/shift_validation/c_epoch_0_step_30000.csv' is not in the subpath of 'results/ablation/fp_ablation_pretrain/runs/fp-ablation-pretrain-balanced-fp-0.2-lambda' OR one path is relative and the other is absolute.,1040,548dad4efd2d44bdb1ab7b048dcde920,fp-ablation-pretrain-balanced-fp-0.2-lambda,already_present
shift_validation/c_epoch_0_step_4000.csv,'/mnt/filesystem-test/nmr/results/ablation/fp_ablation_pretrain/runs/fp-ablation-pretrain-balanced-fp-0.2-lambda/artifacts/shift_validation/c_epoch_0_step_4000.csv' is not in the subpath of 'results/ablation/fp_ablation_pretrain/runs/fp-ablation-pretrain-balanced-fp-0.2-lambda' OR one path is relative and the other is absolute.,1039,548dad4efd2d44bdb1ab7b048dcde920,fp-ablation-pretrain-balanced-fp-0.2-lambda,already_present
shift_validation/c_epoch_0_step_5000.csv,'/mnt/filesystem-test/nmr/results/ablation/fp_ablation_pretrain/runs/fp-ablation-pretrain-balanced-fp-0.2-lambda/artifacts/shift_validation/c_epoch_0_step_5000.csv' is not in the subpath of 'results/ablation/fp_ablation_pretrain/runs/fp-ablation-pretrain-balanced-fp-0.2-lambda' OR one path is relative and the other is absolute.,1042,548dad4efd2d44bdb1ab7b048dcde920,fp-ablation-pretrain-balanced-fp-0.2-lambda,already_present
shift_validation/c_epoch_0_step_6000.csv,'/mnt/filesystem-test/nmr/results/ablation/fp_ablation_pretrain/runs/fp-ablation-pretrain-balanced-fp-0.2-lambda/artifacts/shift_validation/c_epoch_0_step_6000.csv' is not in the subpath of 'results/ablation/fp_ablation_pretrain/runs/fp-ablation-pretrain-balanced-fp-0.2-lambda' OR one path is relative and the other is absolute.,1038,548dad4efd2d44bdb1ab7b048dcde920,fp-ablation-pretrain-balanced-fp-0.2-lambda,already_present
shift_validation/c_epoch_0_step_7000.csv,'/mnt/filesystem-test/nmr/results/ablation/fp_ablation_pretrain/runs/fp-ablation-pretrain-balanced-fp-0.2-lambda/artifacts/shift_validation/c_epoch_0_step_7000.csv' is not in the subpath of 'results/ablation/fp_ablation_pretrain/runs/fp-ablation-pretrain-balanced-fp-0.2-lambda' OR one path is relative and the other is absolute.,1039,548dad4efd2d44bdb1ab7b048dcde920,fp-ablation-pretrain-balanced-fp-0.2-lambda,already_present
shift_validation/c_epoch_0_step_8000.csv,'/mnt/filesystem-test/nmr/results/ablation/fp_ablation_pretrain/runs/fp-ablation-pretrain-balanced-fp-0.2-lambda/artifacts/shift_validation/c_epoch_0_step_8000.csv' is not in the subpath of 'results/ablation/fp_ablation_pretrain/runs/fp-ablation-pretrain-balanced-fp-0.2-lambda' OR one path is relative and the other is absolute.,1040,548dad4efd2d44bdb1ab7b048dcde920,fp-ablation-pretrain-balanced-fp-0.2-lambda,already_present
shift_validation/c_epoch_0_step_9000.csv,'/mnt/filesystem-test/nmr/results/ablation/fp_ablation_pretrain/runs/fp-ablation-pretrain-balanced-fp-0.2-lambda/artifacts/shift_validation/c_epoch_0_step_9000.csv' is not in the subpath of 'results/ablation/fp_ablation_pretrain/runs/fp-ablation-pretrain-balanced-fp-0.2-lambda' OR one path is relative and the other is absolute.,1036,548dad4efd2d44bdb1ab7b048dcde920,fp-ablation-pretrain-balanced-fp-0.2-lambda,already_present
shift_validation/h_epoch_0_step_1000.csv,'/mnt/filesystem-test/nmr/results/ablation/fp_ablation_pretrain/runs/fp-ablation-pretrain-balanced-fp-0.2-lambda/artifacts/shift_validation/h_epoch_0_step_1000.csv' is not in the subpath of 'results/ablation/fp_ablation_pretrain/runs/fp-ablation-pretrain-balanced-fp-0.2-lambda' OR one path is relative and the other is absolute.,1015,548dad4efd2d44bdb1ab7b048dcde920,fp-ablation-pretrain-balanced-fp-0.2-lambda,already_present
shift_validation/h_epoch_0_step_10000.csv,'/mnt/filesystem-test/nmr/results/ablation/fp_ablation_pretrain/runs/fp-ablation-pretrain-balanced-fp-0.2-lambda/artifacts/shift_validation/h_epoch_0_step_10000.csv' is not in the subpath of 'results/ablation/fp_ablation_pretrain/runs/fp-ablation-pretrain-balanced-fp-0.2-lambda' OR one path is relative and the other is absolute.,1001,548dad4efd2d44bdb1ab7b048dcde920,fp-ablation-pretrain-balanced-fp-0.2-lambda,already_present
shift_validation/h_epoch_0_step_11000.csv,'/mnt/filesystem-test/nmr/results/ablation/fp_ablation_pretrain/runs/fp-ablation-pretrain-balanced-fp-0.2-lambda/artifacts/shift_validation/h_epoch_0_step_11000.csv' is not in the subpath of 'results/ablation/fp_ablation_pretrain/runs/fp-ablation-pretrain-balanced-fp-0.2-lambda' OR one path is relative and the other is absolute.,1014,548dad4efd2d44bdb1ab7b048dcde920,fp-ablation-pretrain-balanced-fp-0.2-lambda,already_present
shift_validation/h_epoch_0_step_12000.csv,'/mnt/filesystem-test/nmr/results/ablation/fp_ablation_pretrain/runs/fp-ablation-pretrain-balanced-fp-0.2-lambda/artifacts/shift_validation/h_epoch_0_step_12000.csv' is not in the subpath of 'results/ablation/fp_ablation_pretrain/runs/fp-ablation-pretrain-balanced-fp-0.2-lambda' OR one path is relative and the other is absolute.,1017,548dad4efd2d44bdb1ab7b048dcde920,fp-ablation-pretrain-balanced-fp-0.2-lambda,already_present
shift_validation/h_epoch_0_step_13000.csv,'/mnt/filesystem-test/nmr/results/ablation/fp_ablation_pretrain/runs/fp-ablation-pretrain-balanced-fp-0.2-lambda/artifacts/shift_validation/h_epoch_0_step_13000.csv' is not in the subpath of 'results/ablation/fp_ablation_pretrain/runs/fp-ablation-pretrain-balanced-fp-0.2-lambda' OR one path is relative and the other is absolute.,1015,548dad4efd2d44bdb1ab7b048dcde920,fp-ablation-pretrain-balanced-fp-0.2-lambda,already_present
shift_validation/h_epoch_0_step_14000.csv,'/mnt/filesystem-test/nmr/results/ablation/fp_ablation_pretrain/runs/fp-ablation-pretrain-balanced-fp-0.2-lambda/artifacts/shift_validation/h_epoch_0_step_14000.csv' is not in the subpath of 'results/ablation/fp_ablation_pretrain/runs/fp-ablation-pretrain-balanced-fp-0.2-lambda' OR one path is relative and the other is absolute.,1021,548dad4efd2d44bdb1ab7b048dcde920,fp-ablation-pretrain-balanced-fp-0.2-lambda,already_present
shift_validation/h_epoch_0_step_15000.csv,'/mnt/filesystem-test/nmr/results/ablation/fp_ablation_pretrain/runs/fp-ablation-pretrain-balanced-fp-0.2-lambda/artifacts/shift_validation/h_epoch_0_step_15000.csv' is not in the subpath of 'results/ablation/fp_ablation_pretrain/runs/fp-ablation-pretrain-balanced-fp-0.2-lambda' OR one path is relative and the other is absolute.,1022,548dad4efd2d44bdb1ab7b048dcde920,fp-ablation-pretrain-balanced-fp-0.2-lambda,already_present
shift_validation/h_epoch_0_step_16000.csv,'/mnt/filesystem-test/nmr/results/ablation/fp_ablation_pretrain/runs/fp-ablation-pretrain-balanced-fp-0.2-lambda/artifacts/shift_validation/h_epoch_0_step_16000.csv' is not in the subpath of 'results/ablation/fp_ablation_pretrain/runs/fp-ablation-pretrain-balanced-fp-0.2-lambda' OR one path is relative and the other is absolute.,1018,548dad4efd2d44bdb1ab7b048dcde920,fp-ablation-pretrain-balanced-fp-0.2-lambda,already_present
shift_validation/h_epoch_0_step_17000.csv,'/mnt/filesystem-test/nmr/results/ablation/fp_ablation_pretrain/runs/fp-ablation-pretrain-balanced-fp-0.2-lambda/artifacts/shift_validation/h_epoch_0_step_17000.csv' is not in the subpath of 'results/ablation/fp_ablation_pretrain/runs/fp-ablation-pretrain-balanced-fp-0.2-lambda' OR one path is relative and the other is absolute.,1021,548dad4efd2d44bdb1ab7b048dcde920,fp-ablation-pretrain-balanced-fp-0.2-lambda,already_present
shift_validation/h_epoch_0_step_18000.csv,'/mnt/filesystem-test/nmr/results/ablation/fp_ablation_pretrain/runs/fp-ablation-pretrain-balanced-fp-0.2-lambda/artifacts/shift_validation/h_epoch_0_step_18000.csv' is not in the subpath of 'results/ablation/fp_ablation_pretrain/runs/fp-ablation-pretrain-balanced-fp-0.2-lambda' OR one path is relative and the other is absolute.,1014,548dad4efd2d44bdb1ab7b048dcde920,fp-ablation-pretrain-balanced-fp-0.2-lambda,already_present
shift_validation/h_epoch_0_step_19000.csv,'/mnt/filesystem-test/nmr/results/ablation/fp_ablation_pretrain/runs/fp-ablation-pretrain-balanced-fp-0.2-lambda/artifacts/shift_validation/h_epoch_0_step_19000.csv' is not in the subpath of 'results/ablation/fp_ablation_pretrain/runs/fp-ablation-pretrain-balanced-fp-0.2-lambda' OR one path is relative and the other is absolute.,1023,548dad4efd2d44bdb1ab7b048dcde920,fp-ablation-pretrain-balanced-fp-0.2-lambda,already_present
shift_validation/h_epoch_0_step_2000.csv,'/mnt/filesystem-test/nmr/results/ablation/fp_ablation_pretrain/runs/fp-ablation-pretrain-balanced-fp-0.2-lambda/artifacts/shift_validation/h_epoch_0_step_2000.csv' is not in the subpath of 'results/ablation/fp_ablation_pretrain/runs/fp-ablation-pretrain-balanced-fp-0.2-lambda' OR one path is relative and the other is absolute.,1017,548dad4efd2d44bdb1ab7b048dcde920,fp-ablation-pretrain-balanced-fp-0.2-lambda,already_present
shift_validation/h_epoch_0_step_20000.csv,'/mnt/filesystem-test/nmr/results/ablation/fp_ablation_pretrain/runs/fp-ablation-pretrain-balanced-fp-0.2-lambda/artifacts/shift_validation/h_epoch_0_step_20000.csv' is not in the subpath of 'results/ablation/fp_ablation_pretrain/runs/fp-ablation-pretrain-balanced-fp-0.2-lambda' OR one path is relative and the other is absolute.,1022,548dad4efd2d44bdb1ab7b048dcde920,fp-ablation-pretrain-balanced-fp-0.2-lambda,already_present
shift_validation/h_epoch_0_step_21000.csv,'/mnt/filesystem-test/nmr/results/ablation/fp_ablation_pretrain/runs/fp-ablation-pretrain-balanced-fp-0.2-lambda/artifacts/shift_validation/h_epoch_0_step_21000.csv' is not in the subpath of 'results/ablation/fp_ablation_pretrain/runs/fp-ablation-pretrain-balanced-fp-0.2-lambda' OR one path is relative and the other is absolute.,1014,548dad4efd2d44bdb1ab7b048dcde920,fp-ablation-pretrain-balanced-fp-0.2-lambda,already_present
shift_validation/h_epoch_0_step_22000.csv,'/mnt/filesystem-test/nmr/results/ablation/fp_ablation_pretrain/runs/fp-ablation-pretrain-balanced-fp-0.2-lambda/artifacts/shift_validation/h_epoch_0_step_22000.csv' is not in the subpath of 'results/ablation/fp_ablation_pretrain/runs/fp-ablation-pretrain-balanced-fp-0.2-lambda' OR one path is relative and the other is absolute.,1016,548dad4efd2d44bdb1ab7b048dcde920,fp-ablation-pretrain-balanced-fp-0.2-lambda,already_present
shift_validation/h_epoch_0_step_23000.csv,'/mnt/filesystem-test/nmr/results/ablation/fp_ablation_pretrain/runs/fp-ablation-pretrain-balanced-fp-0.2-lambda/artifacts/shift_validation/h_epoch_0_step_23000.csv' is not in the subpath of 'results/ablation/fp_ablation_pretrain/runs/fp-ablation-pretrain-balanced-fp-0.2-lambda' OR one path is relative and the other is absolute.,1019,548dad4efd2d44bdb1ab7b048dcde920,fp-ablation-pretrain-balanced-fp-0.2-lambda,already_present
shift_validation/h_epoch_0_step_24000.csv,'/mnt/filesystem-test/nmr/results/ablation/fp_ablation_pretrain/runs/fp-ablation-pretrain-balanced-fp-0.2-lambda/artifacts/shift_validation/h_epoch_0_step_24000.csv' is not in the subpath of 'results/ablation/fp_ablation_pretrain/runs/fp-ablation-pretrain-balanced-fp-0.2-lambda' OR one path is relative and the other is absolute.,1015,548dad4efd2d44bdb1ab7b048dcde920,fp-ablation-pretrain-balanced-fp-0.2-lambda,already_present
shift_validation/h_epoch_0_step_25000.csv,'/mnt/filesystem-test/nmr/results/ablation/fp_ablation_pretrain/runs/fp-ablation-pretrain-balanced-fp-0.2-lambda/artifacts/shift_validation/h_epoch_0_step_25000.csv' is not in the subpath of 'results/ablation/fp_ablation_pretrain/runs/fp-ablation-pretrain-balanced-fp-0.2-lambda' OR one path is relative and the other is absolute.,1019,548dad4efd2d44bdb1ab7b048dcde920,fp-ablation-pretrain-balanced-fp-0.2-lambda,already_present
shift_validation/h_epoch_0_step_26000.csv,'/mnt/filesystem-test/nmr/results/ablation/fp_ablation_pretrain/runs/fp-ablation-pretrain-balanced-fp-0.2-lambda/artifacts/shift_validation/h_epoch_0_step_26000.csv' is not in the subpath of 'results/ablation/fp_ablation_pretrain/runs/fp-ablation-pretrain-balanced-fp-0.2-lambda' OR one path is relative and the other is absolute.,1022,548dad4efd2d44bdb1ab7b048dcde920,fp-ablation-pretrain-balanced-fp-0.2-lambda,already_present
shift_validation/h_epoch_0_step_27000.csv,'/mnt/filesystem-test/nmr/results/ablation/fp_ablation_pretrain/runs/fp-ablation-pretrain-balanced-fp-0.2-lambda/artifacts/shift_validation/h_epoch_0_step_27000.csv' is not in the subpath of 'results/ablation/fp_ablation_pretrain/runs/fp-ablation-pretrain-balanced-fp-0.2-lambda' OR one path is relative and the other is absolute.,1024,548dad4efd2d44bdb1ab7b048dcde920,fp-ablation-pretrain-balanced-fp-0.2-lambda,already_present
shift_validation/h_epoch_0_step_28000.csv,'/mnt/filesystem-test/nmr/results/ablation/fp_ablation_pretrain/runs/fp-ablation-pretrain-balanced-fp-0.2-lambda/artifacts/shift_validation/h_epoch_0_step_28000.csv' is not in the subpath of 'results/ablation/fp_ablation_pretrain/runs/fp-ablation-pretrain-balanced-fp-0.2-lambda' OR one path is relative and the other is absolute.,1016,548dad4efd2d44bdb1ab7b048dcde920,fp-ablation-pretrain-balanced-fp-0.2-lambda,already_present
shift_validation/h_epoch_0_step_29000.csv,'/mnt/filesystem-test/nmr/results/ablation/fp_ablation_pretrain/runs/fp-ablation-pretrain-balanced-fp-0.2-lambda/artifacts/shift_validation/h_epoch_0_step_29000.csv' is not in the subpath of 'results/ablation/fp_ablation_pretrain/runs/fp-ablation-pretrain-balanced-fp-0.2-lambda' OR one path is relative and the other is absolute.,1017,548dad4efd2d44bdb1ab7b048dcde920,fp-ablation-pretrain-balanced-fp-0.2-lambda,already_present
shift_validation/h_epoch_0_step_3000.csv,'/mnt/filesystem-test/nmr/results/ablation/fp_ablation_pretrain/runs/fp-ablation-pretrain-balanced-fp-0.2-lambda/artifacts/shift_validation/h_epoch_0_step_3000.csv' is not in the subpath of 'results/ablation/fp_ablation_pretrain/runs/fp-ablation-pretrain-balanced-fp-0.2-lambda' OR one path is relative and the other is absolute.,1013,548dad4efd2d44bdb1ab7b048dcde920,fp-ablation-pretrain-balanced-fp-0.2-lambda,already_present
shift_validation/h_epoch_0_step_30000.csv,'/mnt/filesystem-test/nmr/results/ablation/fp_ablation_pretrain/runs/fp-ablation-pretrain-balanced-fp-0.2-lambda/artifacts/shift_validation/h_epoch_0_step_30000.csv' is not in the subpath of 'results/ablation/fp_ablation_pretrain/runs/fp-ablation-pretrain-balanced-fp-0.2-lambda' OR one path is relative and the other is absolute.,1019,548dad4efd2d44bdb1ab7b048dcde920,fp-ablation-pretrain-balanced-fp-0.2-lambda,already_present
shift_validation/h_epoch_0_step_4000.csv,'/mnt/filesystem-test/nmr/results/ablation/fp_ablation_pretrain/runs/fp-ablation-pretrain-balanced-fp-0.2-lambda/artifacts/shift_validation/h_epoch_0_step_4000.csv' is not in the subpath of 'results/ablation/fp_ablation_pretrain/runs/fp-ablation-pretrain-balanced-fp-0.2-lambda' OR one path is relative and the other is absolute.,1016,548dad4efd2d44bdb1ab7b048dcde920,fp-ablation-pretrain-balanced-fp-0.2-lambda,already_present
shift_validation/h_epoch_0_step_5000.csv,'/mnt/filesystem-test/nmr/results/ablation/fp_ablation_pretrain/runs/fp-ablation-pretrain-balanced-fp-0.2-lambda/artifacts/shift_validation/h_epoch_0_step_5000.csv' is not in the subpath of 'results/ablation/fp_ablation_pretrain/runs/fp-ablation-pretrain-balanced-fp-0.2-lambda' OR one path is relative and the other is absolute.,1015,548dad4efd2d44bdb1ab7b048dcde920,fp-ablation-pretrain-balanced-fp-0.2-lambda,already_present
shift_validation/h_epoch_0_step_6000.csv,'/mnt/filesystem-test/nmr/results/ablation/fp_ablation_pretrain/runs/fp-ablation-pretrain-balanced-fp-0.2-lambda/artifacts/shift_validation/h_epoch_0_step_6000.csv' is not in the subpath of 'results/ablation/fp_ablation_pretrain/runs/fp-ablation-pretrain-balanced-fp-0.2-lambda' OR one path is relative and the other is absolute.,1021,548dad4efd2d44bdb1ab7b048dcde920,fp-ablation-pretrain-balanced-fp-0.2-lambda,already_present
shift_validation/h_epoch_0_step_7000.csv,'/mnt/filesystem-test/nmr/results/ablation/fp_ablation_pretrain/runs/fp-ablation-pretrain-balanced-fp-0.2-lambda/artifacts/shift_validation/h_epoch_0_step_7000.csv' is not in the subpath of 'results/ablation/fp_ablation_pretrain/runs/fp-ablation-pretrain-balanced-fp-0.2-lambda' OR one path is relative and the other is absolute.,1013,548dad4efd2d44bdb1ab7b048dcde920,fp-ablation-pretrain-balanced-fp-0.2-lambda,already_present
shift_validation/h_epoch_0_step_8000.csv,'/mnt/filesystem-test/nmr/results/ablation/fp_ablation_pretrain/runs/fp-ablation-pretrain-balanced-fp-0.2-lambda/artifacts/shift_validation/h_epoch_0_step_8000.csv' is not in the subpath of 'results/ablation/fp_ablation_pretrain/runs/fp-ablation-pretrain-balanced-fp-0.2-lambda' OR one path is relative and the other is absolute.,1013,548dad4efd2d44bdb1ab7b048dcde920,fp-ablation-pretrain-balanced-fp-0.2-lambda,already_present
shift_validation/h_epoch_0_step_9000.csv,'/mnt/filesystem-test/nmr/results/ablation/fp_ablation_pretrain/runs/fp-ablation-pretrain-balanced-fp-0.2-lambda/artifacts/shift_validation/h_epoch_0_step_9000.csv' is not in the subpath of 'results/ablation/fp_ablation_pretrain/runs/fp-ablation-pretrain-balanced-fp-0.2-lambda' OR one path is relative and the other is absolute.,1018,548dad4efd2d44bdb1ab7b048dcde920,fp-ablation-pretrain-balanced-fp-0.2-lambda,already_present
fingerprint_validation/epoch_0_step_1000.csv,'/mnt/filesystem-test/nmr/results/ablation/fp_ablation_pretrain/runs/fp-ablation-pretrain-balanced-fp-0.2-lambda/artifacts/fingerprint_validation/epoch_0_step_1000.csv' is not in the subpath of 'results/ablation/fp_ablation_pretrain/runs/fp-ablation-pretrain-balanced-fp-0.2-lambda' OR one path is relative and the other is absolute.,319,548dad4efd2d44bdb1ab7b048dcde920,fp-ablation-pretrain-balanced-fp-0.2-lambda,already_present
fingerprint_validation/epoch_0_step_10000.csv,'/mnt/filesystem-test/nmr/results/ablation/fp_ablation_pretrain/runs/fp-ablation-pretrain-balanced-fp-0.2-lambda/artifacts/fingerprint_validation/epoch_0_step_10000.csv' is not in the subpath of 'results/ablation/fp_ablation_pretrain/runs/fp-ablation-pretrain-balanced-fp-0.2-lambda' OR one path is relative and the other is absolute.,318,548dad4efd2d44bdb1ab7b048dcde920,fp-ablation-pretrain-balanced-fp-0.2-lambda,already_present
fingerprint_validation/epoch_0_step_11000.csv,'/mnt/filesystem-test/nmr/results/ablation/fp_ablation_pretrain/runs/fp-ablation-pretrain-balanced-fp-0.2-lambda/artifacts/fingerprint_validation/epoch_0_step_11000.csv' is not in the subpath of 'results/ablation/fp_ablation_pretrain/runs/fp-ablation-pretrain-balanced-fp-0.2-lambda' OR one path is relative and the other is absolute.,321,548dad4efd2d44bdb1ab7b048dcde920,fp-ablation-pretrain-balanced-fp-0.2-lambda,already_present
fingerprint_validation/epoch_0_step_12000.csv,'/mnt/filesystem-test/nmr/results/ablation/fp_ablation_pretrain/runs/fp-ablation-pretrain-balanced-fp-0.2-lambda/artifacts/fingerprint_validation/epoch_0_step_12000.csv' is not in the subpath of 'results/ablation/fp_ablation_pretrain/runs/fp-ablation-pretrain-balanced-fp-0.2-lambda' OR one path is relative and the other is absolute.,318,548dad4efd2d44bdb1ab7b048dcde920,fp-ablation-pretrain-balanced-fp-0.2-lambda,already_present
fingerprint_validation/epoch_0_step_13000.csv,'/mnt/filesystem-test/nmr/results/ablation/fp_ablation_pretrain/runs/fp-ablation-pretrain-balanced-fp-0.2-lambda/artifacts/fingerprint_validation/epoch_0_step_13000.csv' is not in the subpath of 'results/ablation/fp_ablation_pretrain/runs/fp-ablation-pretrain-balanced-fp-0.2-lambda' OR one path is relative and the other is absolute.,320,548dad4efd2d44bdb1ab7b048dcde920,fp-ablation-pretrain-balanced-fp-0.2-lambda,already_present
fingerprint_validation/epoch_0_step_14000.csv,'/mnt/filesystem-test/nmr/results/ablation/fp_ablation_pretrain/runs/fp-ablation-pretrain-balanced-fp-0.2-lambda/artifacts/fingerprint_validation/epoch_0_step_14000.csv' is not in the subpath of 'results/ablation/fp_ablation_pretrain/runs/fp-ablation-pretrain-balanced-fp-0.2-lambda' OR one path is relative and the other is absolute.,316,548dad4efd2d44bdb1ab7b048dcde920,fp-ablation-pretrain-balanced-fp-0.2-lambda,already_present
fingerprint_validation/epoch_0_step_15000.csv,'/mnt/filesystem-test/nmr/results/ablation/fp_ablation_pretrain/runs/fp-ablation-pretrain-balanced-fp-0.2-lambda/artifacts/fingerprint_validation/epoch_0_step_15000.csv' is not in the subpath of 'results/ablation/fp_ablation_pretrain/runs/fp-ablation-pretrain-balanced-fp-0.2-lambda' OR one path is relative and the other is absolute.,318,548dad4efd2d44bdb1ab7b048dcde920,fp-ablation-pretrain-balanced-fp-0.2-lambda,already_present
fingerprint_validation/epoch_0_step_16000.csv,'/mnt/filesystem-test/nmr/results/ablation/fp_ablation_pretrain/runs/fp-ablation-pretrain-balanced-fp-0.2-lambda/artifacts/fingerprint_validation/epoch_0_step_16000.csv' is not in the subpath of 'results/ablation/fp_ablation_pretrain/runs/fp-ablation-pretrain-balanced-fp-0.2-lambda' OR one path is relative and the other is absolute.,318,548dad4efd2d44bdb1ab7b048dcde920,fp-ablation-pretrain-balanced-fp-0.2-lambda,already_present
fingerprint_validation/epoch_0_step_17000.csv,'/mnt/filesystem-test/nmr/results/ablation/fp_ablation_pretrain/runs/fp-ablation-pretrain-balanced-fp-0.2-lambda/artifacts/fingerprint_validation/epoch_0_step_17000.csv' is not in the subpath of 'results/ablation/fp_ablation_pretrain/runs/fp-ablation-pretrain-balanced-fp-0.2-lambda' OR one path is relative and the other is absolute.,320,548dad4efd2d44bdb1ab7b048dcde920,fp-ablation-pretrain-balanced-fp-0.2-lambda,already_present
fingerprint_validation/epoch_0_step_18000.csv,'/mnt/filesystem-test/nmr/results/ablation/fp_ablation_pretrain/runs/fp-ablation-pretrain-balanced-fp-0.2-lambda/artifacts/fingerprint_validation/epoch_0_step_18000.csv' is not in the subpath of 'results/ablation/fp_ablation_pretrain/runs/fp-ablation-pretrain-balanced-fp-0.2-lambda' OR one path is relative and the other is absolute.,320,548dad4efd2d44bdb1ab7b048dcde920,fp-ablation-pretrain-balanced-fp-0.2-lambda,already_present
fingerprint_validation/epoch_0_step_19000.csv,'/mnt/filesystem-test/nmr/results/ablation/fp_ablation_pretrain/runs/fp-ablation-pretrain-balanced-fp-0.2-lambda/artifacts/fingerprint_validation/epoch_0_step_19000.csv' is not in the subpath of 'results/ablation/fp_ablation_pretrain/runs/fp-ablation-pretrain-balanced-fp-0.2-lambda' OR one path is relative and the other is absolute.,316,548dad4efd2d44bdb1ab7b048dcde920,fp-ablation-pretrain-balanced-fp-0.2-lambda,already_present
fingerprint_validation/epoch_0_step_2000.csv,'/mnt/filesystem-test/nmr/results/ablation/fp_ablation_pretrain/runs/fp-ablation-pretrain-balanced-fp-0.2-lambda/artifacts/fingerprint_validation/epoch_0_step_2000.csv' is not in the subpath of 'results/ablation/fp_ablation_pretrain/runs/fp-ablation-pretrain-balanced-fp-0.2-lambda' OR one path is relative and the other is absolute.,316,548dad4efd2d44bdb1ab7b048dcde920,fp-ablation-pretrain-balanced-fp-0.2-lambda,already_present
fingerprint_validation/epoch_0_step_20000.csv,'/mnt/filesystem-test/nmr/results/ablation/fp_ablation_pretrain/runs/fp-ablation-pretrain-balanced-fp-0.2-lambda/artifacts/fingerprint_validation/epoch_0_step_20000.csv' is not in the subpath of 'results/ablation/fp_ablation_pretrain/runs/fp-ablation-pretrain-balanced-fp-0.2-lambda' OR one path is relative and the other is absolute.,319,548dad4efd2d44bdb1ab7b048dcde920,fp-ablation-pretrain-balanced-fp-0.2-lambda,already_present
fingerprint_validation/epoch_0_step_21000.csv,'/mnt/filesystem-test/nmr/results/ablation/fp_ablation_pretrain/runs/fp-ablation-pretrain-balanced-fp-0.2-lambda/artifacts/fingerprint_validation/epoch_0_step_21000.csv' is not in the subpath of 'results/ablation/fp_ablation_pretrain/runs/fp-ablation-pretrain-balanced-fp-0.2-lambda' OR one path is relative and the other is absolute.,318,548dad4efd2d44bdb1ab7b048dcde920,fp-ablation-pretrain-balanced-fp-0.2-lambda,already_present
fingerprint_validation/epoch_0_step_22000.csv,'/mnt/filesystem-test/nmr/results/ablation/fp_ablation_pretrain/runs/fp-ablation-pretrain-balanced-fp-0.2-lambda/artifacts/fingerprint_validation/epoch_0_step_22000.csv' is not in the subpath of 'results/ablation/fp_ablation_pretrain/runs/fp-ablation-pretrain-balanced-fp-0.2-lambda' OR one path is relative and the other is absolute.,316,548dad4efd2d44bdb1ab7b048dcde920,fp-ablation-pretrain-balanced-fp-0.2-lambda,already_present
fingerprint_validation/epoch_0_step_23000.csv,'/mnt/filesystem-test/nmr/results/ablation/fp_ablation_pretrain/runs/fp-ablation-pretrain-balanced-fp-0.2-lambda/artifacts/fingerprint_validation/epoch_0_step_23000.csv' is not in the subpath of 'results/ablation/fp_ablation_pretrain/runs/fp-ablation-pretrain-balanced-fp-0.2-lambda' OR one path is relative and the other is absolute.,321,548dad4efd2d44bdb1ab7b048dcde920,fp-ablation-pretrain-balanced-fp-0.2-lambda,already_present
fingerprint_validation/epoch_0_step_24000.csv,'/mnt/filesystem-test/nmr/results/ablation/fp_ablation_pretrain/runs/fp-ablation-pretrain-balanced-fp-0.2-lambda/artifacts/fingerprint_validation/epoch_0_step_24000.csv' is not in the subpath of 'results/ablation/fp_ablation_pretrain/runs/fp-ablation-pretrain-balanced-fp-0.2-lambda' OR one path is relative and the other is absolute.,316,548dad4efd2d44bdb1ab7b048dcde920,fp-ablation-pretrain-balanced-fp-0.2-lambda,already_present
fingerprint_validation/epoch_0_step_25000.csv,'/mnt/filesystem-test/nmr/results/ablation/fp_ablation_pretrain/runs/fp-ablation-pretrain-balanced-fp-0.2-lambda/artifacts/fingerprint_validation/epoch_0_step_25000.csv' is not in the subpath of 'results/ablation/fp_ablation_pretrain/runs/fp-ablation-pretrain-balanced-fp-0.2-lambda' OR one path is relative and the other is absolute.,318,548dad4efd2d44bdb1ab7b048dcde920,fp-ablation-pretrain-balanced-fp-0.2-lambda,already_present
fingerprint_validation/epoch_0_step_26000.csv,'/mnt/filesystem-test/nmr/results/ablation/fp_ablation_pretrain/runs/fp-ablation-pretrain-balanced-fp-0.2-lambda/artifacts/fingerprint_validation/epoch_0_step_26000.csv' is not in the subpath of 'results/ablation/fp_ablation_pretrain/runs/fp-ablation-pretrain-balanced-fp-0.2-lambda' OR one path is relative and the other is absolute.,320,548dad4efd2d44bdb1ab7b048dcde920,fp-ablation-pretrain-balanced-fp-0.2-lambda,already_present
fingerprint_validation/epoch_0_step_27000.csv,'/mnt/filesystem-test/nmr/results/ablation/fp_ablation_pretrain/runs/fp-ablation-pretrain-balanced-fp-0.2-lambda/artifacts/fingerprint_validation/epoch_0_step_27000.csv' is not in the subpath of 'results/ablation/fp_ablation_pretrain/runs/fp-ablation-pretrain-balanced-fp-0.2-lambda' OR one path is relative and the other is absolute.,320,548dad4efd2d44bdb1ab7b048dcde920,fp-ablation-pretrain-balanced-fp-0.2-lambda,already_present
fingerprint_validation/epoch_0_step_28000.csv,'/mnt/filesystem-test/nmr/results/ablation/fp_ablation_pretrain/runs/fp-ablation-pretrain-balanced-fp-0.2-lambda/artifacts/fingerprint_validation/epoch_0_step_28000.csv' is not in the subpath of 'results/ablation/fp_ablation_pretrain/runs/fp-ablation-pretrain-balanced-fp-0.2-lambda' OR one path is relative and the other is absolute.,318,548dad4efd2d44bdb1ab7b048dcde920,fp-ablation-pretrain-balanced-fp-0.2-lambda,already_present
fingerprint_validation/epoch_0_step_29000.csv,'/mnt/filesystem-test/nmr/results/ablation/fp_ablation_pretrain/runs/fp-ablation-pretrain-balanced-fp-0.2-lambda/artifacts/fingerprint_validation/epoch_0_step_29000.csv' is not in the subpath of 'results/ablation/fp_ablation_pretrain/runs/fp-ablation-pretrain-balanced-fp-0.2-lambda' OR one path is relative and the other is absolute.,319,548dad4efd2d44bdb1ab7b048dcde920,fp-ablation-pretrain-balanced-fp-0.2-lambda,already_present
fingerprint_validation/epoch_0_step_3000.csv,'/mnt/filesystem-test/nmr/results/ablation/fp_ablation_pretrain/runs/fp-ablation-pretrain-balanced-fp-0.2-lambda/artifacts/fingerprint_validation/epoch_0_step_3000.csv' is not in the subpath of 'results/ablation/fp_ablation_pretrain/runs/fp-ablation-pretrain-balanced-fp-0.2-lambda' OR one path is relative and the other is absolute.,322,548dad4efd2d44bdb1ab7b048dcde920,fp-ablation-pretrain-balanced-fp-0.2-lambda,already_present
fingerprint_validation/epoch_0_step_30000.csv,'/mnt/filesystem-test/nmr/results/ablation/fp_ablation_pretrain/runs/fp-ablation-pretrain-balanced-fp-0.2-lambda/artifacts/fingerprint_validation/epoch_0_step_30000.csv' is not in the subpath of 'results/ablation/fp_ablation_pretrain/runs/fp-ablation-pretrain-balanced-fp-0.2-lambda' OR one path is relative and the other is absolute.,313,548dad4efd2d44bdb1ab7b048dcde920,fp-ablation-pretrain-balanced-fp-0.2-lambda,already_present
fingerprint_validation/epoch_0_step_4000.csv,'/mnt/filesystem-test/nmr/results/ablation/fp_ablation_pretrain/runs/fp-ablation-pretrain-balanced-fp-0.2-lambda/artifacts/fingerprint_validation/epoch_0_step_4000.csv' is not in the subpath of 'results/ablation/fp_ablation_pretrain/runs/fp-ablation-pretrain-balanced-fp-0.2-lambda' OR one path is relative and the other is absolute.,318,548dad4efd2d44bdb1ab7b048dcde920,fp-ablation-pretrain-balanced-fp-0.2-lambda,already_present
fingerprint_validation/epoch_0_step_5000.csv,'/mnt/filesystem-test/nmr/results/ablation/fp_ablation_pretrain/runs/fp-ablation-pretrain-balanced-fp-0.2-lambda/artifacts/fingerprint_validation/epoch_0_step_5000.csv' is not in the subpath of 'results/ablation/fp_ablation_pretrain/runs/fp-ablation-pretrain-balanced-fp-0.2-lambda' OR one path is relative and the other is absolute.,318,548dad4efd2d44bdb1ab7b048dcde920,fp-ablation-pretrain-balanced-fp-0.2-lambda,already_present
fingerprint_validation/epoch_0_step_6000.csv,'/mnt/filesystem-test/nmr/results/ablation/fp_ablation_pretrain/runs/fp-ablation-pretrain-balanced-fp-0.2-lambda/artifacts/fingerprint_validation/epoch_0_step_6000.csv' is not in the subpath of 'results/ablation/fp_ablation_pretrain/runs/fp-ablation-pretrain-balanced-fp-0.2-lambda' OR one path is relative and the other is absolute.,319,548dad4efd2d44bdb1ab7b048dcde920,fp-ablation-pretrain-balanced-fp-0.2-lambda,already_present
fingerprint_validation/epoch_0_step_7000.csv,'/mnt/filesystem-test/nmr/results/ablation/fp_ablation_pretrain/runs/fp-ablation-pretrain-balanced-fp-0.2-lambda/artifacts/fingerprint_validation/epoch_0_step_7000.csv' is not in the subpath of 'results/ablation/fp_ablation_pretrain/runs/fp-ablation-pretrain-balanced-fp-0.2-lambda' OR one path is relative and the other is absolute.,316,548dad4efd2d44bdb1ab7b048dcde920,fp-ablation-pretrain-balanced-fp-0.2-lambda,already_present
fingerprint_validation/epoch_0_step_8000.csv,'/mnt/filesystem-test/nmr/results/ablation/fp_ablation_pretrain/runs/fp-ablation-pretrain-balanced-fp-0.2-lambda/artifacts/fingerprint_validation/epoch_0_step_8000.csv' is not in the subpath of 'results/ablation/fp_ablation_pretrain/runs/fp-ablation-pretrain-balanced-fp-0.2-lambda' OR one path is relative and the other is absolute.,318,548dad4efd2d44bdb1ab7b048dcde920,fp-ablation-pretrain-balanced-fp-0.2-lambda,already_present
fingerprint_validation/epoch_0_step_9000.csv,'/mnt/filesystem-test/nmr/results/ablation/fp_ablation_pretrain/runs/fp-ablation-pretrain-balanced-fp-0.2-lambda/artifacts/fingerprint_validation/epoch_0_step_9000.csv' is not in the subpath of 'results/ablation/fp_ablation_pretrain/runs/fp-ablation-pretrain-balanced-fp-0.2-lambda' OR one path is relative and the other is absolute.,319,548dad4efd2d44bdb1ab7b048dcde920,fp-ablation-pretrain-balanced-fp-0.2-lambda,already_present
shift_validation/c_epoch_0_step_1000.csv,'/mnt/filesystem-test/nmr/results/ablation/fp_ablation_pretrain/runs/fp-ablation-pretrain-morgan-bits/artifacts/shift_validation/c_epoch_0_step_1000.csv' is not in the subpath of 'results/ablation/fp_ablation_pretrain/runs/fp-ablation-pretrain-morgan-bits' OR one path is relative and the other is absolute.,1037,196d88c715ba4e5583835416d893276a,fp-ablation-pretrain-morgan-bits,already_present
shift_validation/c_epoch_0_step_10000.csv,'/mnt/filesystem-test/nmr/results/ablation/fp_ablation_pretrain/runs/fp-ablation-pretrain-morgan-bits/artifacts/shift_validation/c_epoch_0_step_10000.csv' is not in the subpath of 'results/ablation/fp_ablation_pretrain/runs/fp-ablation-pretrain-morgan-bits' OR one path is relative and the other is absolute.,1040,196d88c715ba4e5583835416d893276a,fp-ablation-pretrain-morgan-bits,already_present
shift_validation/c_epoch_0_step_11000.csv,'/mnt/filesystem-test/nmr/results/ablation/fp_ablation_pretrain/runs/fp-ablation-pretrain-morgan-bits/artifacts/shift_validation/c_epoch_0_step_11000.csv' is not in the subpath of 'results/ablation/fp_ablation_pretrain/runs/fp-ablation-pretrain-morgan-bits' OR one path is relative and the other is absolute.,1041,196d88c715ba4e5583835416d893276a,fp-ablation-pretrain-morgan-bits,already_present
shift_validation/c_epoch_0_step_12000.csv,'/mnt/filesystem-test/nmr/results/ablation/fp_ablation_pretrain/runs/fp-ablation-pretrain-morgan-bits/artifacts/shift_validation/c_epoch_0_step_12000.csv' is not in the subpath of 'results/ablation/fp_ablation_pretrain/runs/fp-ablation-pretrain-morgan-bits' OR one path is relative and the other is absolute.,1038,196d88c715ba4e5583835416d893276a,fp-ablation-pretrain-morgan-bits,already_present
shift_validation/c_epoch_0_step_13000.csv,'/mnt/filesystem-test/nmr/results/ablation/fp_ablation_pretrain/runs/fp-ablation-pretrain-morgan-bits/artifacts/shift_validation/c_epoch_0_step_13000.csv' is not in the subpath of 'results/ablation/fp_ablation_pretrain/runs/fp-ablation-pretrain-morgan-bits' OR one path is relative and the other is absolute.,1039,196d88c715ba4e5583835416d893276a,fp-ablation-pretrain-morgan-bits,already_present
shift_validation/c_epoch_0_step_14000.csv,'/mnt/filesystem-test/nmr/results/ablation/fp_ablation_pretrain/runs/fp-ablation-pretrain-morgan-bits/artifacts/shift_validation/c_epoch_0_step_14000.csv' is not in the subpath of 'results/ablation/fp_ablation_pretrain/runs/fp-ablation-pretrain-morgan-bits' OR one path is relative and the other is absolute.,1032,196d88c715ba4e5583835416d893276a,fp-ablation-pretrain-morgan-bits,already_present
shift_validation/c_epoch_0_step_15000.csv,'/mnt/filesystem-test/nmr/results/ablation/fp_ablation_pretrain/runs/fp-ablation-pretrain-morgan-bits/artifacts/shift_validation/c_epoch_0_step_15000.csv' is not in the subpath of 'results/ablation/fp_ablation_pretrain/runs/fp-ablation-pretrain-morgan-bits' OR one path is relative and the other is absolute.,1038,196d88c715ba4e5583835416d893276a,fp-ablation-pretrain-morgan-bits,already_present
shift_validation/c_epoch_0_step_16000.csv,'/mnt/filesystem-test/nmr/results/ablation/fp_ablation_pretrain/runs/fp-ablation-pretrain-morgan-bits/artifacts/shift_validation/c_epoch_0_step_16000.csv' is not in the subpath of 'results/ablation/fp_ablation_pretrain/runs/fp-ablation-pretrain-morgan-bits' OR one path is relative and the other is absolute.,1042,196d88c715ba4e5583835416d893276a,fp-ablation-pretrain-morgan-bits,already_present
shift_validation/c_epoch_0_step_17000.csv,'/mnt/filesystem-test/nmr/results/ablation/fp_ablation_pretrain/runs/fp-ablation-pretrain-morgan-bits/artifacts/shift_validation/c_epoch_0_step_17000.csv' is not in the subpath of 'results/ablation/fp_ablation_pretrain/runs/fp-ablation-pretrain-morgan-bits' OR one path is relative and the other is absolute.,1041,196d88c715ba4e5583835416d893276a,fp-ablation-pretrain-morgan-bits,already_present
shift_validation/c_epoch_0_step_18000.csv,'/mnt/filesystem-test/nmr/results/ablation/fp_ablation_pretrain/runs/fp-ablation-pretrain-morgan-bits/artifacts/shift_validation/c_epoch_0_step_18000.csv' is not in the subpath of 'results/ablation/fp_ablation_pretrain/runs/fp-ablation-pretrain-morgan-bits' OR one path is relative and the other is absolute.,1043,196d88c715ba4e5583835416d893276a,fp-ablation-pretrain-morgan-bits,already_present
shift_validation/c_epoch_0_step_19000.csv,'/mnt/filesystem-test/nmr/results/ablation/fp_ablation_pretrain/runs/fp-ablation-pretrain-morgan-bits/artifacts/shift_validation/c_epoch_0_step_19000.csv' is not in the subpath of 'results/ablation/fp_ablation_pretrain/runs/fp-ablation-pretrain-morgan-bits' OR one path is relative and the other is absolute.,1041,196d88c715ba4e5583835416d893276a,fp-ablation-pretrain-morgan-bits,already_present
shift_validation/c_epoch_0_step_2000.csv,'/mnt/filesystem-test/nmr/results/ablation/fp_ablation_pretrain/runs/fp-ablation-pretrain-morgan-bits/artifacts/shift_validation/c_epoch_0_step_2000.csv' is not in the subpath of 'results/ablation/fp_ablation_pretrain/runs/fp-ablation-pretrain-morgan-bits' OR one path is relative and the other is absolute.,1036,196d88c715ba4e5583835416d893276a,fp-ablation-pretrain-morgan-bits,already_present
shift_validation/c_epoch_0_step_20000.csv,'/mnt/filesystem-test/nmr/results/ablation/fp_ablation_pretrain/runs/fp-ablation-pretrain-morgan-bits/artifacts/shift_validation/c_epoch_0_step_20000.csv' is not in the subpath of 'results/ablation/fp_ablation_pretrain/runs/fp-ablation-pretrain-morgan-bits' OR one path is relative and the other is absolute.,1040,196d88c715ba4e5583835416d893276a,fp-ablation-pretrain-morgan-bits,already_present
shift_validation/c_epoch_0_step_21000.csv,'/mnt/filesystem-test/nmr/results/ablation/fp_ablation_pretrain/runs/fp-ablation-pretrain-morgan-bits/artifacts/shift_validation/c_epoch_0_step_21000.csv' is not in the subpath of 'results/ablation/fp_ablation_pretrain/runs/fp-ablation-pretrain-morgan-bits' OR one path is relative and the other is absolute.,1037,196d88c715ba4e5583835416d893276a,fp-ablation-pretrain-morgan-bits,already_present
shift_validation/c_epoch_0_step_22000.csv,'/mnt/filesystem-test/nmr/results/ablation/fp_ablation_pretrain/runs/fp-ablation-pretrain-morgan-bits/artifacts/shift_validation/c_epoch_0_step_22000.csv' is not in the subpath of 'results/ablation/fp_ablation_pretrain/runs/fp-ablation-pretrain-morgan-bits' OR one path is relative and the other is absolute.,1043,196d88c715ba4e5583835416d893276a,fp-ablation-pretrain-morgan-bits,already_present
shift_validation/c_epoch_0_step_23000.csv,'/mnt/filesystem-test/nmr/results/ablation/fp_ablation_pretrain/runs/fp-ablation-pretrain-morgan-bits/artifacts/shift_validation/c_epoch_0_step_23000.csv' is not in the subpath of 'results/ablation/fp_ablation_pretrain/runs/fp-ablation-pretrain-morgan-bits' OR one path is relative and the other is absolute.,1038,196d88c715ba4e5583835416d893276a,fp-ablation-pretrain-morgan-bits,already_present
shift_validation/c_epoch_0_step_24000.csv,'/mnt/filesystem-test/nmr/results/ablation/fp_ablation_pretrain/runs/fp-ablation-pretrain-morgan-bits/artifacts/shift_validation/c_epoch_0_step_24000.csv' is not in the subpath of 'results/ablation/fp_ablation_pretrain/runs/fp-ablation-pretrain-morgan-bits' OR one path is relative and the other is absolute.,1038,196d88c715ba4e5583835416d893276a,fp-ablation-pretrain-morgan-bits,already_present
shift_validation/c_epoch_0_step_25000.csv,'/mnt/filesystem-test/nmr/results/ablation/fp_ablation_pretrain/runs/fp-ablation-pretrain-morgan-bits/artifacts/shift_validation/c_epoch_0_step_25000.csv' is not in the subpath of 'results/ablation/fp_ablation_pretrain/runs/fp-ablation-pretrain-morgan-bits' OR one path is relative and the other is absolute.,1041,196d88c715ba4e5583835416d893276a,fp-ablation-pretrain-morgan-bits,already_present
shift_validation/c_epoch_0_step_26000.csv,'/mnt/filesystem-test/nmr/results/ablation/fp_ablation_pretrain/runs/fp-ablation-pretrain-morgan-bits/artifacts/shift_validation/c_epoch_0_step_26000.csv' is not in the subpath of 'results/ablation/fp_ablation_pretrain/runs/fp-ablation-pretrain-morgan-bits' OR one path is relative and the other is absolute.,1039,196d88c715ba4e5583835416d893276a,fp-ablation-pretrain-morgan-bits,already_present
shift_validation/c_epoch_0_step_27000.csv,'/mnt/filesystem-test/nmr/results/ablation/fp_ablation_pretrain/runs/fp-ablation-pretrain-morgan-bits/artifacts/shift_validation/c_epoch_0_step_27000.csv' is not in the subpath of 'results/ablation/fp_ablation_pretrain/runs/fp-ablation-pretrain-morgan-bits' OR one path is relative and the other is absolute.,1042,196d88c715ba4e5583835416d893276a,fp-ablation-pretrain-morgan-bits,already_present
shift_validation/c_epoch_0_step_28000.csv,'/mnt/filesystem-test/nmr/results/ablation/fp_ablation_pretrain/runs/fp-ablation-pretrain-morgan-bits/artifacts/shift_validation/c_epoch_0_step_28000.csv' is not in the subpath of 'results/ablation/fp_ablation_pretrain/runs/fp-ablation-pretrain-morgan-bits' OR one path is relative and the other is absolute.,1036,196d88c715ba4e5583835416d893276a,fp-ablation-pretrain-morgan-bits,already_present
shift_validation/c_epoch_0_step_29000.csv,'/mnt/filesystem-test/nmr/results/ablation/fp_ablation_pretrain/runs/fp-ablation-pretrain-morgan-bits/artifacts/shift_validation/c_epoch_0_step_29000.csv' is not in the subpath of 'results/ablation/fp_ablation_pretrain/runs/fp-ablation-pretrain-morgan-bits' OR one path is relative and the other is absolute.,1041,196d88c715ba4e5583835416d893276a,fp-ablation-pretrain-morgan-bits,already_present
shift_validation/c_epoch_0_step_3000.csv,'/mnt/filesystem-test/nmr/results/ablation/fp_ablation_pretrain/runs/fp-ablation-pretrain-morgan-bits/artifacts/shift_validation/c_epoch_0_step_3000.csv' is not in the subpath of 'results/ablation/fp_ablation_pretrain/runs/fp-ablation-pretrain-morgan-bits' OR one path is relative and the other is absolute.,1039,196d88c715ba4e5583835416d893276a,fp-ablation-pretrain-morgan-bits,already_present
shift_validation/c_epoch_0_step_30000.csv,'/mnt/filesystem-test/nmr/results/ablation/fp_ablation_pretrain/runs/fp-ablation-pretrain-morgan-bits/artifacts/shift_validation/c_epoch_0_step_30000.csv' is not in the subpath of 'results/ablation/fp_ablation_pretrain/runs/fp-ablation-pretrain-morgan-bits' OR one path is relative and the other is absolute.,1036,196d88c715ba4e5583835416d893276a,fp-ablation-pretrain-morgan-bits,already_present
shift_validation/c_epoch_0_step_4000.csv,'/mnt/filesystem-test/nmr/results/ablation/fp_ablation_pretrain/runs/fp-ablation-pretrain-morgan-bits/artifacts/shift_validation/c_epoch_0_step_4000.csv' is not in the subpath of 'results/ablation/fp_ablation_pretrain/runs/fp-ablation-pretrain-morgan-bits' OR one path is relative and the other is absolute.,1041,196d88c715ba4e5583835416d893276a,fp-ablation-pretrain-morgan-bits,already_present
shift_validation/c_epoch_0_step_5000.csv,'/mnt/filesystem-test/nmr/results/ablation/fp_ablation_pretrain/runs/fp-ablation-pretrain-morgan-bits/artifacts/shift_validation/c_epoch_0_step_5000.csv' is not in the subpath of 'results/ablation/fp_ablation_pretrain/runs/fp-ablation-pretrain-morgan-bits' OR one path is relative and the other is absolute.,1029,196d88c715ba4e5583835416d893276a,fp-ablation-pretrain-morgan-bits,already_present
shift_validation/c_epoch_0_step_6000.csv,'/mnt/filesystem-test/nmr/results/ablation/fp_ablation_pretrain/runs/fp-ablation-pretrain-morgan-bits/artifacts/shift_validation/c_epoch_0_step_6000.csv' is not in the subpath of 'results/ablation/fp_ablation_pretrain/runs/fp-ablation-pretrain-morgan-bits' OR one path is relative and the other is absolute.,1041,196d88c715ba4e5583835416d893276a,fp-ablation-pretrain-morgan-bits,already_present
shift_validation/c_epoch_0_step_7000.csv,'/mnt/filesystem-test/nmr/results/ablation/fp_ablation_pretrain/runs/fp-ablation-pretrain-morgan-bits/artifacts/shift_validation/c_epoch_0_step_7000.csv' is not in the subpath of 'results/ablation/fp_ablation_pretrain/runs/fp-ablation-pretrain-morgan-bits' OR one path is relative and the other is absolute.,1037,196d88c715ba4e5583835416d893276a,fp-ablation-pretrain-morgan-bits,already_present
shift_validation/c_epoch_0_step_8000.csv,'/mnt/filesystem-test/nmr/results/ablation/fp_ablation_pretrain/runs/fp-ablation-pretrain-morgan-bits/artifacts/shift_validation/c_epoch_0_step_8000.csv' is not in the subpath of 'results/ablation/fp_ablation_pretrain/runs/fp-ablation-pretrain-morgan-bits' OR one path is relative and the other is absolute.,1038,196d88c715ba4e5583835416d893276a,fp-ablation-pretrain-morgan-bits,already_present
shift_validation/c_epoch_0_step_9000.csv,'/mnt/filesystem-test/nmr/results/ablation/fp_ablation_pretrain/runs/fp-ablation-pretrain-morgan-bits/artifacts/shift_validation/c_epoch_0_step_9000.csv' is not in the subpath of 'results/ablation/fp_ablation_pretrain/runs/fp-ablation-pretrain-morgan-bits' OR one path is relative and the other is absolute.,1040,196d88c715ba4e5583835416d893276a,fp-ablation-pretrain-morgan-bits,already_present
shift_validation/h_epoch_0_step_1000.csv,'/mnt/filesystem-test/nmr/results/ablation/fp_ablation_pretrain/runs/fp-ablation-pretrain-morgan-bits/artifacts/shift_validation/h_epoch_0_step_1000.csv' is not in the subpath of 'results/ablation/fp_ablation_pretrain/runs/fp-ablation-pretrain-morgan-bits' OR one path is relative and the other is absolute.,1018,196d88c715ba4e5583835416d893276a,fp-ablation-pretrain-morgan-bits,already_present
shift_validation/h_epoch_0_step_10000.csv,'/mnt/filesystem-test/nmr/results/ablation/fp_ablation_pretrain/runs/fp-ablation-pretrain-morgan-bits/artifacts/shift_validation/h_epoch_0_step_10000.csv' is not in the subpath of 'results/ablation/fp_ablation_pretrain/runs/fp-ablation-pretrain-morgan-bits' OR one path is relative and the other is absolute.,1018,196d88c715ba4e5583835416d893276a,fp-ablation-pretrain-morgan-bits,already_present
shift_validation/h_epoch_0_step_11000.csv,'/mnt/filesystem-test/nmr/results/ablation/fp_ablation_pretrain/runs/fp-ablation-pretrain-morgan-bits/artifacts/shift_validation/h_epoch_0_step_11000.csv' is not in the subpath of 'results/ablation/fp_ablation_pretrain/runs/fp-ablation-pretrain-morgan-bits' OR one path is relative and the other is absolute.,1016,196d88c715ba4e5583835416d893276a,fp-ablation-pretrain-morgan-bits,already_present
shift_validation/h_epoch_0_step_12000.csv,'/mnt/filesystem-test/nmr/results/ablation/fp_ablation_pretrain/runs/fp-ablation-pretrain-morgan-bits/artifacts/shift_validation/h_epoch_0_step_12000.csv' is not in the subpath of 'results/ablation/fp_ablation_pretrain/runs/fp-ablation-pretrain-morgan-bits' OR one path is relative and the other is absolute.,1016,196d88c715ba4e5583835416d893276a,fp-ablation-pretrain-morgan-bits,already_present
shift_validation/h_epoch_0_step_13000.csv,'/mnt/filesystem-test/nmr/results/ablation/fp_ablation_pretrain/runs/fp-ablation-pretrain-morgan-bits/artifacts/shift_validation/h_epoch_0_step_13000.csv' is not in the subpath of 'results/ablation/fp_ablation_pretrain/runs/fp-ablation-pretrain-morgan-bits' OR one path is relative and the other is absolute.,1016,196d88c715ba4e5583835416d893276a,fp-ablation-pretrain-morgan-bits,already_present
shift_validation/h_epoch_0_step_14000.csv,'/mnt/filesystem-test/nmr/results/ablation/fp_ablation_pretrain/runs/fp-ablation-pretrain-morgan-bits/artifacts/shift_validation/h_epoch_0_step_14000.csv' is not in the subpath of 'results/ablation/fp_ablation_pretrain/runs/fp-ablation-pretrain-morgan-bits' OR one path is relative and the other is absolute.,1022,196d88c715ba4e5583835416d893276a,fp-ablation-pretrain-morgan-bits,already_present
shift_validation/h_epoch_0_step_15000.csv,'/mnt/filesystem-test/nmr/results/ablation/fp_ablation_pretrain/runs/fp-ablation-pretrain-morgan-bits/artifacts/shift_validation/h_epoch_0_step_15000.csv' is not in the subpath of 'results/ablation/fp_ablation_pretrain/runs/fp-ablation-pretrain-morgan-bits' OR one path is relative and the other is absolute.,1020,196d88c715ba4e5583835416d893276a,fp-ablation-pretrain-morgan-bits,already_present
shift_validation/h_epoch_0_step_16000.csv,'/mnt/filesystem-test/nmr/results/ablation/fp_ablation_pretrain/runs/fp-ablation-pretrain-morgan-bits/artifacts/shift_validation/h_epoch_0_step_16000.csv' is not in the subpath of 'results/ablation/fp_ablation_pretrain/runs/fp-ablation-pretrain-morgan-bits' OR one path is relative and the other is absolute.,1016,196d88c715ba4e5583835416d893276a,fp-ablation-pretrain-morgan-bits,already_present
shift_validation/h_epoch_0_step_17000.csv,'/mnt/filesystem-test/nmr/results/ablation/fp_ablation_pretrain/runs/fp-ablation-pretrain-morgan-bits/artifacts/shift_validation/h_epoch_0_step_17000.csv' is not in the subpath of 'results/ablation/fp_ablation_pretrain/runs/fp-ablation-pretrain-morgan-bits' OR one path is relative and the other is absolute.,1027,196d88c715ba4e5583835416d893276a,fp-ablation-pretrain-morgan-bits,already_present
shift_validation/h_epoch_0_step_18000.csv,'/mnt/filesystem-test/nmr/results/ablation/fp_ablation_pretrain/runs/fp-ablation-pretrain-morgan-bits/artifacts/shift_validation/h_epoch_0_step_18000.csv' is not in the subpath of 'results/ablation/fp_ablation_pretrain/runs/fp-ablation-pretrain-morgan-bits' OR one path is relative and the other is absolute.,1022,196d88c715ba4e5583835416d893276a,fp-ablation-pretrain-morgan-bits,already_present
shift_validation/h_epoch_0_step_19000.csv,'/mnt/filesystem-test/nmr/results/ablation/fp_ablation_pretrain/runs/fp-ablation-pretrain-morgan-bits/artifacts/shift_validation/h_epoch_0_step_19000.csv' is not in the subpath of 'results/ablation/fp_ablation_pretrain/runs/fp-ablation-pretrain-morgan-bits' OR one path is relative and the other is absolute.,1015,196d88c715ba4e5583835416d893276a,fp-ablation-pretrain-morgan-bits,already_present
shift_validation/h_epoch_0_step_2000.csv,'/mnt/filesystem-test/nmr/results/ablation/fp_ablation_pretrain/runs/fp-ablation-pretrain-morgan-bits/artifacts/shift_validation/h_epoch_0_step_2000.csv' is not in the subpath of 'results/ablation/fp_ablation_pretrain/runs/fp-ablation-pretrain-morgan-bits' OR one path is relative and the other is absolute.,1015,196d88c715ba4e5583835416d893276a,fp-ablation-pretrain-morgan-bits,already_present
shift_validation/h_epoch_0_step_20000.csv,'/mnt/filesystem-test/nmr/results/ablation/fp_ablation_pretrain/runs/fp-ablation-pretrain-morgan-bits/artifacts/shift_validation/h_epoch_0_step_20000.csv' is not in the subpath of 'results/ablation/fp_ablation_pretrain/runs/fp-ablation-pretrain-morgan-bits' OR one path is relative and the other is absolute.,1019,196d88c715ba4e5583835416d893276a,fp-ablation-pretrain-morgan-bits,already_present
shift_validation/h_epoch_0_step_21000.csv,'/mnt/filesystem-test/nmr/results/ablation/fp_ablation_pretrain/runs/fp-ablation-pretrain-morgan-bits/artifacts/shift_validation/h_epoch_0_step_21000.csv' is not in the subpath of 'results/ablation/fp_ablation_pretrain/runs/fp-ablation-pretrain-morgan-bits' OR one path is relative and the other is absolute.,1015,196d88c715ba4e5583835416d893276a,fp-ablation-pretrain-morgan-bits,already_present
shift_validation/h_epoch_0_step_22000.csv,'/mnt/filesystem-test/nmr/results/ablation/fp_ablation_pretrain/runs/fp-ablation-pretrain-morgan-bits/artifacts/shift_validation/h_epoch_0_step_22000.csv' is not in the subpath of 'results/ablation/fp_ablation_pretrain/runs/fp-ablation-pretrain-morgan-bits' OR one path is relative and the other is absolute.,1024,196d88c715ba4e5583835416d893276a,fp-ablation-pretrain-morgan-bits,already_present
shift_validation/h_epoch_0_step_23000.csv,'/mnt/filesystem-test/nmr/results/ablation/fp_ablation_pretrain/runs/fp-ablation-pretrain-morgan-bits/artifacts/shift_validation/h_epoch_0_step_23000.csv' is not in the subpath of 'results/ablation/fp_ablation_pretrain/runs/fp-ablation-pretrain-morgan-bits' OR one path is relative and the other is absolute.,1016,196d88c715ba4e5583835416d893276a,fp-ablation-pretrain-morgan-bits,already_present
shift_validation/h_epoch_0_step_24000.csv,'/mnt/filesystem-test/nmr/results/ablation/fp_ablation_pretrain/runs/fp-ablation-pretrain-morgan-bits/artifacts/shift_validation/h_epoch_0_step_24000.csv' is not in the subpath of 'results/ablation/fp_ablation_pretrain/runs/fp-ablation-pretrain-morgan-bits' OR one path is relative and the other is absolute.,1017,196d88c715ba4e5583835416d893276a,fp-ablation-pretrain-morgan-bits,already_present
shift_validation/h_epoch_0_step_25000.csv,'/mnt/filesystem-test/nmr/results/ablation/fp_ablation_pretrain/runs/fp-ablation-pretrain-morgan-bits/artifacts/shift_validation/h_epoch_0_step_25000.csv' is not in the subpath of 'results/ablation/fp_ablation_pretrain/runs/fp-ablation-pretrain-morgan-bits' OR one path is relative and the other is absolute.,1015,196d88c715ba4e5583835416d893276a,fp-ablation-pretrain-morgan-bits,already_present
shift_validation/h_epoch_0_step_26000.csv,'/mnt/filesystem-test/nmr/results/ablation/fp_ablation_pretrain/runs/fp-ablation-pretrain-morgan-bits/artifacts/shift_validation/h_epoch_0_step_26000.csv' is not in the subpath of 'results/ablation/fp_ablation_pretrain/runs/fp-ablation-pretrain-morgan-bits' OR one path is relative and the other is absolute.,1018,196d88c715ba4e5583835416d893276a,fp-ablation-pretrain-morgan-bits,already_present
shift_validation/h_epoch_0_step_27000.csv,'/mnt/filesystem-test/nmr/results/ablation/fp_ablation_pretrain/runs/fp-ablation-pretrain-morgan-bits/artifacts/shift_validation/h_epoch_0_step_27000.csv' is not in the subpath of 'results/ablation/fp_ablation_pretrain/runs/fp-ablation-pretrain-morgan-bits' OR one path is relative and the other is absolute.,1012,196d88c715ba4e5583835416d893276a,fp-ablation-pretrain-morgan-bits,already_present
shift_validation/h_epoch_0_step_28000.csv,'/mnt/filesystem-test/nmr/results/ablation/fp_ablation_pretrain/runs/fp-ablation-pretrain-morgan-bits/artifacts/shift_validation/h_epoch_0_step_28000.csv' is not in the subpath of 'results/ablation/fp_ablation_pretrain/runs/fp-ablation-pretrain-morgan-bits' OR one path is relative and the other is absolute.,1016,196d88c715ba4e5583835416d893276a,fp-ablation-pretrain-morgan-bits,already_present
shift_validation/h_epoch_0_step_29000.csv,'/mnt/filesystem-test/nmr/results/ablation/fp_ablation_pretrain/runs/fp-ablation-pretrain-morgan-bits/artifacts/shift_validation/h_epoch_0_step_29000.csv' is not in the subpath of 'results/ablation/fp_ablation_pretrain/runs/fp-ablation-pretrain-morgan-bits' OR one path is relative and the other is absolute.,1023,196d88c715ba4e5583835416d893276a,fp-ablation-pretrain-morgan-bits,already_present
shift_validation/h_epoch_0_step_3000.csv,'/mnt/filesystem-test/nmr/results/ablation/fp_ablation_pretrain/runs/fp-ablation-pretrain-morgan-bits/artifacts/shift_validation/h_epoch_0_step_3000.csv' is not in the subpath of 'results/ablation/fp_ablation_pretrain/runs/fp-ablation-pretrain-morgan-bits' OR one path is relative and the other is absolute.,1014,196d88c715ba4e5583835416d893276a,fp-ablation-pretrain-morgan-bits,already_present
shift_validation/h_epoch_0_step_30000.csv,'/mnt/filesystem-test/nmr/results/ablation/fp_ablation_pretrain/runs/fp-ablation-pretrain-morgan-bits/artifacts/shift_validation/h_epoch_0_step_30000.csv' is not in the subpath of 'results/ablation/fp_ablation_pretrain/runs/fp-ablation-pretrain-morgan-bits' OR one path is relative and the other is absolute.,1022,196d88c715ba4e5583835416d893276a,fp-ablation-pretrain-morgan-bits,already_present
shift_validation/h_epoch_0_step_4000.csv,'/mnt/filesystem-test/nmr/results/ablation/fp_ablation_pretrain/runs/fp-ablation-pretrain-morgan-bits/artifacts/shift_validation/h_epoch_0_step_4000.csv' is not in the subpath of 'results/ablation/fp_ablation_pretrain/runs/fp-ablation-pretrain-morgan-bits' OR one path is relative and the other is absolute.,1020,196d88c715ba4e5583835416d893276a,fp-ablation-pretrain-morgan-bits,already_present
shift_validation/h_epoch_0_step_5000.csv,'/mnt/filesystem-test/nmr/results/ablation/fp_ablation_pretrain/runs/fp-ablation-pretrain-morgan-bits/artifacts/shift_validation/h_epoch_0_step_5000.csv' is not in the subpath of 'results/ablation/fp_ablation_pretrain/runs/fp-ablation-pretrain-morgan-bits' OR one path is relative and the other is absolute.,1019,196d88c715ba4e5583835416d893276a,fp-ablation-pretrain-morgan-bits,already_present
shift_validation/h_epoch_0_step_6000.csv,'/mnt/filesystem-test/nmr/results/ablation/fp_ablation_pretrain/runs/fp-ablation-pretrain-morgan-bits/artifacts/shift_validation/h_epoch_0_step_6000.csv' is not in the subpath of 'results/ablation/fp_ablation_pretrain/runs/fp-ablation-pretrain-morgan-bits' OR one path is relative and the other is absolute.,1017,196d88c715ba4e5583835416d893276a,fp-ablation-pretrain-morgan-bits,already_present
shift_validation/h_epoch_0_step_7000.csv,'/mnt/filesystem-test/nmr/results/ablation/fp_ablation_pretrain/runs/fp-ablation-pretrain-morgan-bits/artifacts/shift_validation/h_epoch_0_step_7000.csv' is not in the subpath of 'results/ablation/fp_ablation_pretrain/runs/fp-ablation-pretrain-morgan-bits' OR one path is relative and the other is absolute.,1018,196d88c715ba4e5583835416d893276a,fp-ablation-pretrain-morgan-bits,already_present
shift_validation/h_epoch_0_step_8000.csv,'/mnt/filesystem-test/nmr/results/ablation/fp_ablation_pretrain/runs/fp-ablation-pretrain-morgan-bits/artifacts/shift_validation/h_epoch_0_step_8000.csv' is not in the subpath of 'results/ablation/fp_ablation_pretrain/runs/fp-ablation-pretrain-morgan-bits' OR one path is relative and the other is absolute.,1018,196d88c715ba4e5583835416d893276a,fp-ablation-pretrain-morgan-bits,already_present
shift_validation/h_epoch_0_step_9000.csv,'/mnt/filesystem-test/nmr/results/ablation/fp_ablation_pretrain/runs/fp-ablation-pretrain-morgan-bits/artifacts/shift_validation/h_epoch_0_step_9000.csv' is not in the subpath of 'results/ablation/fp_ablation_pretrain/runs/fp-ablation-pretrain-morgan-bits' OR one path is relative and the other is absolute.,1019,196d88c715ba4e5583835416d893276a,fp-ablation-pretrain-morgan-bits,already_present
